radius (m)	length (m)	start_point	axis_direction	parent	extension	branch	branch_order	position_in_branch	mad	SurfCov	added	UnmodRadius (m)	Rama_podada
0.0445	0.4468	0.1111	-0.1803	-2.7174	0.112	0.0118	0.9936	0	2	1	0	1	0.01	0.4533	0	0.0445	0
0.0461	0.1318	0.1554	-0.1515	-2.2751	0.0422	0.0764	0.9962	1	3	1	0	2	0.0062	0.74	0	0.0461	0
0.0498	0.0958	0.17	-0.1558	-2.1394	-0.0237	0.2746	0.9613	2	4	1	0	3	0.0072	0.8636	0	0.0498	0
0.0511	0.1253	0.1673	-0.1451	-2.0456	-0.1106	0.1108	0.9877	3	5	1	0	4	0.0087	0.8182	0	0.0511	0
0.0484	0.1282	0.1651	-0.0802	-1.9063	-0.2702	-0.2247	0.9362	4	6	1	0	5	0.007	0.7455	0	0.0484	0
0.0463	0.0875	0.1466	-0.1154	-1.7809	-0.3682	-0.1607	0.9158	5	7	1	0	6	0.0062	0.9333	0	0.0463	0
0.0471	0.1101	0.1103	-0.1047	-1.6946	-0.0547	-0.2471	0.9675	6	8	1	0	7	0.0068	0.925	0	0.0471	0
0.0459	0.1068	0.1076	-0.1442	-1.5872	-0.1292	0.0345	0.991	7	9	1	0	8	0.0071	0.85	0	0.0459	0
0.0504	0.0865	0.108	-0.128	-1.4792	-0.1228	-0.0371	0.9917	8	10	1	0	9	0.0077	0.9394	0	0.0504	0
0.0466	0.107	0.0938	-0.1433	-1.3933	0.0081	0.0061	0.9999	9	11	1	0	10	0.007	0.9	0	0.0466	0
0.0498	0.144	0.0807	-0.1648	-1.2803	0.0655	0.2245	0.9723	10	12	1	0	11	0.0083	0.7273	0	0.0498	0
0.0459	0.0593	0.083	-0.1488	-1.1368	0.0215	0.1951	0.9806	11	13	1	0	12	0.0067	0.8	0	0.0459	0
0.0489	0.0994	0.07	-0.1425	-1.0774	0.0557	0.0875	0.9946	12	14	1	0	13	0.0074	0.8409	0	0.0489	0
0.0515	0.1059	0.0664	-0.1351	-0.9779	0.0972	-0.1533	0.9834	13	15	1	0	14	0.0084	0.8182	0	0.0515	0
0.0501	0.1428	0.0594	-0.1518	-0.8683	0.2904	0.1183	0.9496	14	16	1	0	15	0.0086	0.8182	0	0.0501	0
0.0559	0.191	0.0772	-0.122	-0.735	-0.1022	-0.0162	0.9946	15	17	1	0	16	0.0125	0.7619	0	0.0559	0
0.0589	0.1403	0.0813	-0.1486	-0.4977	-0.4254	0.7079	0.5638	16	18	1	0	17	0.0218	0.5906	0	0.0703	0
0.0621	0.0816	0.0452	-0.122	-0.399	-0.0767	0.2357	0.9688	17	19	1	0	18	0.0216	0.2068	0	0.0764	0
0.0623	0.084	0.0292	-0.0818	-0.3228	-0.1546	0.064	0.9859	18	20	1	0	19	0.024	0.1263	0	0.1806	0
0.0592	0.2113	0.1842	-0.1543	-0.2398	0.138	0.3005	0.9437	19	21	1	0	20	0.1201	0.0634	0	0.1472	0
0.0594	0.1041	0.1772	-0.1581	-0.0158	0.6877	-0.1077	0.7179	20	22	1	0	21	0.1612	0.5197	0	0.216	0
0.0577	0.2	0.2147	-0.1516	0.0588	-0.0633	-0.1177	0.991	21	23	1	0	22	0.0112	0.8132	0	0.0577	0
0.0543	0.1023	0.272	-0.1953	0.2726	-0.2338	-0.0605	0.9704	22	24	1	0	23	0.0073	0.75	0	0.0543	0
0.0513	0.0906	0.2325	-0.209	0.3706	0.2422	-0.6342	0.7342	23	25	1	0	24	0.007	0.7273	0	0.0513	0
0.0513	0.1945	0.2711	-0.2348	0.4514	0.158	-0.4753	0.8655	24	26	1	0	25	0.0084	0.5714	0	0.0515	0
0.0457	0.0761	0.2858	-0.3261	0.6161	-0.201	0.243	0.949	25	27	1	0	26	0.0053	0.35	0	0.0457	0
0.0506	0.1492	0.2782	-0.3297	0.6823	0.9043	0.2117	0.3707	26	28	1	0	27	0.0273	0.2039	0	0.0527	0
0.0445	0.0553	0.3801	-0.276	0.7544	0.4867	0.0628	0.8713	27	0	1	0	28	0.007	0.0893	0	0.01	0
0.0374	0.983	0.2247	-0.2067	-0.3037	-0.3584	-0.9137	-0.1917	20	30	9	1	1	0.0061	0.5179	0	0.0374	0
0.042	0.0991	-0.1397	-1.1087	-0.5087	-0.5412	-0.6434	0.5415	29	31	9	1	2	0.0057	0.5111	0	0.0423	0
0.034	0.1615	-0.1593	-1.1771	-0.4812	-0.2544	-0.9535	-0.1615	30	32	9	1	3	0.0048	0.475	0	0.034	0
0.0494	0.1243	-0.1719	-1.3405	-0.4672	-0.0104	-0.9749	-0.2226	31	33	9	1	4	0.007	0.5152	0	0.0525	0
0.0462	0.0768	-0.1684	-1.4546	-0.4781	-0.1036	-0.905	0.4126	32	34	9	1	5	0.005	0.4848	0	0.0485	0
0.0305	0.072	-0.1528	-1.5296	-0.4468	-0.2153	-0.8737	-0.4362	33	35	9	1	6	0.0039	0.375	0	0.0296	0
0.0305	0.0741	-0.1607	-1.6173	-0.466	-0.3394	-0.4981	-0.798	34	36	9	1	7	0.0039	0.3333	0	0.029	0
0.0304	0.0647	-0.1838	-1.6488	-0.5289	-0.7218	-0.1898	-0.6656	35	37	9	1	8	0.0035	0.5	0	0.03	0
0.0303	0.1185	-0.2256	-1.6702	-0.5687	-0.8624	-0.3217	0.3908	36	38	9	1	9	0.0039	0.5313	0	0.0268	0
0.0337	0.0909	-0.3543	-1.7004	-0.537	-0.5124	-0.6137	0.6006	37	39	9	1	10	0.0049	0.625	0	0.0337	0
0.0301	0.1076	-0.407	-1.7523	-0.4819	-0.5065	-0.8215	0.2617	38	40	9	1	11	0.0039	0.6563	0	0.0282	0
0.0359	0.1068	-0.4603	-1.8433	-0.4545	-0.4918	-0.4384	0.7523	39	41	9	1	12	0.0047	0.5625	0	0.0359	0
0.0401	0.0877	-0.5111	-1.8883	-0.3642	-0.4582	-0.8574	0.2341	40	42	9	1	13	0.0053	0.5556	0	0.0402	0
0.0445	0.1402	-0.5714	-1.9499	-0.3157	-0.607	-0.7931	-0.0506	41	43	9	1	14	0.0062	0.62	0	0.0451	0
0.0428	0.0666	-0.66	-2.0567	-0.323	-0.6591	-0.5091	0.5535	42	44	9	1	15	0.0059	0.6667	0	0.043	0
0.0517	0.1333	-0.6896	-2.0971	-0.2799	-0.4896	-0.8333	0.2568	43	45	9	1	16	0.0073	0.5278	0	0.0557	0
0.0522	0.1198	-0.8205	-2.1559	-0.2202	-0.2086	-0.627	0.7506	44	46	9	1	17	0.0065	0.5333	0	0.0562	0
0.037	0.1058	-0.8419	-2.2796	-0.1331	-0.9939	-0.0688	-0.0864	45	47	9	1	18	0.0051	0.625	0	0.037	0
0.0317	0.1327	-0.9412	-2.3232	-0.1147	-0.9918	-0.1119	0.0617	46	48	9	1	19	0.006	0.425	0	0.0317	0
0.0448	0.1215	-1.099	-2.3649	-0.1168	-0.5776	0.2705	0.7702	47	49	9	1	20	0.0044	0.3455	0	0.0513	0
0.0287	0.0745	-1.1587	-2.3507	-0.0239	-0.7573	-0.4045	-0.5127	48	0	9	1	21	0.0137	0.2857	0	0.0262	0
0.0265	0.4178	0.1783	-0.048	-0.0678	-0.5639	0.7766	-0.2811	20	51	12	1	1	0.007	0.3	1	0.0265	0
0.0265	0.1484	-0.0573	0.2765	-0.1852	-0.4217	-0.7311	0.5363	50	0	12	1	2	0.007	0.3	0	0.0265	0
0.0399	0.4789	0.0198	-0.1071	-0.702	-0.8459	0.2201	0.4859	16	53	14	1	1	0.0064	0.2963	1	0.04	0
0.0392	0.0606	-0.3853	-0.0017	-0.4693	-0.3859	0.164	0.9079	52	54	14	1	2	0.0064	0.2963	0	0.04	0
0.0391	0.0578	-0.4556	-0.0091	-0.4195	-0.2735	0.8652	-0.4203	53	55	14	1	3	0.0049	0.2222	0	0.041	0
0.0281	0.409	-0.509	0.0356	-0.4599	-0.0675	0.9831	-0.1701	54	56	14	1	4	0.0042	0.425	0	0.0262	0
0.0283	0.0776	-0.5461	0.4375	-0.523	0.0288	0.9973	0.067	55	57	14	1	5	0.004	0.5417	0	0.0283	0
0.0353	0.0783	-0.5621	0.5144	-0.5329	-0.0959	0.992	0.0821	56	58	14	1	6	0.006	0.4583	0	0.0353	0
0.037	0.1112	-0.5528	0.6391	-0.491	-0.8442	0.4808	-0.2371	57	59	14	1	7	0.0046	0.5313	0	0.0378	0
0.0348	0.0761	-0.6432	0.6976	-0.5156	-0.5372	0.5757	-0.6164	58	60	14	1	8	0.0058	0.75	0	0.0348	0
0.0342	0.0948	-0.6906	0.7349	-0.5589	-0.7115	0.7027	-0.0067	59	61	14	1	9	0.0043	0.4375	0	0.0351	0
0.03	0.0976	-0.7364	0.825	-0.562	-0.7343	0.6772	0.0472	60	62	14	1	10	0.0039	0.3438	0	0.03	0
0.0262	0.0927	-0.781	0.9107	-0.5588	-0.5788	0.7878	-0.2108	61	0	14	1	11	0.0142	0.1143	0	0.01	0
0.0356	0.575	0.063	-0.1719	-0.356	0.3204	-0.9062	0.2761	18	64	16	1	1	0.006	0.2593	1	0.0392	0
0.0307	0.0839	0.2541	-0.6925	-0.1865	-0.2996	-0.9238	0.2386	63	65	16	1	2	0.0047	0.1	0	0.0392	0
0.0198	0.13	0.2443	-0.7653	-0.1675	0.2591	-0.7027	0.6626	64	66	16	1	3	0.0022	0.2	0	0.0247	0
0.01	0.022	0.2791	-0.8453	-0.0607	0.4051	-0.8102	0.4235	65	0	16	1	4	0.01	0.05	0	0.01	0
0.0255	0.481	-0.0127	-0.1363	-0.3103	-0.8242	-0.5623	0.0665	18	68	27	1	1	0.0035	0.25	1	0.0274	0
0.0224	0.1081	-0.4092	-0.4068	-0.2783	-0.9028	0.3921	-0.1768	67	69	27	1	2	0.0035	0.25	0	0.0274	0
0.0145	0.1079	-0.507	-0.3696	-0.2823	-0.8734	0.465	0.1445	68	70	27	1	3	0.01	0.05	0	0.01	0
0.01	0.062	-0.6013	-0.3195	-0.2667	-0.7659	0.5523	-0.3292	69	0	27	1	4	0.01	0.05	0	0.01	0
0.0257	0.6669	0.0406	-0.1893	-0.4846	-0.6895	-0.6893	0.2225	17	72	30	1	1	0.0081	0.275	1	0.0273	0
0.0228	0.134	-0.4192	-0.6489	-0.3361	-0.776	0.0095	0.6306	71	73	30	1	2	0.0081	0.275	0	0.0273	0
0.0145	0.0661	-0.5332	-0.6511	-0.272	-0.5253	-0.7589	0.385	72	74	30	1	3	0.01	0.05	0	0.01	0
0.01	0.0656	-0.5679	-0.7013	-0.2466	-0.6034	-0.4985	-0.6225	73	0	30	1	4	0.01	0.05	0	0.01	0
0.0398	0.2247	0.0735	-0.0475	-0.2534	0.4958	0.3848	0.7785	19	76	31	1	1	0.0092	0.5778	1	0.0398	0
0.0398	0.1443	0.1849	0.039	-0.0785	0.1991	0.4855	0.8512	75	77	31	1	2	0.0092	0.5778	0	0.0398	0
0.0362	0.0542	0.2118	0.1189	0.0408	0.8672	0.3012	0.3966	76	78	31	1	3	0.0048	0.5417	0	0.0362	0
0.0359	0.2593	0.2366	0.155	0.0831	0.776	0.2755	0.5674	77	79	31	1	4	0.0072	0.4444	0	0.0359	0
0.0359	0.0269	0.4283	0.2163	0.2386	0.3814	0.3443	0.8579	78	80	31	1	5	0.0172	0.3194	0	0.0267	0
0.0359	0.0937	0.4331	0.2221	0.2712	0.8205	0.1982	0.5361	79	81	31	1	6	0.0074	0.1667	0	0.0234	0
0.0362	0.1749	0.5106	0.257	0.3152	0.9974	-0.0087	0.072	80	82	31	1	7	0.0032	0.3125	0	0.0362	0
0.0359	0.1062	0.6866	0.2983	0.2948	0.9497	-0.2122	-0.2302	81	83	31	1	8	0.0027	0.2813	0	0.0345	0
0.0359	0.0001	0.7909	0.2862	0.2856	0.9804	-0.0457	-0.1918	82	84	31	1	9	0.0087	0.0972	0	0.01	0
0.0359	0.0301	0.8255	0.2794	0.2779	0.2808	0.7658	0.5786	83	0	31	1	10	0.0067	0.1	0	0.01	0
0.0592	0.5125	-0.0014	-0.0257	-0.3147	-0.4448	0.8808	-0.1622	19	86	36	1	1	0.0125	0.5111	1	0.0705	0
0.0589	0.3575	-0.2259	0.4253	-0.3918	0.2362	0.969	-0.0722	85	87	36	1	2	0.02	0.4327	0	0.0705	0
0.0461	0.1985	-0.1261	0.7748	-0.4165	-0.2022	0.9628	0.179	86	88	36	1	3	0.0075	0.7143	0	0.0461	0
0.0477	0.201	-0.1887	0.9358	-0.346	-0.5208	0.7829	0.3403	87	89	36	1	4	0.027	0.5533	0	0.0773	0
0.0494	0.1441	-0.2745	1.1199	-0.2911	-0.6676	0.6524	0.3587	88	90	36	1	5	0.0067	0.7273	0	0.0494	0
0.0534	0.1121	-0.3842	1.202	-0.243	-0.6738	0.6706	0.3102	89	91	36	1	6	0.0073	0.7083	0	0.0534	0
0.0545	0.2512	-0.5154	1.2582	-0.2115	-0.1634	0.3194	0.9334	90	92	36	1	7	0.035	0.2531	0	0.1034	0
0.062	0.0221	-0.5753	1.372	-0.0056	-0.576	0.3176	0.7532	91	93	36	1	8	0.0373	0.7389	0	0.062	0
0.0538	0.2446	-0.5512	1.4172	-0.0584	0.203	0.808	0.5531	92	94	36	1	9	0.0192	0.4973	0	0.0656	0
0.048	0.1202	-0.5789	1.6205	0.0756	0.0646	0.9488	0.3092	93	95	36	1	10	0.0086	0.2909	0	0.0516	0
0.0399	0.0783	-0.5765	1.6934	0.1677	-0.1676	0.797	0.5802	94	96	36	1	11	0.0047	0.7778	0	0.0399	0
0.0381	0.0803	-0.5835	1.7588	0.2096	-0.1092	0.837	0.5362	95	97	36	1	12	0.0052	0.7917	0	0.0381	0
0.0391	0.086	-0.593	1.8451	0.2383	0.1349	0.6006	0.7881	96	98	36	1	13	0.0161	0.4872	0	0.0449	0
0.0401	0.0648	-0.5848	1.9197	0.2884	-0.2142	0.5774	0.7879	97	99	36	1	14	0.0056	0.7778	0	0.0401	0
0.0384	0.0747	-0.6139	1.9624	0.3329	0.2285	0.9471	0.2253	98	100	36	1	15	0.0057	0.8148	0	0.0384	0
0.0323	0.068	-0.6092	2.0347	0.3727	0.7095	0.6166	0.3413	99	101	36	1	16	0.0051	0.625	0	0.0323	0
0.0282	0.0837	-0.5818	2.1049	0.3872	0.3096	0.4829	0.8191	100	102	36	1	17	0.0029	0.5417	0	0.0236	0
0.0312	0.1129	-0.5698	2.1439	0.4613	0.1663	0.7728	0.6124	101	103	36	1	18	0.0048	0.575	0	0.0312	0
0.0361	0.0669	-0.5622	2.2365	0.5177	-0.0902	0.8884	0.4501	102	104	36	1	19	0.005	0.75	0	0.0361	0
0.0345	0.036	-0.5755	2.2985	0.5492	0.3527	0.6664	0.6569	103	105	36	1	20	0.0042	0.3333	0	0.0353	0
0.0257	0.1203	-0.5808	2.3532	0.5641	0.7237	0.5446	0.4239	104	106	36	1	21	0.0043	0.2813	0	0.0257	0
0.0342	0.187	-0.4787	2.4254	0.6026	0.0393	0.8614	0.5064	105	107	36	1	22	0.0028	0.1212	0	0.0482	0
0.0236	0.3112	-0.4815	2.5596	0.7425	-0.0155	0.8601	0.5099	106	0	36	1	23	0.0052	0.0316	0	0.01	0
0.0257	0.5929	0.243	-0.1424	-0.2413	0.9798	0.1985	-0.0254	20	109	37	1	1	0.01	0.05	1	0.01	0
0.0255	0.0643	0.8115	-0.0272	-0.234	0.8745	-0.059	0.4815	108	110	37	1	2	0.0026	0.075	0	0.01	0
0.0253	0.4073	0.9014	-0.027	-0.2438	0.6182	-0.6466	0.447	109	111	37	1	3	0.0047	0.0714	0	0.0189	0
0.025	0.0979	1.1152	-0.3147	-0.0456	0.6103	-0.6695	0.4235	110	112	37	1	4	0.0065	0.12	0	0.01	0
0.0354	0.1139	1.1993	-0.3414	0.0154	0.6717	-0.6223	0.4019	111	113	37	1	5	0.007	0.0833	0	0.0795	0
0.0245	0.1331	1.2719	-0.4301	0.042	0.4906	-0.6863	0.537	112	114	37	1	6	0.0023	0.275	0	0.0244	0
0.0243	0.0538	1.3471	-0.5047	0.0912	0.8837	-0.4659	0.0444	113	115	37	1	7	0.0027	0.2917	0	0.0243	0
0.0241	0.0928	1.3959	-0.5236	0.0955	0.7644	-0.3201	0.5596	114	116	37	1	8	0.003	0.2813	0	0.0212	0
0.0243	0.0638	1.4677	-0.5648	0.1301	0.599	-0.6541	0.4619	115	117	37	1	9	0.0025	0.375	0	0.0243	0
0.024	0.1177	1.5087	-0.5946	0.1887	0.6859	-0.6946	0.217	116	118	37	1	10	0.0083	0.2639	0	0.024	0
0.0247	0.0386	1.5525	-0.6768	0.2372	0.4643	-0.4917	0.7366	117	119	37	1	11	0.0102	0.3889	0	0.0247	0
0.0331	0.0569	1.5783	-0.6991	0.2552	0.5579	-0.5714	0.6019	118	120	37	1	12	0.0043	0.4583	0	0.0344	0
0.0343	0.1157	1.5965	-0.7431	0.2817	0.5147	-0.8044	0.2968	119	121	37	1	13	0.0049	0.5625	0	0.0352	0
0.0352	0.0769	1.6737	-0.8143	0.3378	0.6833	-0.7117	0.1632	120	122	37	1	14	0.0044	0.3704	0	0.0396	0
0.0386	0.0795	1.717	-0.8741	0.3579	0.6925	-0.5285	0.4911	121	123	37	1	15	0.0047	0.5556	0	0.0409	0
0.0337	0.0949	1.7932	-0.9065	0.3724	0.5046	-0.8576	0.0994	122	124	37	1	16	0.0044	0.5625	0	0.0347	0
0.0329	0.0346	1.853	-0.9786	0.4153	0.6895	-0.7229	-0.0439	123	125	37	1	17	0.017	0.3864	0	0.0361	0
0.0213	0.0799	1.87	-1.0101	0.4183	0.4992	0.0814	0.8626	124	126	37	1	18	0.002	0.4167	0	0.0202	0
0.0232	0.1483	1.9023	-1.0161	0.493	0.7565	-0.1719	0.631	125	127	37	1	19	0.002	0.375	0	0.0232	0
0.0246	0.1363	2.008	-1.065	0.604	0.8197	0.1763	0.545	126	128	37	1	20	0.0091	0.213	0	0.0246	0
0.0202	0.09	2.1206	-1.0271	0.6784	0.8821	-0.0592	0.4674	127	0	37	1	21	0.0068	0.18	0	0.01	0
0.0313	0.719	0.0676	-0.22	-0.4944	-0.1879	-0.9811	0.0458	17	130	42	1	1	0.0098	0.3214	1	0.0313	0
0.0313	0.2086	-0.0675	-0.9255	-0.4614	-0.8954	-0.3214	0.3083	129	0	42	1	2	0.0098	0.3214	0	0.0313	0
0.0378	0.2031	0.314	-0.3622	0.7269	0.3701	-0.6988	0.6121	27	132	47	1	1	0.0095	0.4519	0	0.0378	0
0.0431	0.0789	0.3845	-0.4858	0.8794	0.5443	-0.6596	0.5184	131	133	47	1	2	0.0066	0.6667	0	0.0432	0
0.0426	0.1372	0.4195	-0.5441	0.9212	0.4358	-0.4502	0.7793	132	134	47	1	3	0.007	0.5778	0	0.043	0
0.0383	0.1285	0.4797	-0.6029	1.0295	0.5031	-0.4375	0.7453	133	135	47	1	4	0.0059	0.6444	0	0.0383	0
0.0327	0.1036	0.5412	-0.6667	1.1185	0.3903	-0.698	0.6004	134	136	47	1	5	0.0044	0.75	0	0.0327	0
0.0361	0.0912	0.5869	-0.7599	1.1709	0.5451	-0.2393	0.8035	135	137	47	1	6	0.0054	0.7188	0	0.0361	0
0.0383	0.0767	0.637	-0.7928	1.236	0.5279	-0.4952	0.69	136	138	47	1	7	0.0051	0.9259	0	0.0383	0
0.0464	0.0861	0.6866	-0.824	1.2891	0.3994	-0.5572	0.728	137	139	47	1	8	0.007	0.8333	0	0.0464	0
0.0466	0.0849	0.73	-0.8631	1.361	0.4433	-0.8234	0.3542	138	140	47	1	9	0.0066	0.5909	0	0.0495	0
0.0286	0.1698	0.77	-0.91	1.3881	0.3251	0.0844	0.9419	139	141	47	1	10	0.0045	0.4583	0	0.0269	0
0.0281	0.0786	0.8354	-0.8999	1.546	0.2286	0.0639	0.9714	140	142	47	1	11	0.0034	0.5833	0	0.0261	0
0.0278	0.0453	0.8607	-0.8799	1.6303	0.4911	-0.5832	0.647	141	143	47	1	12	0.003	0.375	0	0.0245	0
0.0274	0.118	0.8809	-0.9079	1.6721	0.6482	-0.7614	0.0091	142	144	47	1	13	0.0076	0.2	0	0.02	0
0.0269	0.0893	0.9598	-0.9984	1.672	0.3901	-0.2671	0.8812	143	145	47	1	14	0.0029	0.375	0	0.0242	0
0.0352	0.4602	1.0319	-0.9534	1.795	0.3189	-0.6287	0.7093	144	146	47	1	15	0.0156	0.0441	0	0.0693	0
0.0374	0.103	1.1521	-1.2634	2.1279	0.6167	-0.787	0.0169	145	147	47	1	16	0.0075	0.1389	0	0.0518	0
0.0311	0.1858	1.2105	-1.3572	2.1058	0.6815	-0.6962	0.2255	146	148	47	1	17	0.0183	0.1333	0	0.0341	0
0.0261	0.1221	1.2997	-1.4577	2.1166	0.2514	-0.5392	-0.8038	147	149	47	1	18	0.0072	0.1	0	0.01	0
0.0261	0.052	1.2861	-1.4625	2.1169	0.8003	-0.277	0.5317	148	0	47	1	19	0.01	0.05	0	0.01	0
0.0564	0.6217	0.2642	-0.1302	0.0066	0.6553	0.5953	-0.465	21	151	48	1	1	0.0124	0.5741	1	0.0571	0
0.0562	0.2554	0.6716	0.2399	-0.2825	0.0137	0.9547	0.2973	150	152	48	1	2	0.0124	0.5741	0	0.0571	0
0.055	0.1335	0.6856	0.4682	-0.1449	0.9748	0.1883	-0.1194	151	153	48	1	3	0.0093	0.625	0	0.0551	0
0.0598	0.1395	0.8005	0.5413	-0.1412	0.9442	0.1908	0.2686	152	154	48	1	4	0.0108	0.7949	0	0.0598	0
0.0552	0.1519	0.9525	0.5705	-0.1164	0.0173	0.9746	0.2234	153	155	48	1	5	0.0276	0.5056	0	0.0626	0
0.0518	0.2005	1.0079	0.7295	-0.04	0.4357	0.5763	-0.6914	154	156	48	1	6	0.0298	0.2941	0	0.0738	0
0.0474	0.2576	1.0559	0.8207	-0.1094	0.757	-0.6173	0.214	155	157	48	1	7	0.0393	0.081	0	0.0947	0
0.0478	0.0541	1.2363	0.5713	0.0364	0.8601	0.2854	0.4229	156	158	48	1	8	0.0126	0.1719	0	0.0622	0
0.0344	0.1842	1.3116	0.6238	0.0176	0.8216	0.0024	0.5701	157	159	48	1	9	0.0043	0.4167	0	0.0344	0
0.0356	0.1207	1.4671	0.6101	0.1223	0.7295	0.1993	0.6543	158	160	48	1	10	0.0036	0.4	0	0.0356	0
0.0367	0.1777	1.5609	0.6171	0.2148	0.6657	0.5885	0.4588	159	161	48	1	11	0.0033	0.25	0	0.0367	0
0.0294	0.0816	1.669	0.7233	0.2981	0.1202	0.979	-0.1644	160	162	48	1	12	0.003	0.2917	0	0.0294	0
0.0281	0.0702	1.676	0.8245	0.2791	0.6515	0.2677	0.7098	161	163	48	1	13	0.0097	0.25	0	0.0208	0
0.0269	0.1652	1.7474	0.8318	0.3183	0.4883	0.3528	0.7982	162	164	48	1	14	0.0034	0.475	0	0.0256	0
0.0327	0.0796	1.8254	0.883	0.4533	0.6085	0.1116	0.7857	163	165	48	1	15	0.0036	0.6667	0	0.0327	0
0.033	0.0793	1.8763	0.8822	0.517	0.7417	0.2635	0.6168	164	166	48	1	16	0.004	0.7083	0	0.033	0
0.0245	0.0914	1.9351	0.9188	0.5662	0.8701	-0.0116	0.4928	165	167	48	1	17	0.0042	0.4583	0	0.0245	0
0.0329	0.0718	2.0036	0.9242	0.6444	0.9493	0.1154	0.2924	166	168	48	1	18	0.0038	0.4167	0	0.0351	0
0.0281	0.0591	2.0748	0.9731	0.6999	0.6945	-0.4951	0.522	167	169	48	1	19	0.0028	0.3333	0	0.0282	0
0.0245	0.0806	2.1204	0.9409	0.7284	0.6255	0.5234	0.5786	168	170	48	1	20	0.0072	0.25	0	0.0186	0
0.0272	0.1941	2.1694	1.0266	0.7927	0.2305	-0.3606	0.9038	169	171	48	1	21	0.0065	0.11	0	0.0401	0
0.0245	0.0453	2.2156	0.9693	0.967	0.3186	0.0508	0.9465	170	172	48	1	22	0.0036	0.0714	0	0.01	0
0.0245	0.0475	2.2339	0.9723	1.0089	0.2156	0.1401	0.9664	171	0	48	1	23	0.0026	0.1	0	0.01	0
0.0562	0.7207	0.1249	-0.1549	-0.2366	-0.9985	-0.0097	0.0542	20	174	49	1	1	0.0076	0.1176	1	0.0809	0
0.0478	0.1845	-0.5943	-0.1677	-0.2325	-0.5823	0.8006	-0.1415	173	175	49	1	2	0.0068	0.0875	0	0.0809	0
0.0423	0.101	-0.7117	-0.0604	-0.2608	-0.7014	0.1349	0.6999	174	176	49	1	3	0	0.0159	0	0.0585	0
0.0337	0.0562	-0.7852	-0.021	-0.1928	-0.6846	0.007	0.7289	175	177	49	1	4	0.0139	0.0331	0	0.0435	0
0.0222	0.1516	-0.824	-0.0159	-0.1504	-0.7926	0.1279	-0.5961	176	178	49	1	5	0.0034	0.2813	0	0.0222	0
0.0175	0.0444	-0.9477	0.025	-0.2308	-0.7543	0.1681	-0.6347	177	179	49	1	6	0.011	0.2639	0	0.0193	0
0.0121	0.0585	-0.9883	0.0175	-0.2637	-0.9068	0.3678	0.2061	178	0	49	1	7	0.0036	0.0833	0	0.0215	0
0.0419	0.5989	-0.0003	0.0256	-0.4342	0.1102	0.6401	0.7603	17	181	1223	1	1	0.0026	0.2917	0	0.0217	1
0.0413	0.1486	0.057	0.4189	0.0263	0.7	0.698	-0.1512	180	182	1223	1	2	0.004	0.3	0	0.031	1
0.0454	0.083	0.1762	0.5266	0.0226	0.4827	0.6889	-0.5407	181	183	1223	1	3	0.0057	0.6333	0	0.0454	1
0.0456	0.098	0.2191	0.5832	-0.0029	0.957	0.2577	-0.1328	182	184	1223	1	4	0.006	0.625	0	0.0456	1
0.0547	0.0948	0.2786	0.6783	0.014	0.8933	0.4489	-0.0222	183	185	1223	1	5	0.0078	0.7292	0	0.0547	1
0.0604	0.1152	0.3773	0.7144	0.0167	0.1608	0.7868	0.5958	184	186	1223	1	6	0.008	0.9038	0	0.0604	1
0.0634	0.1418	0.4131	0.8122	0.0616	0.1619	0.9056	0.3921	185	187	1223	1	7	0.008	0.7286	0	0.0634	1
0.0588	0.1047	0.4367	0.9392	0.1676	0.6934	0.7204	0.0112	186	188	1223	1	8	0.0088	0.7885	0	0.0588	1
0.0557	0.1157	0.4986	1.0356	0.1591	0.5338	0.5605	0.6332	187	189	1223	1	9	0.0107	0.6615	0	0.0603	1
0.0553	0.1966	0.5657	1.1103	0.2137	0.0543	0.8769	0.4776	188	190	1223	1	10	0.0114	0.631	0	0.0565	1
0.0537	0.1113	0.6136	1.2867	0.3286	-0.4265	0.645	0.6341	189	191	1223	1	11	0.0087	0.5972	0	0.0546	1
0.0514	0.125	0.6084	1.4136	0.3873	-0.5686	0.5648	0.598	190	192	1223	1	12	0.0076	0.7091	0	0.0514	1
0.0524	0.1768	0.5715	1.5185	0.4492	-0.5553	0.7135	0.4272	191	193	1223	1	13	0.0128	0.4643	0	0.0649	1
0.0445	0.1002	0.5205	1.6208	0.5252	0.4388	0.8611	-0.2568	192	194	1223	1	14	0.0058	0.6	0	0.0446	1
0.0405	0.0748	0.5541	1.7212	0.5247	0.6448	0.7489	-0.1526	193	195	1223	1	15	0.0052	0.8519	0	0.0405	1
0.0427	0.0917	0.6055	1.7751	0.5117	0.6312	0.635	0.4454	194	196	1223	1	16	0.0058	0.8333	0	0.0427	1
0.0472	0.0861	0.6751	1.8387	0.5441	0.0038	0.8452	0.5345	195	197	1223	1	17	0.006	0.8333	0	0.0472	1
0.047	0.0871	0.6627	1.9186	0.5903	0.4344	0.7511	0.4972	196	198	1223	1	18	0.0057	0.8	0	0.047	1
0.041	0.059	0.6996	1.9854	0.646	0.5338	0.8441	-0.0509	197	199	1223	1	19	0.0056	0.6296	0	0.0429	1
0.0355	0.1009	0.7279	2.0306	0.6465	-0.1334	0.6588	0.7404	198	200	1223	1	20	0.0052	0.8125	0	0.0355	1
0.0352	0.0708	0.7191	2.0895	0.7359	0.5777	0.7849	0.2242	199	201	1223	1	21	0.0053	0.75	0	0.0352	1
0.0357	0.2263	0.7854	2.1324	0.7644	0.1844	0.8573	0.4806	200	202	1223	1	22	0.0056	0.3125	0	0.038	1
0.0237	0.0811	0.8353	2.3049	0.889	0.6106	0.6058	0.5101	201	203	1223	1	23	0.0026	0.4167	0	0.0209	1
0.0226	0.1183	0.882	2.3539	0.9338	0.6466	0.5169	0.561	202	204	1223	1	24	0.002	0.375	0	0.018	1
0.0225	0.1018	0.9635	2.4235	0.986	0.6602	0.5205	0.5415	203	205	1223	1	25	0.0077	0.3125	0	0.0225	1
0.0221	0.0915	1.0268	2.4773	1.0469	0.7233	0.5591	0.4052	204	206	1223	1	26	0.0028	0.2188	0	0.0221	1
0.022	0.053	1.0905	2.5314	1.0837	0.5431	0.5207	0.6587	205	207	1223	1	27	0.0099	0.225	0	0.022	1
0.0209	0.0072	1.1198	2.5587	1.1183	0.6794	0.4323	0.5929	206	0	1223	1	28	0.01	0.05	0	0.01	1
0.0414	0.4189	0.2439	-0.1031	0.0708	0.8682	0.0011	0.4962	22	209	300	1	1	0.0073	0.4691	0	0.0414	0
0.0355	0.0812	0.6016	-0.1136	0.2855	0.8917	-0.2524	0.3758	208	210	300	1	2	0.0051	0.5833	0	0.0355	0
0.0361	0.1355	0.6695	-0.1034	0.3612	0.9864	-0.0736	0.147	209	211	300	1	3	0.0043	0.4	0	0.0361	0
0.0457	0.1179	0.8292	-0.1292	0.3751	0.3988	0.3325	0.8547	210	212	300	1	4	0.0069	0.475	0	0.0471	0
0.039	0.1068	0.8856	-0.0888	0.4739	0.2091	0.0393	0.9771	211	213	300	1	5	0.0052	0.6389	0	0.039	0
0.0472	0.1097	0.9176	-0.0589	0.5846	0.315	-0.3372	0.8872	212	214	300	1	6	0.0074	0.6136	0	0.0479	0
0.0423	0.0705	0.9491	-0.0886	0.6856	0.682	-0.085	0.7264	213	215	300	1	7	0.0054	0.7037	0	0.0423	0
0.0344	0.0859	0.987	-0.0945	0.746	0.5738	0.5161	0.6359	214	216	300	1	8	0.0039	0.5	0	0.0344	0
0.0344	0.077	1.0563	-0.0961	0.8133	0.8998	0.423	0.1067	215	217	300	1	9	0.0092	0.2727	0	0.0269	0
0.0401	0.4287	1.144	-0.0734	0.8768	0.9161	0.314	-0.2493	216	218	300	1	10	0.0335	0.033	0	0.2339	0
0.0344	0.1539	1.504	0.0589	0.8574	0.9153	0.2043	0.3471	217	219	300	1	11	0.0018	0.0239	0	0.01	0
0.0344	0.1187	1.6449	0.0926	0.908	0.9999	0	0.0103	218	0	300	1	12	0.004	0.0682	0	0.01	0
0.0487	0.1459	0.2604	-0.2144	0.5143	-0.3758	0.9198	0.1129	25	221	306	1	1	0.0082	0.1143	1	0.0649	0
0.0487	0.2767	0.2067	-0.0815	0.5144	0.8132	-0.574	0.0965	220	222	306	1	2	0.0102	0.067	0	0.0649	0
0.0186	0.1504	0.4192	-0.1629	0.5602	0.9194	0.0521	0.3899	221	223	306	1	3	0.0018	0.2	0	0.021	0
0.01	0.0692	0.5579	-0.1547	0.6059	0.9884	-0.1489	0.0292	222	0	306	1	4	0.01	0.05	0	0.01	0
0.0238	0.0887	0.2607	-0.3534	0.6009	-0.6935	-0.6921	-0.2002	25	225	307	1	1	0.0016	0.4167	0	0.0238	1
0.0242	0.085	0.1959	-0.4093	0.5864	-0.8446	-0.2027	-0.4955	224	226	307	1	2	0.003	0.4583	0	0.0242	1
0.0304	0.0963	0.1089	-0.4319	0.5457	-0.0106	-0.2161	-0.9763	225	227	307	1	3	0.0037	0.4688	0	0.0308	1
0.0346	0.0755	0.0795	-0.4362	0.472	-0.5983	-0.7748	-0.2044	226	228	307	1	4	0.0087	0.2045	0	0.0441	1
0.0285	0.104	0.0477	-0.4907	0.4357	-0.7639	-0.331	-0.554	227	229	307	1	5	0.0038	0.2917	0	0.0294	1
0.0238	0.0566	-0.0283	-0.5327	0.3852	-0.1833	0.6208	0.7623	228	0	307	1	6	0.0051	0.125	0	0.01	1
0.0395	0.1124	0.2697	-0.2249	0.5367	-0.2215	0.7728	0.5947	25	231	308	1	1	0.0057	0.3611	1	0.0395	0
0.0395	0.099	0.2448	-0.1381	0.6035	0.8554	0.186	0.4835	230	232	308	1	2	0.0057	0.3611	0	0.0395	0
0.0376	0.1321	0.303	-0.1398	0.6229	0.5482	-0.8326	0.0797	231	233	308	1	3	0.0165	0.0606	0	0.0474	0
0.0176	0.0338	0.3741	-0.2143	0.6175	0.0109	-0.4094	-0.9123	232	234	308	1	4	0.0047	0.1333	0	0.01	0
0.0147	0.0919	0.3757	-0.2335	0.5831	0.8653	-0.1185	0.487	233	0	308	1	5	0.0049	0.1167	0	0.0214	0
0.0276	0.177	0.3321	-0.3644	0.6006	0.4955	-0.7987	0.3415	25	236	310	1	1	0.0035	0.3333	1	0.0285	1
0.0268	0.0767	0.4198	-0.5057	0.6611	0.6276	-0.661	0.4113	235	237	310	1	2	0.0035	0.3333	0	0.0285	1
0.0238	0.0492	0.4673	-0.564	0.6908	0.4219	-0.2457	0.8727	236	0	310	1	3	0.006	0.375	0	0.0238	1
0.0427	0.2155	0.2973	-0.2727	0.6268	0.2812	0.5081	0.8141	25	239	311	1	1	0.01	0.1104	0	0.052	0
0.0269	0.1503	0.3542	-0.1883	0.8002	0.7383	-0.1613	0.6549	238	240	311	1	2	0.0034	0.25	0	0.024	0
0.028	0.1008	0.4625	-0.2187	0.8973	0.8479	-0.4324	0.3067	239	241	311	1	3	0.003	0.25	0	0.028	0
0.0211	0.0667	0.5362	-0.2721	0.9331	0.6733	-0.5648	0.4771	240	242	311	1	4	0.0021	0.25	0	0.0211	0
0.024	0.1444	0.587	-0.3037	0.9627	0.5931	-0.308	0.7439	241	243	311	1	5	0.0025	0.225	0	0.0288	0
0.0102	0.0072	0.6639	-0.3373	1.0835	0.6077	-0.3699	0.7028	242	244	311	1	6	0.01	0.05	0	0.01	0
0.0065	0.0698	0.6682	-0.34	1.0886	0.9647	-0.2597	-0.0445	243	0	311	1	7	0.01	0.05	0	0.01	0
0.027	0.1001	-0.2216	-1.4068	-0.4895	-0.9026	-0.3725	-0.2158	32	246	150	2	1	0.0065	0.1875	1	0.0286	0
0.021	0.1038	-0.3147	-1.4445	-0.5165	-0.1269	-0.983	0.1325	245	247	150	2	2	0.013	0.2	0	0.0286	0
0.01	0.0832	-0.3288	-1.5505	-0.5137	-0.9368	-0.2937	0.1901	246	0	150	2	3	0.01	0.05	0	0.01	0
0.0155	0.0461	-0.1481	-1.5669	-0.4942	0.5404	0.3426	-0.7685	34	249	152	2	1	0.0096	0.375	1	0.0348	0
0.0155	0.1657	-0.1163	-1.551	-0.5401	-0.7954	-0.2927	-0.5308	248	0	152	2	2	0.0169	0.3	0	0.0348	0
0.0369	0.2235	-0.1407	-1.548	-0.4088	0.2312	-0.7816	0.5794	33	251	154	2	1	0.005	0.5833	1	0.0373	0
0.0367	0.064	-0.0891	-1.7226	-0.2794	-0.0811	-0.7997	0.595	250	252	154	2	2	0.005	0.5833	0	0.0373	0
0.0324	0.1315	-0.0987	-1.7724	-0.2435	-0.395	0.1727	0.9023	251	253	154	2	3	0.005	0.325	0	0.0325	0
0.0311	0.0649	-0.159	-1.7507	-0.1297	-0.3935	0.7536	0.5265	252	0	154	2	4	0.0052	0.625	0	0.0311	0
0.0315	0.2356	-0.2176	-1.4922	-0.4458	-0.2017	-0.8351	0.5118	33	255	155	2	1	0.0062	0.25	0	0.0315	0
0.0283	0.1865	-0.2823	-1.69	-0.2725	-0.1944	-0.9773	-0.0841	254	256	155	2	2	0.0049	0.4167	0	0.0283	0
0.0351	0.0969	-0.3416	-1.8708	-0.2535	-0.2238	-0.9689	-0.1052	255	257	155	2	3	0.003	0.3333	0	0.0362	0
0.0342	0.0807	-0.3448	-1.9657	-0.2726	-0.014	-0.9967	0.0803	256	258	155	2	4	0.0034	0.4167	0	0.0345	0
0.0283	0.0123	-0.3484	-2.0347	-0.2429	0.511	-0.7484	0.4227	257	259	155	2	5	0.0099	0.3571	0	0.0234	0
0.0354	0.2075	-0.3213	-2.0377	-0.2084	-0.3491	-0.8345	0.4262	258	260	155	2	6	0.0109	0.1333	0	0.0502	0
0.0283	0.1018	-0.3846	-2.2032	-0.1459	0.012	-0.9594	-0.2816	259	261	155	2	7	0.0072	0.05	0	0.0206	0
0.0283	0.0091	-0.3748	-2.2864	-0.1927	0.2057	-0.8088	-0.551	260	0	155	2	8	0.01	0.05	0	0.01	0
0.0101	0.4009	-0.6691	-2.0234	-0.3385	0.3998	0.9156	0.0431	42	0	165	2	1	0.0379	0.1143	0	0.0417	0
0.0129	0.1637	-0.639	-2.1013	-0.2608	0.9292	0.343	0.1378	44	264	168	2	1	0.0115	0.2222	1	0.0406	0
0.0129	0.1127	-0.4857	-2.0381	-0.2575	-0.5908	-0.7463	-0.3064	263	265	168	2	2	0.0186	0.15	0	0.0406	0
0.01	0.1227	-0.5078	-2.1469	-0.2667	-0.5744	-0.7792	0.251	264	0	168	2	3	0.01	0.05	0	0.01	0
0.0259	0.2222	-0.7684	-2.1634	-0.2407	0.9177	-0.1103	-0.3817	45	267	171	2	1	0.0076	0.35	1	0.0265	0
0.0221	0.1388	-0.5645	-2.1879	-0.3255	-0.7941	-0.6041	0.0668	266	268	171	2	2	0.0076	0.35	0	0.0265	0
0.01	0.0181	-0.6844	-2.3016	-0.2992	-0.7755	-0.1038	-0.6228	267	0	171	2	3	0.01	0.05	0	0.01	0
0.0341	0.0709	-0.8781	-2.1765	-0.1472	-0.7997	0.5125	0.3129	45	270	177	2	1	0.0082	0.2917	1	0.0341	0
0.0341	0.1556	-0.9348	-2.1401	-0.125	-0.7921	-0.5446	-0.2757	269	271	177	2	2	0.0082	0.2917	0	0.0341	0
0.0369	0.2364	-1.0627	-2.1861	-0.1339	-0.8399	-0.4111	0.3544	270	272	177	2	3	0.0199	0.3937	0	0.0381	0
0.0337	0.0769	-1.2564	-2.2975	-0.0554	-0.5959	-0.4531	0.6631	271	273	177	2	4	0.0047	0.2917	0	0.0354	0
0.0231	0.108	-1.3143	-2.2997	0.0015	-0.559	-0.3449	0.754	272	274	177	2	5	0.0083	0.4792	0	0.0209	0
0.0305	0.0457	-1.3785	-2.3473	0.0565	-0.6494	-0.6714	0.3572	273	275	177	2	6	0.0039	0.25	0	0.0346	0
0.0209	0.0741	-1.4273	-2.3593	0.087	-0.77	-0.4319	-0.4697	274	276	177	2	7	0.0023	0.0571	0	0.01	0
0.0209	0.0809	-1.4672	-2.3911	0.0508	-0.0811	-0.0495	-0.9955	275	0	177	2	8	0.0037	0.14	0	0.01	0
0.0289	0.0851	-0.8953	-2.3077	-0.11	-0.0485	-0.6635	0.7466	46	278	180	2	1	0.0079	0.4167	1	0.0289	0
0.0289	0.0595	-0.8995	-2.3642	-0.0464	-0.1122	-0.1311	0.985	277	0	180	2	2	0.0079	0.4167	0	0.0289	0
0.0115	0.1313	-0.52	0.4375	-0.5342	0.3829	0.0322	0.9232	56	280	189	2	1	0.0113	0.1714	0	0.0338	0
0.01	0.1303	-0.4782	0.4696	-0.4167	-0.9575	-0.2881	0.0111	279	0	189	2	2	0.01	0.05	0	0.01	0
0.0258	0.1025	-0.5721	0.476	-0.5287	-0.6957	-0.016	-0.7181	56	282	191	2	1	0.0079	0.4167	0	0.0258	0
0.0269	0.1749	-0.6641	0.4892	-0.6326	-0.5603	0.5253	0.6404	281	283	191	2	2	0.0041	0.45	0	0.0297	0
0.0267	0.0692	-0.7679	0.5858	-0.5416	0.0855	0.9772	0.1943	282	284	191	2	3	0.0127	0.375	0	0.0317	0
0.0265	0.0744	-0.7608	0.6732	-0.5334	-0.9389	-0.032	-0.3426	283	285	191	2	4	0.0122	0.225	0	0.042	0
0.0258	0.1411	-0.885	0.7145	-0.5547	-0.5905	-0.6949	-0.4105	284	0	191	2	5	0.0085	0.08	0	0.01	0
0.0429	0.0797	-0.6289	0.6483	-0.4854	-0.3834	-0.6913	0.6124	58	287	200	2	1	0.0069	0.3333	1	0.0342	0
0.0429	0.176	-0.6634	0.5939	-0.4376	0.0813	0.9462	0.3133	286	288	200	2	2	0.0145	0.2222	0	0.0342	0
0.0429	0.1109	-0.6397	0.7615	-0.4026	0.5954	0.7391	0.3151	287	289	200	2	3	0.0042	0.4722	0	0.0429	0
0.0429	0.1259	-0.5769	0.851	-0.3693	0.5537	0.4093	0.7252	288	290	200	2	4	0.0058	0.55	0	0.045	0
0.0429	0.0846	-0.4977	0.9202	-0.292	0.0446	0.6025	0.7969	289	291	200	2	5	0.006	0.6667	0	0.0467	0
0.0429	0.0674	-0.4879	0.9764	-0.227	-0.6119	0.7767	0.1494	290	0	200	2	6	0.0258	0.0325	0	0.0275	0
0.0303	0.1912	-0.5285	0.5225	-0.5241	0.7998	0.5557	0.2269	57	293	201	2	1	0.0039	0.4375	0	0.0301	0
0.0311	0.1943	-0.3451	0.6619	-0.4946	-0.7393	0.6732	-0.0131	292	294	201	2	2	0.0028	0.3438	0	0.0317	0
0.0301	0.1034	-0.4736	0.7927	-0.5009	0.0981	0.9165	0.3877	293	295	201	2	3	0.011	0.28	0	0.0249	0
0.0301	0.0602	-0.457	0.8839	-0.4524	-0.1359	0.8709	0.4724	294	0	201	2	4	0.0074	0.15	0	0.01	0
0.0184	0.354	-0.6356	0.7255	-0.4963	0.4292	-0.7326	0.5282	59	297	205	2	1	0.0191	0.2833	0	0.042	0
0.0171	0.0425	-0.4893	0.4565	-0.2816	0.0113	-0.9454	-0.3258	296	0	205	2	2	0.0119	0.3	0	0.0319	0
0.0138	0.2162	-0.5668	0.5894	-0.4914	0.0226	0.9996	-0.0159	57	0	206	2	1	0.0132	0.31	0	0.0271	0
0.0291	0.3565	-0.1544	0.4697	-0.3954	0.8488	0.5269	-0.0434	86	300	231	2	1	0.0041	0.2	1	0.0307	0
0.0225	0.1212	0.1449	0.6579	-0.4065	-0.2067	0.9501	-0.2337	299	301	231	2	2	0.0057	0.0857	0	0.0307	0
0.01	0.0775	0.1347	0.7776	-0.4154	-0.1691	0.9804	-0.1007	300	0	231	2	3	0.01	0.05	0	0.01	0
0.042	0.1988	-0.2204	0.5795	-0.3525	-0.3385	0.6019	0.7233	86	303	232	2	1	0.0044	0.3333	1	0.042	0
0.0417	0.0707	-0.2877	0.6991	-0.2087	0.0083	0.5586	0.8294	302	304	232	2	2	0.0044	0.3333	0	0.042	0
0.0355	0.1058	-0.2734	0.7865	-0.1911	0.4765	0.4891	0.7305	303	305	232	2	3	0.0042	0.25	0	0.0361	0
0.0171	0.102	-0.24	0.8714	-0.1151	0.8881	0.4513	-0.0874	304	306	232	2	4	0.0045	0.0875	0	0.01	0
0.0086	0.0724	-0.1453	0.9156	-0.1186	0.0569	0.9527	0.2986	305	0	232	2	5	0.01	0.05	0	0.01	0
0.0128	0.3327	-0.1893	0.8598	-0.3867	-0.7117	-0.6892	0.1363	87	308	233	2	1	0.0292	0.2205	1	0.0407	0
0.0128	0.2854	-0.4255	0.648	-0.3142	0.4229	0.7582	-0.4962	307	309	233	2	2	0.0522	0.1533	0	0.0407	0
0.01	0.0859	-0.3217	0.8727	-0.4819	0.0979	0.9648	0.2442	308	0	233	2	3	0.01	0.05	0	0.01	0
0.01	0.2333	-0.2032	1.0807	-0.2737	0.0798	-0.1908	0.9784	89	311	241	2	1	0.01	0.05	0	0.01	0
0.01	0.1245	-0.1792	1.0374	-0.0435	-0.3277	0.8543	0.4034	310	0	241	2	2	0.01	0.05	0	0.01	0
0.0386	0.1329	-0.3931	1.1669	-0.2434	-0.7687	-0.633	0.0911	89	313	242	2	1	0.0042	0.3704	1	0.0392	0
0.0381	0.0808	-0.4953	1.0827	-0.2313	-0.7266	0.1007	-0.6797	312	314	242	2	2	0.0042	0.3704	0	0.0392	0
0.0277	0.0914	-0.5422	1.0867	-0.2817	-0.1997	0.4015	0.8938	313	315	242	2	3	0.0029	0.4583	0	0.0277	0
0.029	0.0807	-0.5653	1.1291	-0.2034	0.1148	0.5895	0.7995	314	316	242	2	4	0.0039	0.4583	0	0.029	0
0.0277	0.0906	-0.5453	1.1784	-0.1115	-0.2078	0.978	0.0204	315	0	242	2	5	0.0021	0.1	0	0.01	0
0.0168	0.1411	-0.3841	1.2162	-0.1846	0.3183	-0.0487	0.9467	90	318	246	2	1	0.0041	0.3333	1	0.0161	0
0.0164	0.085	-0.3391	1.2093	-0.051	0.5857	0.3242	0.7428	317	319	246	2	2	0.0041	0.3333	0	0.0161	0
0.0179	0.1185	-0.2636	1.2236	0.0357	-0.1765	0.7618	0.6233	318	0	246	2	3	0.0054	0.2917	0	0.0204	0
0.0391	0.3115	-0.6114	1.3327	-0.0432	-0.5526	-0.6024	-0.576	92	321	252	2	1	0.0104	0.3778	1	0.0391	0
0.0391	0.1274	-0.7835	1.1451	-0.2226	0.123	-0.0573	-0.9907	320	322	252	2	2	0.0104	0.3778	0	0.0391	0
0.0358	0.1551	-0.806	1.1144	-0.3076	0.2071	-0.9207	-0.3308	321	323	252	2	3	0.0059	0.3958	0	0.0358	0
0.0333	0.077	-0.788	0.9935	-0.3601	-0.8299	-0.5221	0.1967	322	324	252	2	4	0.0038	0.4167	0	0.0333	0
0.0393	0.1715	-0.8428	0.9839	-0.3473	-0.913	0.2937	0.2832	323	325	252	2	5	0.0041	0.3333	0	0.0409	0
0.0333	0.113	-0.9559	1.0557	-0.2604	-0.6547	0.6562	0.3752	324	326	252	2	6	0.0074	0.2	0	0.0223	0
0.0333	0.0587	-1.0512	1.1063	-0.2198	-0.6985	0.6038	0.3842	325	327	252	2	7	0.0078	0.2917	0	0.0173	0
0.0333	0.0596	-1.1063	1.1581	-0.225	-0.7109	0.3833	0.5897	326	328	252	2	8	0.0077	0.1212	0	0.01	0
0.0333	0.0786	-1.1375	1.1892	-0.1989	-0.3631	0.8651	0.346	327	0	252	2	9	0.0056	0.0606	0	0.01	0
0.0227	0.1978	-0.5432	1.2045	-0.2376	-0.6306	-0.7471	0.21	91	330	254	2	1	0.0068	0.3333	1	0.0236	0
0.0221	0.046	-0.668	1.0567	-0.1961	-0.4109	0.7689	-0.4899	329	331	254	2	2	0.0068	0.3333	0	0.0236	0
0.0199	0.0684	-0.7192	1.0221	-0.2633	-0.8905	0.4508	-0.0622	330	332	254	2	3	0.002	0.2917	0	0.0202	0
0.0185	0.072	-0.8001	1.0358	-0.277	-0.6666	0.7428	0.0628	331	0	254	2	4	0.0051	0.15	0	0.0185	0
0.0411	0.3486	-0.2496	0.9475	-0.3494	-0.9806	0.1885	-0.054	88	334	256	2	1	0.0051	0.3333	1	0.0411	0
0.0401	0.1797	-0.5914	1.0132	-0.3682	-0.7202	0.6934	-0.0219	333	335	256	2	2	0.0051	0.3333	0	0.0411	0
0.0341	0.1459	-0.7414	1.1169	-0.3869	-0.7104	0.7038	-0.007	334	336	256	2	3	0.0053	0.3	0	0.0352	0
0.0296	0.0681	-0.8557	1.1913	-0.3486	-0.6437	0.6931	0.3244	335	337	256	2	4	0.0038	0.3333	0	0.0312	0
0.0211	0.1794	-0.8971	1.2434	-0.3336	-0.6825	0.6882	0.2459	336	338	256	2	5	0.0033	0.125	0	0.0225	0
0.0093	0.1154	-1.0267	1.3503	-0.2772	-0.7331	0.5782	0.358	337	0	256	2	6	0.01	0.05	0	0.01	0
0.025	0.2527	-0.5255	1.2265	-0.1359	-0.1691	-0.9019	0.3975	91	0	261	2	1	0.0151	0.4259	0	0.025	0
0.0251	0.344	-0.6163	1.5826	0.0277	-0.606	-0.3585	-0.7101	94	341	264	2	1	0.0066	0.275	1	0.0266	0
0.0222	0.141	-0.8248	1.4592	-0.2166	0.0699	-0.5993	-0.7975	340	342	264	2	2	0.0066	0.275	0	0.0266	0
0.0143	0.0374	-0.7995	1.3715	-0.3313	-0.185	-0.2025	-0.9617	341	343	264	2	3	0.01	0.05	0	0.01	0
0.01	0.0407	-0.8072	1.3632	-0.3777	-0.367	0.9297	-0.0326	342	0	264	2	4	0.01	0.05	0	0.01	0
0.0345	0.3121	-0.5973	1.8453	0.3006	-0.0689	0.0039	0.9976	97	345	265	2	1	0.0024	0.375	1	0.0313	0
0.0345	0.0875	-0.6188	1.8465	0.6119	-0.7268	0.298	0.6189	344	346	265	2	2	0.0024	0.375	0	0.0313	0
0.0345	0.1442	-0.6845	1.8833	0.6574	-0.4217	0.5204	0.7425	345	347	265	2	3	0.0044	0.45	0	0.0345	0
0.0345	0.0845	-0.7422	1.9623	0.7648	-0.5164	0.3338	0.7886	346	348	265	2	4	0.0085	0.1818	0	0.0262	0
0.0345	0.1316	-0.7863	1.995	0.8302	-0.1931	0.2419	0.9509	347	349	265	2	5	0.0055	0.053	0	0.0225	0
0.0345	0.0004	-0.7911	2.0236	0.956	-0.0047	0.1552	0.9879	348	350	265	2	6	0.0019	0.0909	0	0.01	0
0.036	0.1981	-0.7803	2.0323	0.9773	-0.3567	0.9136	-0.1953	349	351	265	2	7	0.0263	0.0833	0	0.087	0
0.0345	0.0347	-0.8477	2.207	0.9341	0.6246	0.6444	-0.4412	350	352	265	2	8	0.008	0.0909	0	0.01	0
0.0345	0.3489	-0.788	2.2235	0.9275	0.1476	0.9886	0.0284	351	353	265	2	9	0.0126	0.026	0	0.01	0
0.0345	0.0625	-0.7695	2.5486	0.9362	-0.5051	0.8283	0.2424	352	0	265	2	10	0.0051	0.1136	0	0.01	0
0.0502	0.4649	-0.6077	1.3422	0.0057	-0.8707	0.3996	-0.2868	91	355	1225	2	1	0.0199	0.2917	0	0.0555	0
0.0434	0.1218	-0.9937	1.553	-0.1208	-0.712	0.6239	-0.3221	354	356	1225	2	2	0.0052	0.525	0	0.0434	0
0.0369	0.0235	-1.0936	1.6081	-0.1738	-0.5158	0.6742	-0.5286	355	357	1225	2	3	0.0155	0.3932	0	0.0369	0
0.0442	0.0714	-1.1278	1.5726	-0.2085	-0.8566	0.4659	-0.2218	356	358	1225	2	4	0.0074	0.1571	0	0.0522	0
0.0288	0.1032	-1.2024	1.6004	-0.2076	-0.5742	0.7939	-0.2001	357	359	1225	2	5	0.0025	0.2188	0	0.024	0
0.0269	0.1498	-1.2839	1.6687	-0.2041	-0.528	0.8492	-0.0076	358	360	1225	2	6	0.0045	0.125	0	0.0181	0
0.0251	0.0657	-1.3463	1.8001	-0.2058	-0.235	0.9558	0.1765	359	361	1225	2	7	0.0027	0.375	0	0.0233	0
0.0264	0.2151	-1.383	1.8605	-0.221	-0.6156	0.6604	0.4299	360	362	1225	2	8	0.0032	0.3571	0	0.0264	0
0.0215	0.0673	-1.5145	2.0041	-0.1333	-0.6011	0.79	0.1207	361	363	1225	2	9	0.0022	0.25	0	0.0185	0
0.0241	0.0826	-1.5686	2.0284	-0.1085	-0.7396	0.5614	0.3713	362	364	1225	2	10	0.0026	0.3333	0	0.0243	0
0.0215	0.0427	-1.6309	2.0757	-0.0798	-0.7961	0.0752	0.6005	363	0	1225	2	11	0.0082	0.4167	0	0.0215	0
0.021	0.1744	-0.5493	1.7094	0.1491	0.4055	-0.6564	0.6361	94	366	687	2	1	0.0078	0.375	1	0.022	0
0.0198	0.1183	-0.4785	1.595	0.26	0.1574	0.7141	-0.6821	365	367	687	2	2	0.0078	0.375	0	0.022	0
0.0144	0.0491	-0.4778	1.7022	0.1988	0.8409	0.5139	0.1697	366	0	687	2	3	0.0128	0.225	0	0.0346	0
0.027	0.1968	-0.588	1.9233	0.3433	0.5396	-0.8136	0.2164	99	369	689	2	1	0.0053	0.25	1	0.029	0
0.0236	0.1537	-0.4857	1.7622	0.3895	-0.0513	-0.9435	-0.3273	368	370	689	2	2	0.0062	0.1625	0	0.029	0
0.0149	0.0543	-0.4949	1.6049	0.3519	0.9701	-0.218	-0.1065	369	371	689	2	3	0.01	0.05	0	0.01	0
0.01	0.1225	-0.4423	1.593	0.3461	0.4642	-0.884	-0.0543	370	0	689	2	4	0.01	0.05	0	0.01	0
0.0119	0.2794	-0.5905	1.7733	0.2641	0.0299	-0.204	0.9785	96	373	692	2	1	0.0302	0.0929	0	0.0534	0
0.0106	0.0223	-0.5877	1.7441	0.5282	-0.7188	0.0871	0.6897	372	374	692	2	2	0.01	0.05	0	0.01	0
0.01	0.0671	-0.6038	1.746	0.5436	-0.2573	0.9433	0.2096	373	0	692	2	3	0.01	0.05	0	0.01	0
0.0292	0.1168	-0.5513	2.3434	0.5703	0.6954	-0.5877	0.4136	105	376	982	2	1	0.004	0.4167	0	0.0292	0
0.0292	0.129	-0.465	2.2862	0.6215	0.886	-0.4372	0.1542	375	377	982	2	2	0.0024	0.225	0	0.0315	0
0.0292	0.0536	-0.3775	2.1983	0.6663	0.8309	-0.467	0.3027	376	0	982	2	3	0.0057	0.125	0	0.01	0
0.0342	0.1955	1.5664	-0.6767	0.2809	0.4595	-0.4563	0.762	118	379	1009	2	1	0.0157	0.5455	0	0.0469	0
0.0342	0.0952	1.6638	-0.7546	0.4297	0.611	-0.3929	0.6872	378	380	1009	2	2	0.0154	0.5606	0	0.0437	0
0.0342	0.0924	1.7162	-0.7786	0.4958	0.0476	-0.0308	0.9984	379	381	1009	2	3	0.005	0.625	0	0.0342	0
0.0342	0.0632	1.7124	-0.7871	0.5966	0.7492	-0.568	0.3409	380	382	1009	2	4	0.0056	0.6296	0	0.0391	0
0.0342	0.2039	1.7396	-0.8301	0.6227	0.2873	-0.2337	0.9289	381	383	1009	2	5	0.0135	0.3223	0	0.043	0
0.0342	0.0902	1.7532	-0.8747	0.8297	0.3202	-0.3517	0.8796	382	384	1009	2	6	0.0026	0.2917	0	0.0336	0
0.0342	0.1087	1.7777	-0.8795	0.9583	0.5358	-0.7209	0.4396	383	385	1009	2	7	0.0052	0.1818	0	0.0718	0
0.0342	0.0259	1.8393	-0.9572	1.0032	0.4597	-0.8335	0.3067	384	0	1009	2	8	0.0044	0.3333	0	0.0337	0
0.0071	0.2009	1.5425	-0.6408	0.2243	-0.1121	-0.4492	0.8864	117	387	1106	2	1	0.0101	0.06	1	0.0177	0
0.0071	0.0923	1.5227	-0.7391	0.4004	0.2977	-0.1309	0.9456	386	388	1106	2	2	0.0102	0.24	0	0.0177	0
0.0103	0.0875	1.5574	-0.7552	0.479	0.7695	0.0002	0.6386	387	0	1106	2	3	0.01	0.28	0	0.0209	0
0.0125	0.1788	1.5895	-0.6926	0.2961	-0.4987	0.8268	-0.2601	119	390	1107	2	1	0.0152	0.2111	0	0.0385	0
0.0109	0.0673	1.5081	-0.5277	0.2676	-0.9235	0.0225	0.3829	389	391	1107	2	2	0.01	0.05	0	0.01	0
0.01	0.0812	1.446	-0.5262	0.2933	-0.5296	0.3755	0.7606	390	0	1107	2	3	0.01	0.05	0	0.01	0
0.0094	0.1409	1.9497	-1.0176	0.5439	0.4904	0.4818	0.7262	126	393	1109	2	1	0.0137	0.225	0	0.0268	0
0.0095	0.098	2.0102	-0.9528	0.6554	-0.6834	0.5736	-0.4516	392	0	1109	2	2	0.01	0.05	0	0.01	0
0.0108	0.0393	1.9019	-0.9939	0.4995	0.6901	0.5878	0.4222	126	395	1161	2	1	0.0085	0.2333	0	0.0261	0
0.0089	0.0639	1.9264	-0.9545	0.5225	0.3421	-0.2965	0.8916	394	0	1161	2	2	0.0106	0.18	0	0.0188	0
0.0069	0.1803	0.757	-0.8927	1.4261	0.2747	-0.816	0.5086	140	397	1228	2	1	0.0365	0.17	0	0.0571	0
0.0034	0.348	0.7925	-1.0321	1.5483	0.5493	-0.7132	0.4354	396	398	1228	2	2	0.0271	0.0381	0	0.0237	0
0.0039	0.0203	0.9687	-1.2801	1.6638	0.3968	-0.902	-0.17	397	0	1228	2	3	0.0064	0.1	0	0.01	0
0.0184	0.5437	0.2525	-0.0656	-0.0011	-0.1764	0.9774	-0.1163	150	400	327	2	1	0.0153	0.2714	1	0.0474	0
0.0184	0.415	0.1552	0.4692	-0.0632	0.8408	0.4576	-0.2893	399	401	327	2	2	0.0296	0.2524	0	0.0474	0
0.01	0.049	0.4805	0.6675	-0.2084	-0.547	0.4905	0.6784	400	0	327	2	3	0.01	0.05	0	0.01	0
0.0221	0.0991	0.6717	0.2193	-0.2301	0.0016	-0.4099	0.9121	151	403	328	2	1	0.0137	0.325	1	0.0475	0
0.0221	0.1	0.6755	0.1802	-0.1433	0.7302	-0.3745	0.5714	402	404	328	2	2	0.0255	0.2333	0	0.0475	0
0.01	0.0465	0.7752	0.1741	-0.095	0.772	-0.6291	0.091	403	0	328	2	3	0.01	0.05	0	0.01	0
0.0534	0.2278	0.7283	0.3374	-0.2623	0.9848	0.0439	-0.1682	151	406	333	2	1	0.0041	0.1765	1	0.0769	0
0.0534	0.1167	0.9321	0.3247	-0.2907	0.6181	-0.231	0.7514	405	407	333	2	2	0.0092	0.1275	0	0.0769	0
0.0373	0.0475	0.9947	0.3007	-0.1973	0.0733	-0.831	0.5514	406	408	333	2	3	0.0085	0.2083	0	0.0435	0
0.0283	0.0722	1.0037	0.2536	-0.1727	-0.1707	-0.3169	0.933	407	0	333	2	4	0.0059	0.2188	0	0.0283	0
0.0241	0.2088	0.7527	0.4765	-0.0978	0.0852	0.2207	0.9716	152	410	338	2	1	0.0087	0.4375	0	0.0241	0
0.0241	0.0781	0.783	0.5384	0.1159	-0.6229	-0.0382	0.7814	409	411	338	2	2	0.0112	0.14	0	0.01	0
0.0241	0.0388	0.7186	0.5077	0.1823	-0.2475	0.3211	0.9141	410	0	338	2	3	0.0084	0.175	0	0.01	0
0.031	0.2843	1.0306	0.802	-0.0739	-0.8049	0.5784	-0.1323	156	0	344	2	1	0.0096	0.3333	0	0.031	0
0.0293	0.1732	1.0647	0.7251	-0.0423	0.557	0.0824	0.8264	155	414	347	2	1	0.0093	0.1222	0	0.0212	0
0.0417	0.1159	1.1287	0.7328	0.1443	-0.2464	0.9684	-0.0373	413	415	347	2	2	0.0098	0.1786	0	0.0566	0
0.0344	0.1249	1.1102	0.8214	0.1512	-0.7032	0.0387	0.7099	414	416	347	2	3	0.0029	0.2813	0	0.0351	0
0.0242	0.1394	1.0011	0.8068	0.1999	-0.794	-0.2612	0.549	415	417	347	2	4	0.0037	0.175	0	0.0242	0
0.0281	0.1346	0.884	0.7739	0.3049	-0.8143	-0.5692	-0.1133	416	418	347	2	5	0.0075	0.1571	0	0.0485	0
0.0113	0.0857	0.7651	0.7132	0.3081	-0.7161	-0.6644	0.2141	417	419	347	2	6	0.01	0.05	0	0.01	0
0.0087	0.0425	0.776	0.689	0.3417	0.1253	-0.6327	0.7642	418	0	347	2	7	0.01	0.05	0	0.01	0
0.0491	0.2531	0.9894	0.5865	-0.0702	0.6441	0.0732	0.7614	154	421	348	2	1	0.0089	0.2532	1	0.1016	0
0.0489	0.1948	1.1623	0.5519	0.1215	0.8616	0.1509	0.4846	420	422	348	2	2	0.0252	0.3063	0	0.1016	0
0.0462	0.1183	1.3494	0.5347	0.1966	0.5646	-0.105	0.8187	421	423	348	2	3	0.0077	0.5	0	0.0462	0
0.0477	0.1471	1.4209	0.5316	0.2905	0.2962	0.1447	0.9441	422	424	348	2	4	0.0075	0.5273	0	0.0481	0
0.0353	0.0829	1.4784	0.5699	0.4346	-0.6519	0.3228	0.6862	423	425	348	2	5	0.0063	0.5	0	0.0353	0
0.0472	0.0454	1.4433	0.5883	0.5226	-0.5395	0.6723	0.5068	424	426	348	2	6	0.0088	0.0933	0	0.0637	0
0.0411	0.1283	1.4589	0.6725	0.6064	-0.8185	-0.0373	0.5733	425	427	348	2	7	0.0048	0.2889	0	0.0411	0
0.042	0.0475	1.3612	0.6739	0.7039	-0.7667	0.6382	0.0696	426	428	348	2	8	0.0044	0.4074	0	0.042	0
0.0416	0.1185	1.2992	0.6516	0.73	-0.1463	0.453	0.8794	427	429	348	2	9	0.0054	0.5833	0	0.0416	0
0.0427	0.0902	1.3028	0.7051	0.8295	0.2103	0.3748	0.903	428	430	348	2	10	0.0058	0.5833	0	0.0427	0
0.0411	0.1031	1.3023	0.7452	0.9162	0.3812	0.5575	0.7375	429	431	348	2	11	0.0056	0.6944	0	0.0411	0
0.0372	0.0744	1.3537	0.7985	0.9898	0.3321	0.474	0.8155	430	432	348	2	12	0.0054	0.875	0	0.0372	0
0.0387	0.0664	1.3857	0.8208	1.0659	0.341	0.7927	0.5053	431	433	348	2	13	0.0051	0.6667	0	0.0387	0
0.0344	0.0656	1.4166	0.8898	1.1115	0.5014	-0.6643	0.5543	432	434	348	2	14	0.0045	0.4167	0	0.0344	0
0.0344	0.1158	1.4815	0.8587	1.1216	0.5302	0.3021	0.7923	433	435	348	2	15	0.0084	0.1515	0	0.0206	0
0.0393	0.3108	1.5402	0.8617	1.2214	0.4586	0.1811	0.87	434	436	348	2	16	0.0027	0.0889	0	0.0414	0
0.0344	0.0689	1.6994	0.9255	1.4766	0.6143	0.191	0.7656	435	437	348	2	17	0.0087	0.2727	0	0.0259	0
0.0344	0.2175	1.7445	0.9442	1.5218	0.9572	-0.1151	0.2656	436	438	348	2	18	0.0083	0.0455	0	0.025	0
0.0344	0.1889	1.9507	0.8956	1.5909	0.9846	0.0017	0.1751	437	0	348	2	19	0.0026	0.0455	0	0.01	0
0.0314	0.3402	1.2072	0.5474	0.0705	-0.5219	-0.4598	0.7185	157	440	349	2	1	0.0043	0.375	1	0.0319	0
0.0308	0.1686	1.0296	0.391	0.315	0.9731	-0.1999	0.1147	439	441	349	2	2	0.0043	0.375	0	0.0319	0
0.0272	0.1094	1.2163	0.338	0.3329	-0.1507	-0.2459	0.9575	440	442	349	2	3	0.0031	0.375	0	0.0265	0
0.0294	0.0705	1.1982	0.3358	0.4279	-0.9394	0.0679	0.3359	441	0	349	2	4	0.0056	0.275	0	0.0338	0
0.0422	0.432	0.8048	0.5689	-0.0827	0.0656	0.4249	0.9029	153	444	1229	2	1	0.0393	0.1599	1	0.0437	0
0.0419	0.4188	0.8331	0.7524	0.3074	0.485	0.6451	-0.5904	443	445	1229	2	2	0.0393	0.1599	0	0.0437	0
0.0449	0.0835	1.0402	1.0144	0.0588	0.1917	-0.0609	0.9796	444	446	1229	2	3	0.0187	0.2933	0	0.0985	0
0.0315	0.035	1.0436	1.0753	0.1437	0.4764	0.0501	0.8778	445	447	1229	2	4	0.004	0.4167	0	0.0315	0
0.0313	0.0822	1.0812	1.0941	0.1824	-0.1982	-0.204	0.9587	446	448	1229	2	5	0.0101	0.24	0	0.0259	0
0.0447	0.0836	1.0443	1.1087	0.2605	-0.2816	-0.164	0.9454	447	449	1229	2	6	0.0045	0.3333	0	0.0495	0
0.0363	0.2348	1.0292	1.0996	0.3317	0.5365	0.3345	0.7748	448	450	1229	2	7	0.0054	0.4063	0	0.0363	0
0.0313	0.062	1.1542	1.1724	0.5206	0.5204	0.6205	0.5866	449	451	1229	2	8	0.0035	0.5	0	0.0313	0
0.0386	0.1476	1.1715	1.2009	0.5679	0.3445	0.4137	0.8427	450	452	1229	2	9	0.0043	0.3778	0	0.0386	0
0.0377	0.1161	1.2308	1.2729	0.6861	0.2423	0.3279	0.9131	451	453	1229	2	10	0.0038	0.375	0	0.0377	0
0.0313	0.0603	1.26	1.3154	0.788	0.1783	0.6433	0.7446	452	454	1229	2	11	0.0129	0.2716	0	0.027	0
0.0392	0.1867	1.2418	1.3417	0.8483	0.4886	-0.057	0.8707	453	455	1229	2	12	0.0056	0.0769	0	0.046	0
0.0387	0.2506	1.3056	1.3269	1.0033	-0.2675	0.022	0.9633	454	456	1229	2	13	0.006	0.0769	0	0.0469	0
0.0313	0.3147	1.2632	1.3686	1.23	0.1119	0.3069	0.9452	455	457	1229	2	14	0.0096	0.024	0	0.026	0
0.0313	0.2089	1.2984	1.5418	1.4603	0.134	0.6529	0.7455	456	458	1229	2	15	0.0021	0.0455	0	0.01	0
0.0313	0.0937	1.3107	1.4535	1.5751	0.3048	-0.1913	0.933	457	0	1229	2	16	0.0052	0.12	0	0.01	0
0.0324	0.0736	1.2137	0.714	-0.1131	0.3757	0.1569	-0.9134	156	460	754	2	1	0.0099	0.3125	1	0.0324	0
0.0314	0.1099	1.2413	0.7255	-0.1804	0.5508	0.8146	0.1819	459	461	754	2	2	0.0099	0.3125	0	0.0324	0
0.0187	0.0632	1.2882	0.8256	-0.1766	0.7449	0.6301	-0.2193	460	462	754	2	3	0.0019	0.2917	0	0.017	0
0.0171	0.1167	1.3436	0.8613	-0.1859	0.5319	0.8037	-0.2668	461	463	754	2	4	0.0027	0.25	0	0.0184	0
0.0063	0.0476	1.3938	0.9599	-0.2137	0.2048	0.8465	-0.4915	462	0	754	2	5	0.01	0.05	0	0.01	0
0.0222	0.2873	1.0082	0.6796	0.0561	0.0025	-0.4608	0.8875	155	465	755	2	1	0.0044	0.3125	1	0.0227	0
0.02	0.1095	1.0089	0.5472	0.3111	0.1787	-0.8306	0.5274	464	466	755	2	2	0.0044	0.3125	0	0.0227	0
0.0155	0.1413	1.0293	0.4397	0.3991	-0.8714	-0.4404	-0.2162	465	467	755	2	3	0.008	0.1286	0	0.0213	0
0.01	0.0873	0.9077	0.367	0.3717	-0.9909	-0.1281	0.0415	466	0	755	2	4	0.01	0.05	0	0.01	0
0.031	0.1338	1.8478	0.9106	0.4502	0.6281	0.7733	-0.0865	164	469	1126	2	1	0.009	0.2222	1	0.0331	0
0.031	0.2442	1.9318	1.014	0.4386	-0.0851	0.1079	0.9905	468	470	1126	2	2	0.009	0.2222	0	0.0331	0
0.0153	0.047	1.9301	1.0232	0.6834	-0.48	-0.4	0.7808	469	471	1126	2	3	0.0076	0.1286	0	0.01	0
0.01	0.0526	1.9165	1.0089	0.7193	-0.1527	0.4538	0.8779	470	0	1126	2	4	0.01	0.05	0	0.01	0
0.01	0.1298	-0.9048	0.0034	-0.2385	0.5822	0.188	-0.791	177	473	361	2	1	0.01	0.05	1	0.01	0
0.01	0.1874	-0.8292	0.0279	-0.3412	-0.395	0.5612	0.7273	472	0	361	2	2	0.01	0.05	0	0.01	0
0.0241	0.1028	-1.014	0.0167	-0.2524	0.5962	-0.2209	0.7719	179	475	1230	2	1	0.0062	0.5	0	0.0241	0
0.0241	0.109	-0.9683	-0.0153	-0.1742	-0.0856	0.0194	0.9961	474	476	1230	2	2	0.0042	0.2188	0	0.0277	0
0.0241	0.0513	-0.9863	-0.0333	-0.0511	0.6159	0.2697	0.7402	475	0	1230	2	3	0.0071	0.2	0	0.01	0
0.0433	1.4194	0.2149	0.5354	-0.0076	-0.0869	-0.9915	-0.0968	183	478	54	2	1	0.0115	0.5165	1	0.0576	1
0.0431	0.2052	0.0932	-0.8714	-0.1373	-0.7397	-0.6415	0.203	477	479	54	2	2	0.0214	0.4935	0	0.0576	1
0.043	0.15	-0.0269	-1.0303	-0.0747	-0.6099	-0.7862	-0.0996	478	480	54	2	3	0.0234	0.5952	0	0.0619	1
0.043	0.1844	-0.1213	-1.139	-0.0437	0.1147	-0.9727	0.2019	479	481	54	2	4	0.0334	0.6643	0	0.0809	1
0.0426	0.2542	-0.0894	-1.3072	-0.0198	0.6494	-0.7535	-0.1029	480	482	54	2	5	0.0404	0.5459	0	0.091	1
0.0426	0.1633	-0.0336	-1.5852	0.0576	0.579	-0.8126	-0.0672	481	483	54	2	6	0.0381	0.5974	0	0.0774	1
0.0431	0.0831	0.0658	-1.7086	0.0758	-0.1407	-0.9364	0.3214	482	484	54	2	7	0.0211	0.7143	0	0.0622	1
0.0415	0.2606	0.028	-1.7569	0.041	-0.7011	-0.7117	-0.0437	483	485	54	2	8	0.0278	0.2967	0	0.068	1
0.0411	0.2065	-0.1387	-1.9408	0.0487	-0.1739	-0.9589	0.2241	484	486	54	2	9	0.0175	0.3385	0	0.1043	1
0.0406	0.0959	-0.1937	-2.1198	0.1198	-0.1727	-0.8416	0.5118	485	487	54	2	10	0.0056	0.6296	0	0.0407	1
0.0363	0.0733	-0.2077	-2.2123	0.1333	-0.4414	-0.8606	0.2539	486	488	54	2	11	0.0043	0.625	0	0.0363	1
0.0394	0.0828	-0.2308	-2.2741	0.1804	-0.2512	-0.9596	0.1266	487	489	54	2	12	0.0052	0.7407	0	0.0394	1
0.0405	0.1924	-0.2827	-2.3494	0.2067	-0.0276	-0.9784	0.2047	488	490	54	2	13	0.0193	0.5315	0	0.0525	1
0.0429	0.1069	-0.3009	-2.531	0.2626	-0.1366	-0.9512	0.2767	489	491	54	2	14	0.0065	0.7222	0	0.0429	1
0.0412	0.0675	-0.3257	-2.6348	0.286	-0.1498	-0.8342	0.5308	490	492	54	2	15	0.0055	0.8519	0	0.0412	1
0.0419	0.0891	-0.3311	-2.6899	0.3303	-0.1927	-0.9486	0.2512	491	493	54	2	16	0.0067	0.525	0	0.044	1
0.0453	0.104	-0.3498	-2.7781	0.3526	-0.0841	0.0007	0.9965	492	494	54	2	17	0.0065	0.725	0	0.0453	1
0.0407	0.1119	-0.3724	-2.7946	0.4574	-0.3971	0.3877	0.8319	493	495	54	2	18	0.0066	0.5333	0	0.0418	1
0.0352	0.0789	-0.402	-2.7644	0.5554	-0.6883	-0.695	0.2076	494	496	54	2	19	0.0042	0.5	0	0.0352	1
0.0352	0.1095	-0.4586	-2.8079	0.6254	-0.0729	-0.9764	0.2034	495	497	54	2	20	0.01	0.2222	0	0.0265	1
0.0352	0.1437	-0.4621	-2.9109	0.6515	-0.4333	-0.3154	0.8443	496	498	54	2	21	0.0081	0.0667	0	0.0221	1
0.0352	0.0754	-0.5746	-2.9526	0.7481	-0.4006	-0.5458	0.736	497	499	54	2	22	0.0065	0.1458	0	0.01	1
0.0352	0.0755	-0.5794	-3.0082	0.7433	-0.068	-0.9763	0.2055	498	500	54	2	23	0.0068	0.0595	0	0.01	1
0.0352	0.0512	-0.5884	-3.0808	0.7616	-0.0626	-0.9517	0.3005	499	0	54	2	24	0.0001	0.0625	0	0.01	1
0.042	0.4525	-0.0445	-0.0121	-0.4566	-0.8645	-0.0069	0.5027	180	502	57	2	1	0.0402	0.2408	1	0.0709	1
0.042	0.2439	-0.4417	-0.0518	-0.2454	-0.7791	-0.1416	0.6107	501	503	57	2	2	0.041	0.2527	0	0.0709	1
0.042	0.1003	-0.6125	-0.1082	-0.0541	-0.7687	0.355	0.5321	502	504	57	2	3	0.0053	0.4074	0	0.042	1
0.042	0.0945	-0.7022	-0.0407	-0.0069	0.2171	0.2688	0.9384	503	505	57	2	4	0.0044	0.3704	0	0.0386	1
0.042	0.1892	-0.6854	-0.0182	0.106	0.6983	0.6897	0.1916	504	506	57	2	5	0.0082	0.1286	0	0.036	1
0.042	0.1438	-0.5922	0.1346	0.0962	0.2277	0.9379	0.2618	505	507	57	2	6	0.011	0.1531	0	0.0315	1
0.042	0.1179	-0.575	0.2391	0.1338	-0.4642	0.2361	0.8537	506	508	57	2	7	0.0136	0.2143	0	0.055	1
0.042	0.108	-0.646	0.2704	0.2287	-0.0719	0.7479	0.6599	507	509	57	2	8	0.009	0.1857	0	0.0535	1
0.042	0.0456	-0.7145	0.3428	0.3062	0.0496	0.3374	0.9401	508	510	57	2	9	0.0041	0.0214	0	0.0213	1
0.042	0.0956	-0.69	0.3874	0.3491	-0.7806	0.595	0.1912	509	0	57	2	10	0.0064	0.0584	0	0.01	1
0.0267	1.0579	0.1481	0.4537	0.0223	-0.359	-0.9333	-0.0033	182	512	59	2	1	0.0049	0.3125	1	0.0276	1
0.0238	0.119	-0.2316	-0.5337	0.0188	-0.3525	-0.8438	-0.4045	511	513	59	2	2	0.0049	0.3125	0	0.0276	1
0.0184	0.1264	-0.2888	-0.6309	-0.0231	-0.0026	-0.8952	0.4457	512	514	59	2	3	0.007	0.1667	0	0.0252	1
0.01	0.0384	-0.2864	-0.7339	0.032	-0.7527	0.1182	-0.6477	513	0	59	2	4	0.01	0.05	0	0.01	1
0.0272	0.8197	0.0146	0.1644	-0.208	-0.3444	-0.9251	0.1599	180	516	60	2	1	0.0074	0.375	1	0.0277	1
0.0246	0.1121	-0.2677	-0.5939	-0.0769	-0.6237	-0.7807	0.0385	515	517	60	2	2	0.0074	0.375	0	0.0277	1
0.0189	0.1416	-0.3359	-0.6882	-0.0838	-0.4081	-0.8069	0.4272	516	518	60	2	3	0.0113	0.1429	0	0.026	1
0.01	0.0501	-0.3828	-0.8068	-0.0158	-0.5628	-0.7264	0.3945	517	0	60	2	4	0.01	0.05	0	0.01	1
0.0398	0.2726	-0.0108	0.1869	-0.2783	-0.832	0.4745	-0.2874	180	520	1231	2	1	0.0343	0.2148	1	0.0687	1
0.0397	0.8975	-0.2165	0.3115	-0.3555	-0.1996	-0.7233	0.661	519	521	1231	2	2	0.0433	0.2209	0	0.0687	1
0.0397	0.2259	-0.3936	-0.3107	0.1943	-0.4665	0.7603	0.452	520	522	1231	2	3	0.0325	0.6364	0	0.0731	1
0.0398	0.1196	-0.5564	-0.191	0.3146	-0.6823	0.7272	-0.0751	521	523	1231	2	4	0.0199	0.6795	0	0.0508	1
0.0394	0.1132	-0.6353	-0.144	0.2966	-0.9881	-0.0328	-0.1503	522	524	1231	2	5	0.0224	0.4725	0	0.0619	1
0.0391	0.1716	-0.6917	-0.1338	0.3358	0.0285	0.9634	-0.2666	523	525	1231	2	6	0.0175	0.2393	0	0.0651	1
0.0311	0.1172	-0.888	-0.0981	0.2715	-0.5271	0.8381	-0.1408	524	526	1231	2	7	0.0102	0.25	0	0.0222	1
0.0311	0.0892	-1.0012	-0.0687	0.3044	-0.8076	0.5894	-0.0203	525	527	1231	2	8	0.0076	0.24	0	0.0236	1
0.0384	0.0238	-1.0743	-0.0937	0.2916	-0.967	0.048	-0.2503	526	528	1231	2	9	0.0045	0.2778	0	0.0386	1
0.0388	0.0576	-1.1457	-0.1184	0.278	-0.4851	0.8158	0.3148	527	529	1231	2	10	0.0127	0.2308	0	0.0462	1
0.0382	0.1853	-1.2026	-0.0961	0.3244	-0.7704	0.216	-0.5999	528	530	1231	2	11	0.013	0.1563	0	0.0667	1
0.0379	0.1135	-1.2684	-0.0534	0.2263	0.1565	0.2126	-0.9645	529	531	1231	2	12	0.0196	0.0913	0	0.0502	1
0.0311	0.1269	-1.2523	-0.0174	0.1614	0.8974	0.4337	-0.0812	530	532	1231	2	13	0.0033	0.2813	0	0.0296	1
0.0386	0.0827	-1.1328	0.0698	0.1131	0.7898	0.4053	0.4605	531	533	1231	2	14	0.0196	0.4231	0	0.0561	1
0.038	0.133	-1.0627	0.1021	0.1537	-0.0933	0.8217	0.5622	532	534	1231	2	15	0.0174	0.2963	0	0.0572	1
0.0382	0.1071	-1.0554	0.1894	0.2391	0.0689	0.484	0.8724	533	535	1231	2	16	0.0117	0.375	0	0.0525	1
0.0379	0.1141	-1.0393	0.2351	0.3316	0.2852	0.2538	0.9243	534	536	1231	2	17	0.0114	0.2917	0	0.0556	1
0.0368	0.085	-1.0432	0.2723	0.4371	0.0721	0.3089	0.9483	535	537	1231	2	18	0.0038	0.4583	0	0.0373	1
0.033	0.0464	-1.0132	0.3132	0.53	-0.6219	0.5178	0.5875	536	538	1231	2	19	0.0035	0.4167	0	0.033	1
0.0311	0.1183	-1.0348	0.3345	0.561	-0.2652	0.4455	0.8551	537	539	1231	2	20	0.0057	0.0778	0	0.0189	1
0.0355	0.1909	-1.0541	0.4308	0.6559	0.5082	-0.0168	0.8611	538	540	1231	2	21	0.0043	0.1875	0	0.0366	1
0.0311	0.1014	-0.9579	0.434	0.8148	-0.2461	0.6148	0.7493	539	541	1231	2	22	0.0061	0.2167	0	0.0216	1
0.0365	0.1009	-0.9488	0.54	0.8678	-0.7071	0.6704	0.2248	540	542	1231	2	23	0.0065	0.2083	0	0.0469	1
0.0311	0.1506	-1.014	0.5942	0.9045	-0.2635	0.6348	0.7264	541	543	1231	2	24	0.0053	0.375	0	0.0294	1
0.0354	0.1055	-1.0217	0.6863	1.0246	-0.1142	0.7963	0.594	542	544	1231	2	25	0.0039	0.4375	0	0.0364	1
0.0311	0.0807	-1.0337	0.7813	1.0614	-0.8113	0.5391	0.2261	543	545	1231	2	26	0.0033	0.4583	0	0.0311	1
0.0311	0.1134	-1.1003	0.8134	1.0939	-0.9589	0.2534	0.1275	544	546	1231	2	27	0.0045	0.3125	0	0.031	1
0.0311	0.0966	-1.2098	0.8432	1.1068	-0.318	0.7054	0.6335	545	547	1231	2	28	0.0059	0.2	0	0.0202	1
0.0311	0.0952	-1.2486	0.8987	1.1707	-0.8385	0.5435	0.0395	546	548	1231	2	29	0.0086	0.225	0	0.0176	1
0.0311	0.0682	-1.3286	0.9478	1.1736	-0.6645	-0.1975	0.7207	547	549	1231	2	30	0.008	0.2	0	0.0208	1
0.0311	0.1191	-1.355	0.9505	1.2548	-0.7511	0.6501	0.1149	548	550	1231	2	31	0.0098	0.2167	0	0.0244	1
0.0311	0.0867	-1.4403	1.0075	1.2832	0.7659	0.4715	0.4372	549	551	1231	2	32	0.0087	0.25	0	0.0207	1
0.0311	0.0892	-1.3611	1.0806	1.2953	0.0235	0.6196	0.7846	550	552	1231	2	33	0.0029	0.3333	0	0.0303	1
0.0311	0.1676	-1.3457	1.1837	1.3344	-0.4343	0.5714	0.6964	551	553	1231	2	34	0.0069	0.125	0	0.0258	1
0.0311	0.114	-1.4499	1.2398	1.4664	-0.5107	0.6322	0.5827	552	554	1231	2	35	0.007	0.1167	0	0.01	1
0.0311	0.0545	-1.4555	1.3564	1.5029	-0.3615	0.7758	0.5172	553	555	1231	2	36	0.0063	0.0455	0	0.01	1
0.0311	0.0811	-1.5081	1.4064	1.531	0.2103	0.8949	-0.3936	554	0	1231	2	37	0.0049	0.0833	0	0.01	1
0.0355	0.1036	0.0802	0.5761	-0.0358	-0.8677	-0.447	-0.2174	184	557	467	2	1	0.0065	0.4	1	0.0355	1
0.0355	0.144	-0.0097	0.5298	-0.0583	-0.8488	-0.4407	0.2921	556	558	467	2	2	0.0065	0.4	0	0.0355	1
0.0452	0.0687	-0.1078	0.4814	-0.0792	-0.8153	0.5497	-0.1819	557	559	467	2	3	0.0083	0.1867	0	0.0551	1
0.0355	0.0146	-0.1489	0.5279	-0.1186	-0.1013	-0.9297	-0.3541	558	560	467	2	4	0.014	0.125	0	0.01	1
0.042	0.1527	-0.2605	0.4963	-0.1	0.2045	0.0421	0.978	559	561	467	2	5	0.0235	0.102	0	0.0865	1
0.0355	0.019	-0.2868	0.4986	0.0328	-0.2682	0.5499	0.791	560	562	467	2	6	0.0076	0.0521	0	0.01	1
0.0355	0.0649	-0.3101	0.5311	0.0283	-0.1108	0.6043	0.789	561	563	467	2	7	0.006	0.1458	0	0.01	1
0.0355	0.0647	-0.2715	0.5854	0.0925	-0.3989	0.6342	0.6623	562	0	467	2	8	0.0029	0.1	0	0.01	1
0.0232	0.1739	0.212	0.6217	0.0203	-0.9444	-0.1514	0.2918	183	565	470	2	1	0.006	0.3333	0	0.0236	1
0.0192	0.1008	0.0421	0.6054	0.067	-0.8499	-0.5194	-0.0891	564	566	470	2	2	0.0059	0.25	0	0.0242	1
0.01	0.0833	-0.043	0.546	0.052	-0.9953	0	-0.0969	565	0	470	2	3	0.01	0.05	0	0.01	1
0.0089	0.2614	0.0569	0.4418	-0.0146	0.0551	0.9961	0.0685	181	568	472	2	1	0.0275	0.0857	0	0.0412	1
0.015	0.1416	0.0763	0.7066	-0.0201	-0.9221	-0.2925	-0.2533	567	0	472	2	2	0.008	0.1375	0	0.028	1
0.01	0.272	0.145	0.5971	0.0382	0.4762	0.7155	0.5111	183	0	473	2	1	0.01	0.05	0	0.01	1
0.0366	0.2203	0.2719	0.6406	0.0066	-0.3439	0.9379	0.0444	183	571	476	2	1	0.0077	0.3333	0	0.0366	1
0.0319	0.1001	0.2053	0.8223	-0.0126	-0.924	0.0915	-0.3712	570	572	476	2	2	0.0032	0.2813	0	0.0322	1
0.0178	0.0416	0.109	0.8482	-0.0308	-0.6322	0.5134	-0.5803	571	573	476	2	3	0.01	0.05	0	0.01	1
0.0111	0.0472	0.0828	0.8701	-0.0598	-0.9999	0.0107	-0.013	572	574	476	2	4	0.01	0.05	0	0.01	1
0.0072	0.0473	0.0289	0.8697	-0.0563	-0.5308	0.065	-0.845	573	0	476	2	5	0.01	0.05	0	0.01	1
0.0262	0.1122	0.3656	0.9062	0.0929	-0.9876	-0.0249	-0.155	186	576	481	2	1	0.0037	0.1964	1	0.0309	1
0.0236	0.2099	0.2593	0.9052	0.0738	-0.3152	-0.1197	-0.9415	575	577	481	2	2	0.0084	0.1091	0	0.0309	1
0.0172	0.0466	0.2093	0.8783	-0.1191	-0.0476	0.8692	0.4921	576	0	481	2	3	0.0071	0.3594	0	0.0172	1
0.0291	0.1484	0.3391	0.7683	-0.0008	-0.8115	0.5379	-0.2282	184	579	483	2	1	0.0054	0.3	0	0.0308	1
0.01	0.0991	0.2205	0.8519	-0.0459	-0.6948	0.709	0.1205	578	0	483	2	2	0.01	0.05	0	0.01	1
0.0458	0.2846	0.4506	0.8068	0.1174	0.0839	0.4921	0.8665	186	581	486	2	1	0.0086	0.425	0	0.0458	1
0.0458	0.0769	0.472	0.9643	0.3551	-0.9223	0.063	0.3812	580	0	486	2	2	0.0089	0.0519	0	0.0312	1
0.0332	0.1134	0.4755	0.899	0.0555	0.7767	0.2312	-0.5859	186	583	488	2	1	0.0099	0.275	1	0.0332	1
0.0332	0.123	0.5636	0.9253	-0.011	0.9027	-0.0772	0.4234	582	0	488	2	2	0.0099	0.275	0	0.0332	1
0.031	0.1233	0.435	1.0215	0.1753	-0.815	0.5675	0.1168	187	585	489	2	1	0.0084	0.1875	1	0.0304	1
0.0304	0.1737	0.3344	1.0915	0.1897	-0.4699	-0.0083	0.8827	584	586	489	2	2	0.0084	0.1875	0	0.0304	1
0.0346	0.1555	0.2393	1.1119	0.3282	-0.8897	-0.3915	0.235	585	587	489	2	3	0.0116	0.125	0	0.0473	1
0.0166	0.0512	0.0864	1.0724	0.3178	-0.1308	0.886	0.4449	586	588	489	2	4	0.0166	0.125	0	0.01	1
0.0173	0.0935	0.0633	1.1011	0.3568	0.7864	-0.2068	0.5821	587	0	489	2	5	0.012	0.1571	0	0.0309	1
0.0195	0.1788	0.6029	1.2815	0.2621	-0.0059	-0.2454	-0.9694	190	590	495	2	1	0.0048	0.2813	1	0.0195	1
0.0195	0.0947	0.6018	1.2377	0.0888	-0.132	-0.5233	-0.8419	589	0	495	2	2	0.0048	0.2813	0	0.0195	1
0.01	0.3143	0.5509	1.0644	0.1377	0.8248	0.4531	-0.3381	188	592	501	2	1	0.01	0.05	1	0.01	1
0.01	0.1954	0.8102	1.2068	0.0314	0.6185	0.751	0.2314	591	0	501	2	2	0.01	0.05	0	0.01	1
0.0398	0.2459	0.5375	1.3316	0.3456	-0.7545	0.6507	0.0856	190	594	507	2	1	0.0107	0.0769	0	0.0469	1
0.0341	0.1509	0.3286	1.517	0.3479	0.7939	0.5678	-0.2174	593	595	507	2	2	0.0029	0.3438	0	0.0357	1
0.0288	0.0824	0.4531	1.6044	0.3306	-0.3709	0.9286	0.008	594	596	507	2	3	0.0035	0.4583	0	0.028	1
0.028	0.0247	0.4148	1.6775	0.3229	0.2222	0.8132	-0.5379	595	0	507	2	4	0.01	0.05	0	0.01	1
0.0381	0.2864	0.6203	1.1466	0.2559	0.6732	0.4986	0.5461	189	598	508	2	1	0.0093	0.4306	1	0.0381	1
0.038	0.2402	0.8131	1.2894	0.4123	0.7019	0.5894	0.3999	597	599	508	2	2	0.0093	0.4306	0	0.0381	1
0.0355	0.0756	0.9888	1.4207	0.5053	0.7156	0.3165	0.6227	598	600	508	2	3	0.0042	0.4583	0	0.0355	1
0.0391	0.0815	1.0576	1.4742	0.5683	-0.0593	-0.4499	0.8911	599	601	508	2	4	0.0043	0.3889	0	0.0408	1
0.0274	0.0782	1.0566	1.4856	0.6511	-0.4447	-0.1524	0.8826	600	602	508	2	5	0.0089	0.3	0	0.0213	1
0.0347	0.2143	1.0424	1.5065	0.7447	-0.3917	-0.3811	0.8374	601	603	508	2	6	0.0046	0.4688	0	0.0347	1
0.0346	0.0766	0.9931	1.4527	0.8991	0.2974	0.4088	0.8628	602	604	508	2	7	0.0037	0.4167	0	0.0346	1
0.0318	0.0132	0.9796	1.4704	0.9893	0.2657	0.6149	0.7425	603	605	508	2	8	0.0119	0.4646	0	0.0318	1
0.036	0.1923	0.9608	1.5204	1.009	0.8767	0.4787	-0.0479	604	606	508	2	9	0.0087	0.1204	0	0.0478	1
0.0264	0.1262	1.1095	1.6493	0.9863	0.4456	0.5111	0.735	605	607	508	2	10	0.0027	0.25	0	0.0264	1
0.0221	0.1744	1.179	1.7085	1.0658	0.6508	0.6493	0.3936	606	608	508	2	11	0.0027	0.1667	0	0.0183	1
0.0274	0.1059	1.242	1.7685	1.1693	0.4113	0.1932	0.8908	607	609	508	2	12	0.0196	0.1333	0	0.0276	1
0.0213	0.0675	1.2629	1.8315	1.2566	-0.3211	-0.0137	0.9469	608	610	508	2	13	0.0064	0.225	0	0.01	1
0.0281	0.1081	1.1982	1.8107	1.2758	-0.7438	0.1479	0.6519	609	0	508	2	14	0.0073	0.1333	0	0.036	1
0.0234	0.164	0.5746	1.5401	0.5116	0.8509	0.4871	-0.1968	192	612	511	2	1	0.0066	0.35	0	0.0234	1
0.0282	0.0827	0.7075	1.6185	0.5003	0.3481	0.9207	0.1764	611	613	511	2	2	0.0041	0.4167	0	0.0295	1
0.0221	0.0746	0.7395	1.7018	0.5133	0.007	0.2143	0.9767	612	614	511	2	3	0.0032	0.4167	0	0.0221	1
0.0242	0.1279	0.7346	1.7258	0.5862	0.3866	0.2596	0.885	613	615	511	2	4	0.0036	0.475	0	0.0242	1
0.0221	0.059	0.7897	1.768	0.6848	0.5555	0.5924	0.5835	614	616	511	2	5	0.0025	0.3333	0	0.0211	1
0.0221	0.0247	0.8178	1.8158	0.7271	0.5483	0.5758	-0.6065	615	617	511	2	6	0.0039	0.15	0	0.01	1
0.0221	0.0709	0.8451	1.8162	0.7233	0.7589	0.6329	-0.153	616	0	511	2	7	0.0028	0.1	0	0.01	1
0.0412	0.178	0.6183	1.3655	0.4132	0.9509	0.1454	0.2734	190	619	512	2	1	0.0092	0.4603	1	0.0412	1
0.0412	0.2048	0.7876	1.3914	0.4618	-0.4496	-0.0557	0.8915	618	620	512	2	2	0.0092	0.4603	0	0.0412	1
0.0371	0.1834	0.7041	1.3794	0.6503	-0.2784	0.8208	0.4988	619	621	512	2	3	0.0066	0.625	0	0.0371	1
0.0389	0.0761	0.6728	1.5289	0.7488	-0.1343	0.8603	0.4917	620	622	512	2	4	0.0053	0.6296	0	0.0389	1
0.0425	0.0996	0.6577	1.5962	0.7885	0.4828	0.7421	0.4649	621	623	512	2	5	0.0051	0.6389	0	0.0425	1
0.0414	0.0736	0.684	1.6808	0.87	0.8032	0.4807	0.3519	622	624	512	2	6	0.0059	0.6667	0	0.0414	1
0.0455	0.1501	0.7235	1.7332	0.9171	0.732	0.6663	0.1423	623	625	512	2	7	0.0069	0.4667	0	0.0465	1
0.0463	0.2883	0.7993	1.8388	0.9191	0.3931	0.7958	-0.4606	624	626	512	2	8	0.0071	0.4273	0	0.0483	1
0.0454	0.0528	0.9335	2.0842	0.8234	0.5162	0.6411	-0.5679	625	627	512	2	9	0.0053	0.4333	0	0.047	1
0.0461	0.123	0.9488	2.1068	0.8225	0.4084	0.7811	0.4723	626	628	512	2	10	0.0042	0.3182	0	0.0501	1
0.0371	0.0114	1.0128	2.2107	0.8536	0.6893	0.5215	0.503	627	0	512	2	11	0	0.0278	0	0.0249	1
0.0308	0.0299	0.6102	1.5517	0.4642	0.9935	0.1134	-0.0129	192	630	513	2	1	0.0036	0.2813	1	0.0328	1
0.0269	0.0907	0.6437	1.5594	0.4675	0.6908	0.0128	-0.723	629	631	513	2	2	0.0069	0.2	0	0.0328	1
0.016	0.1502	0.7474	1.5371	0.4102	0.4547	0.5482	-0.7019	630	632	513	2	3	0.0255	0.1	0	0.01	1
0.01	0.0376	0.8079	1.623	0.301	0.4943	0.8334	-0.2472	631	0	513	2	4	0.01	0.05	0	0.01	1
0.0209	0.2022	0.5052	1.4446	0.4681	-0.766	0.2298	0.6003	191	634	514	2	1	0.0027	0.3125	1	0.0183	1
0.0201	0.1018	0.3504	1.491	0.5895	-0.5744	0.5625	0.5948	633	635	514	2	2	0.0027	0.3125	0	0.0183	1
0.0303	0.074	0.2813	1.536	0.6581	-0.5906	0.733	0.3375	634	636	514	2	3	0.0028	0.375	0	0.0344	1
0.0239	0.0978	0.2598	1.6047	0.6828	-0.379	0.5956	0.7083	635	637	514	2	4	0.0018	0.25	0	0.0239	1
0.02	0.1435	0.2143	1.6598	0.7487	-0.4609	0.7841	0.4156	636	638	514	2	5	0.0021	0.2	0	0.02	1
0.0195	0.253	-0.0006	1.8	0.858	0.0688	0.9443	-0.3218	637	639	514	2	6	0.0785	0.1	0	0.1392	1
0.0134	0.1567	-0.0402	2.0036	0.8144	-0.6323	0.2304	-0.7397	638	640	514	2	7	0.0071	0.2	0	0.0191	1
0.0075	0.0475	-0.1416	2.0409	0.7002	-0.499	0.2385	-0.8332	639	0	514	2	8	0.01	0.05	0	0.01	1
0.0224	0.1465	0.5814	1.5294	0.506	-0.3867	0.6759	0.6274	192	0	518	2	1	0.0067	0.3036	0	0.0224	1
0.01	0.3	0.471	1.621	0.5262	-0.4035	0.757	0.514	193	0	519	2	1	0.01	0.05	0	0.01	1
0.019	0.1878	0.5001	1.6363	0.5619	0.5606	0.4328	0.706	193	644	520	2	1	0.0038	0.4167	0	0.019	1
0.019	0.1003	0.6241	1.7196	0.701	-0.2939	0.7235	0.6246	643	0	520	2	2	0.0149	0.1143	0	0.0353	1
0.0332	0.1843	0.7165	1.9496	0.6234	0.3716	-0.7848	-0.496	198	646	523	2	1	0.008	0.4583	1	0.0332	1
0.0332	0.084	0.785	1.805	0.532	-0.2002	-0.7734	0.6015	645	0	523	2	2	0.008	0.4583	0	0.0332	1
0.0324	0.1065	0.7286	1.9559	0.6391	0.8257	-0.535	-0.179	198	648	525	2	1	0.0043	0.6667	1	0.0323	1
0.0323	0.0648	0.8166	1.8989	0.62	-0.2795	0.2367	0.9305	647	649	525	2	2	0.0043	0.6667	0	0.0323	1
0.0367	0.1032	0.7959	1.9141	0.6773	-0.685	0.4643	0.5615	648	650	525	2	3	0.0042	0.5938	0	0.0374	1
0.0323	0.0499	0.7231	1.9752	0.7212	-0.5736	0.5536	0.6037	649	0	525	2	4	0.0054	0.1364	0	0.01	1
0.0202	0.0453	0.7849	2.2722	0.8614	-0.495	0.5432	0.6782	201	652	532	2	1	0.0049	0.2	1	0.0191	1
0.0177	0.1378	0.7625	2.2968	0.8922	-0.4605	0.8251	0.3273	651	653	532	2	2	0.0049	0.2	0	0.0191	1
0.0185	0.0923	0.7041	2.432	0.9245	-0.8919	0.3647	0.2675	652	654	532	2	3	0.0099	0.22	0	0.0239	1
0.01	0.0446	0.6225	2.4712	0.9522	-0.9787	0.0263	0.2036	653	0	532	2	4	0.01	0.05	0	0.01	1
0.01	0.2144	0.5488	-0.1244	0.3639	0.8495	-0.2605	0.4587	210	0	724	2	1	0.01	0.05	0	0.01	0
0.0322	0.2014	0.8896	-0.0931	0.6338	-0.7949	0.0195	-0.6064	213	657	728	2	1	0.0064	0.375	0	0.0335	0
0.01	0.099	0.7365	-0.1011	0.5087	-0.8387	-0.5253	0.1435	656	0	728	2	2	0.01	0.05	0	0.01	0
0.0432	0.2475	0.8811	-0.1149	0.439	0.9912	0.1182	-0.0588	211	659	729	2	1	0.006	0.0495	1	0.0832	0
0.0382	0.2262	1.1299	-0.0757	0.3838	0.6664	0.7095	0.2292	658	660	729	2	2	0.0362	0.0833	0	0.0832	0
0.0213	0.0445	1.2938	0.0296	0.447	0.8119	0.0752	-0.5789	659	661	729	2	3	0.0249	0.0556	0	0.01	0
0.0133	0.1488	1.3286	0.0239	0.4206	-0.4864	0.1353	-0.8632	660	662	729	2	4	0.01	0.05	0	0.01	0
0.0073	0.0773	1.2562	0.044	0.2921	-0.2672	0.5554	-0.7875	661	0	729	2	5	0.01	0.05	0	0.01	0
0.0327	0.174	1.0321	-0.0861	0.8103	0.3032	-0.2551	0.9182	215	664	1232	2	1	0.0124	0.202	0	0.0388	0
0.023	0.0841	1.0939	-0.1358	0.9658	0.5424	0.2888	0.789	663	665	1232	2	2	0.0027	0.5	0	0.0226	0
0.0235	0.105	1.1362	-0.1138	1.0349	0.6618	-0.0782	0.7456	664	666	1232	2	3	0.0033	0.3125	0	0.0238	0
0.0226	0.1355	1.2048	-0.1142	1.1166	0.8184	-0.156	0.553	665	0	1232	2	4	0.001	0.03	0	0.0154	0
0.0177	0.0768	0.4718	-0.1474	0.5678	0.4022	0.681	-0.6119	222	668	1233	2	1	0.0074	0.2889	1	0.0418	0
0.0177	0.1464	0.5145	-0.1039	0.529	-0.256	-0.8206	-0.511	667	669	1233	2	2	0.02	0.1625	0	0.0418	0
0.012	0.1275	0.4896	-0.2003	0.4202	-0.3786	-0.6875	-0.6197	668	670	1233	2	3	0.01	0.05	0	0.01	0
0.01	0.0011	0.4107	-0.1917	0.3823	-0.8614	-0.0576	-0.5047	669	0	1233	2	4	0.01	0.05	0	0.01	0
0.0117	0.1549	0.0796	-0.4717	0.4936	-0.4919	-0.2437	0.8359	227	672	745	2	1	0.013	0.1	0	0.0364	1
0.0106	0.0829	-0.0272	-0.541	0.6148	-0.0791	-0.1803	0.9804	671	673	745	2	2	0.01	0.05	0	0.01	1
0.01	0.0743	-0.0338	-0.556	0.6961	-0.3014	0.847	0.4378	672	0	745	2	3	0.01	0.05	0	0.01	1
0.0149	0.1461	0.5909	-0.3243	0.9511	-0.6183	0.2354	-0.7499	242	675	1014	2	1	0.0029	0.2813	0	0.0158	0
0.012	0.1002	0.494	-0.301	0.8469	0.1242	-0.4959	-0.8594	674	676	1014	2	2	0.01	0.05	0	0.01	0
0.01	0.0923	0.5173	-0.3508	0.7573	-0.2522	0.5549	-0.7927	675	0	1014	2	3	0.01	0.05	0	0.01	0
0.0192	0.1537	-0.2757	-1.7388	-0.2529	0.2828	0.8643	0.4159	255	678	642	3	1	0.0048	0.3438	0	0.0196	0
0.018	0.0655	-0.217	-1.6098	-0.1932	0.349	0.662	0.6633	677	0	642	3	2	0.0053	0.3125	0	0.018	0
0.01	0.0586	-1.1188	-2.206	-0.0726	-0.0158	0.1913	0.9814	271	680	650	3	1	0.01	0.05	1	0.01	0
0.01	0.1407	-1.1198	-2.1948	-0.0151	0.0561	0.0491	0.9972	679	0	650	3	2	0.01	0.05	0	0.01	0
0.0351	0.1668	-1.1432	-2.2269	-0.1391	-0.8906	-0.451	-0.0583	271	682	1234	3	1	0.0189	0.1905	1	0.0466	0
0.0351	0.1239	-1.2865	-2.2964	-0.1366	-0.5477	-0.6415	0.5372	681	683	1234	3	2	0.019	0.2024	0	0.0466	0
0.0161	0.018	-1.3803	-2.3663	-0.0802	0.0488	-0.663	-0.747	682	684	1234	3	3	0.01	0.05	0	0.01	0
0.01	0.075	-1.3895	-2.3846	-0.0743	0.8592	0.1441	0.491	683	0	1234	3	4	0.01	0.05	0	0.01	0
0.0263	0.185	-0.6175	0.8004	-0.3433	0.3066	-0.9082	0.285	288	0	658	3	1	0.0082	0.4583	0	0.0263	0
0.01	0.166	-0.4688	0.8781	-0.2516	0.6634	-0.6615	0.3497	289	687	668	3	1	0.01	0.05	1	0.01	0
0.01	0.1011	-0.3587	0.7683	-0.1936	-0.9947	0.0988	0.0287	686	688	668	3	2	0.01	0.05	0	0.01	0
0.01	0.0426	-0.4593	0.7783	-0.1907	-0.8087	-0.1058	0.5786	687	0	668	3	3	0.01	0.05	0	0.01	0
0.032	0.116	-0.2493	0.7237	-0.2023	0.6499	0.6649	0.3682	303	690	1236	3	1	0.0059	0.4167	0	0.032	0
0.032	0.1147	-0.1748	0.7708	-0.1596	0.869	-0.0251	0.4941	689	691	1236	3	2	0.0104	0.197	0	0.0266	0
0.032	0.0817	-0.0238	0.7891	-0.0923	0.3816	-0.9243	0.0016	690	692	1236	3	3	0.0069	0.0758	0	0.01	0
0.032	0.1006	-0.0058	0.7386	-0.1012	-0.268	-0.4491	-0.8523	691	0	1236	3	4	0.008	0.0779	0	0.01	0
0.007	0.0931	-0.3031	1.2193	0.0101	-0.3733	-0.8085	0.4549	318	694	1237	3	1	0.0094	0.3125	1	0.0359	0
0.007	0.1524	-0.3339	1.1476	0.0385	-0.2976	0.942	0.1552	693	695	1237	3	2	0.0245	0.2	0	0.0359	0
0.0072	0.0659	-0.3906	1.2779	0.0657	0.4628	-0.1617	0.8716	694	0	1237	3	3	0.01	0.05	0	0.01	0
0.0248	0.1133	-0.8956	0.9696	-0.307	0.49	-0.8026	0.3401	324	697	978	3	1	0.0074	0.3125	1	0.0248	0
0.0248	0.0995	-0.8401	0.8787	-0.2685	-0.7544	0.4893	0.4376	696	698	978	3	2	0.0074	0.3125	0	0.0248	0
0.0271	0.1564	-0.9067	0.923	-0.2023	-0.8439	0.3724	0.3863	697	699	978	3	3	0.0129	0.15	0	0.0358	0
0.0106	0.0438	-1.0149	0.9879	-0.1163	-0.5558	0.768	0.3183	698	700	978	3	4	0.01	0.05	0	0.01	0
0.0067	0.0475	-1.0393	1.0215	-0.1024	-0.8086	0.4274	0.4043	699	0	978	3	5	0.01	0.05	0	0.01	0
0.0326	0.089	-0.6085	1.8805	0.5092	0.1108	0.9428	-0.3144	344	702	1239	3	1	0.0056	0.4	1	0.0364	0
0.0324	0.1403	-0.5986	1.9644	0.4812	-0.791	-0.3738	0.4843	701	703	1239	3	2	0.0056	0.4	0	0.0364	0
0.0232	0.0593	-0.6939	1.9102	0.5877	-0.6742	0.6726	0.305	702	704	1239	3	3	0.0024	0.4167	0	0.0199	0
0.0303	0.0531	-0.7723	1.9525	0.6101	0.1134	0.8145	0.569	703	705	1239	3	4	0.0024	0.3333	0	0.0303	0
0.0302	0.1818	-0.7626	2.0315	0.6585	0.2731	-0.46	0.8448	704	706	1239	3	5	0.0143	0.2333	0	0.0422	0
0.0256	0.1003	-0.7029	1.9562	0.8175	0.5001	-0.8072	0.3135	705	707	1239	3	6	0.0128	0.4074	0	0.0256	0
0.0256	0.0057	-0.6688	1.8666	0.8204	0.3822	-0.922	0.0616	706	0	1239	3	7	0.0044	0.2813	0	0.0289	0
0.0342	0.0531	-0.8265	2.1317	0.9916	-0.1619	-0.0979	0.9819	350	709	991	3	1	0.0039	0.1667	1	0.0355	0
0.0342	0.1636	-0.8351	2.1265	1.0438	-0.515	-0.8333	0.201	708	710	991	3	2	0.0039	0.1667	0	0.0355	0
0.0342	0.1179	-0.8496	1.9581	1.0816	-0.3774	-0.7337	0.565	709	711	991	3	3	0.0098	0.1364	0	0.045	0
0.01	0.061	-0.8665	1.882	1.1499	-0.0572	-0.0104	0.9983	710	0	991	3	4	0.01	0.05	0	0.01	0
0.01	0.2425	-1.186	1.6911	-0.162	0.4419	-0.6455	0.623	355	713	267	3	1	0.01	0.05	0	0.01	1
0.01	0.0437	-1.0788	1.5345	-0.0109	0.6989	-0.7113	0.0749	712	0	267	3	2	0.01	0.05	0	0.01	1
0.0458	0.2978	-0.5654	1.3057	0.0715	0.1291	0.1743	0.9762	354	715	1240	3	1	0.007	0.2132	0	0.0798	0
0.0326	0.1521	-0.6039	1.3212	0.3833	-0.3693	0.9047	0.2126	714	716	1240	3	2	0.0041	0.325	0	0.0285	0
0.0433	0.1256	-0.6637	1.4575	0.4202	-0.3711	0.9277	-0.0403	715	717	1240	3	3	0.0059	0.3	0	0.0451	0
0.0427	0.0771	-0.7847	1.527	0.4471	-0.4866	0.8625	0.1387	716	718	1240	3	4	0.0046	0.2222	0	0.0849	0
0.0396	0.115	-0.7289	1.5976	0.4382	0.1872	0.2618	0.9468	717	719	1240	3	5	0.0049	0.25	0	0.0412	0
0.0368	0.0633	-0.7279	1.6134	0.5816	0.876	-0.1872	0.4444	718	720	1240	3	6	0.004	0.3333	0	0.0369	0
0.0279	0.141	-0.71	1.5783	0.62	0.2165	0.0765	0.9733	719	721	1240	3	7	0.0025	0.2	0	0.0279	0
0.0232	0.1259	-0.6932	1.639	0.7261	-0.0945	0.5083	0.8559	720	722	1240	3	8	0.0163	0.2404	0	0.0232	0
0.0191	0.1368	-0.7077	1.7049	0.8277	-0.3896	0.8233	0.4127	721	723	1240	3	9	0.0075	0.375	0	0.0191	0
0.0189	0.0641	-0.707	1.7065	0.9013	-0.0699	0.1188	0.9905	722	724	1240	3	10	0.003	0.2	0	0.0211	0
0.0106	0.0636	-0.7108	1.7072	0.9628	-0.5491	-0.2746	0.7894	723	725	1240	3	11	0.01	0.05	0	0.01	0
0.01	0.01	-0.756	1.7046	1.0033	-0.732	-0.0599	0.6787	724	726	1240	3	12	0.01	0.05	0	0.01	0
0.0074	0.0828	-0.7633	1.704	1.0101	-0.3805	0.5074	0.7731	725	727	1240	3	13	0.01	0.05	0	0.01	0
0.0042	0.0407	-0.7948	1.746	1.0741	0.1519	0.8287	0.5387	726	0	1240	3	14	0.01	0.05	0	0.01	0
0.0343	0.0901	-0.814	1.4772	-0.0315	0.3373	0.624	0.7049	354	729	702	3	1	0.0089	0.2188	1	0.0343	0
0.0343	0.2333	-0.7836	1.5334	0.032	0.1241	-0.3478	0.9293	728	0	702	3	2	0.0089	0.2188	0	0.0343	0
0.034	0.1851	-0.655	1.3701	0.0414	-0.7223	0.426	0.5448	354	731	703	3	1	0.0102	0.1875	1	0.034	0
0.0319	0.1658	-0.7887	1.449	0.1422	-0.8374	0.4726	-0.2746	730	732	703	3	2	0.0102	0.1875	0	0.034	0
0.0175	0.0905	-0.9133	1.5432	0.0857	-0.7083	0.7002	0.0896	731	733	703	3	3	0.0066	0.08	0	0.01	0
0.0131	0.0035	-0.9241	1.5464	0.1147	-0.183	0.1743	0.9675	732	734	703	3	4	0.01	0.05	0	0.01	0
0.009	0.1226	-0.9248	1.547	0.1181	-0.6117	0.7742	-0.1625	733	0	703	3	5	0.01	0.05	0	0.01	0
0.0251	0.0815	-1.4217	1.9016	-0.165	-0.437	-0.8919	0.1163	361	736	995	3	1	0.0058	0.24	1	0.0301	0
0.0244	0.0893	-1.478	1.7938	-0.1897	0.4715	-0.7422	0.4763	735	737	995	3	2	0.0085	0.25	0	0.0301	0
0.016	0.1203	-1.4608	1.7123	-0.1563	0.5404	-0.8368	-0.0874	736	738	995	3	3	0.0021	0.375	0	0.016	0
0.0197	0.0781	-1.3973	1.6019	-0.1743	0.1626	-0.6207	0.767	737	739	995	3	4	0.0098	0.22	0	0.0347	0
0.0092	0.1414	-1.3746	1.5354	-0.1173	0.2288	-0.0276	0.9731	738	0	995	3	5	0.01	0.05	0	0.01	0
0.037	0.0603	-0.4386	2.2834	0.6534	0.2633	0.3954	0.8799	376	741	1241	3	1	0.0069	0.4583	0	0.037	0
0.037	0.0995	-0.4123	2.3063	0.7072	-0.0346	0.3382	0.9405	740	0	1241	3	2	0.0107	0.0714	0	0.01	0
0.0182	0.1668	1.7791	-0.8649	0.5565	0.1928	-0.7474	-0.6358	379	743	1117	3	1	0.0024	0.25	0	0.0192	0
0.01	0.0689	1.8078	-0.996	0.4599	-0.6874	-0.4557	-0.5655	742	0	1117	3	2	0.01	0.05	0	0.01	0
0.0032	0.3369	0.8906	-1.1578	1.6219	-0.2647	0.5748	-0.7743	397	745	323	3	1	0.0026	0.3438	1	0.0165	0
0.0032	0.1192	0.7983	-0.9716	1.355	0.2045	-0.6642	0.719	744	746	323	3	2	0.0086	0.0833	0	0.0165	0
0.0032	0.1255	0.8364	-1.0745	1.4804	-0.2165	-0.8692	-0.4446	745	747	323	3	3	0.0292	0.2571	0	0.0418	0
0.0032	0.0975	0.8189	-1.1792	1.4229	0.0956	-0.5311	-0.8419	746	0	323	3	4	0.0341	0.06	0	0.0325	0
0.0264	0.1305	0.8259	0.9586	-0.078	-0.1724	0.0134	0.9849	412	749	751	3	1	0.0078	0.4583	0	0.0264	0
0.0264	0.0751	0.8166	0.932	0.0392	-0.9087	-0.4171	-0.0149	748	0	751	3	2	0.0077	0.0833	0	0.01	0
0.0453	0.2855	1.4021	0.5178	0.3689	-0.7704	-0.4425	-0.459	423	751	756	3	1	0.0075	0.2708	1	0.055	0
0.0453	0.0913	1.1862	0.4024	0.235	0.7027	-0.0672	0.7083	750	752	756	3	2	0.0076	0.0933	0	0.055	0
0.0224	0.0779	1.2834	0.43	0.2974	0.7101	-0.7006	-0.0708	751	753	756	3	3	0.0027	0.2917	0	0.027	0
0.01	0.0609	1.3311	0.3598	0.308	0.9461	-0.2165	0.2408	752	0	756	3	4	0.01	0.05	0	0.01	0
0.0157	0.2464	1.36	0.5595	0.271	-0.855	-0.1697	0.49	422	755	757	3	1	0.015	0.0417	0	0.0538	1
0.0199	0.1165	1.1679	0.5264	0.3935	0.3893	-0.8847	0.2565	754	756	757	3	2	0.0122	0.2639	0	0.0233	1
0.0173	0.1139	1.2072	0.4123	0.4264	0.1758	-0.3533	-0.9189	755	0	757	3	3	0.0043	0.2	0	0.0214	1
0.0293	0.1125	1.5166	0.5487	0.4382	0.9503	-0.1566	-0.2691	423	758	768	3	1	0.0063	0.375	1	0.0293	0
0.0293	0.103	1.6236	0.5311	0.4079	0.7193	-0.6852	-0.1145	757	759	768	3	2	0.0063	0.375	0	0.0293	0
0.0271	0.16	1.6812	0.4947	0.4214	0.8881	0.0948	0.4498	758	760	768	3	3	0.0043	0.375	0	0.0271	0
0.0271	0.0853	1.8243	0.5182	0.4805	0.9792	-0.1964	-0.0513	759	761	768	3	4	0.0019	0.4583	0	0.0271	0
0.0277	0.044	1.9077	0.4908	0.4802	0.8147	-0.2122	-0.5396	760	762	768	3	5	0.0029	0.4167	0	0.0277	0
0.0271	0.1136	1.9419	0.5151	0.4559	0.9692	0.0436	-0.2423	761	763	768	3	6	0.0057	0.2167	0	0.0194	0
0.0271	0.0712	2.051	0.5201	0.4237	0.9499	-0.2319	-0.2094	762	764	768	3	7	0.0049	0.14	0	0.01	0
0.0271	0.0752	2.0978	0.5054	0.4103	-0.0481	-0.9085	0.4151	763	0	768	3	8	0.0057	0.175	0	0.01	0
0.0281	0.0871	1.4233	0.8241	1.145	0.7664	-0.4681	0.4399	433	766	773	3	1	0.0073	0.375	0	0.029	0
0.0327	0.0898	1.5058	0.8024	1.1712	0.6338	-0.0297	0.773	765	767	773	3	2	0.015	0.1818	0	0.0722	0
0.0153	0.0833	1.57	0.7833	1.2316	0.7539	-0.03	0.6563	766	768	773	3	3	0.0051	0.1333	0	0.01	0
0.01	0.0808	1.6318	0.7765	1.2801	0.979	-0.2027	-0.0232	767	0	773	3	4	0.01	0.05	0	0.01	0
0.0331	0.2973	1.2492	0.6726	0.8083	-0.3185	-0.2732	-0.9077	428	770	1247	3	1	0.007	0.3889	0	0.032	0
0.0367	0.0838	1.135	0.5993	0.5545	-0.6416	-0.5872	-0.4935	769	771	1247	3	2	0.0053	0.625	0	0.0367	0
0.0331	0.094	1.0813	0.5507	0.5077	-0.854	-0.5152	-0.0728	770	772	1247	3	3	0.0038	0.4688	0	0.0331	0
0.0331	0.103	0.9923	0.5298	0.4994	-0.9188	-0.3044	-0.2513	771	773	1247	3	4	0.0046	0.1875	0	0.0295	0
0.0331	0.0306	0.8662	0.4834	0.5213	-0.8421	0.0509	-0.5369	772	0	1247	3	5	0.0052	0.0909	0	0.01	0
0.0216	0.0787	1.24	0.7021	0.8357	-0.905	-0.2624	-0.3349	428	775	1032	3	1	0.0037	0.2	1	0.0216	0
0.0216	0.1483	1.1687	0.6814	0.8094	-0.2078	0.2888	-0.9346	774	0	1032	3	2	0.0037	0.2	0	0.0216	0
0.0286	0.0397	1.3481	0.6996	0.8508	0.9524	-0.2588	0.1611	429	777	1034	3	1	0.0066	0.3438	1	0.0289	0
0.0284	0.0937	1.3859	0.6893	0.8572	0.6227	0.7601	0.1857	776	778	1034	3	2	0.0066	0.3438	0	0.0289	0
0.0275	0.0899	1.4731	0.7657	0.8577	0.5103	-0.4577	0.7281	777	779	1034	3	3	0.0038	0.4583	0	0.0274	0
0.0274	0.0842	1.4755	0.741	0.9341	0.3099	0.1984	0.9298	778	0	1034	3	4	0.006	0.14	0	0.01	0
0.01	0.2442	1.2582	0.6929	0.9019	0.3817	0.2581	0.8875	430	781	1035	3	1	0.01	0.05	0	0.01	0
0.01	0.0313	1.3514	0.7559	1.1186	0.0856	-0.11	0.9902	780	0	1035	3	2	0.01	0.05	0	0.01	0
0.01	0.1975	1.4899	0.8744	1.1977	-0.8822	0.2212	-0.4157	435	783	1038	3	1	0.01	0.05	1	0.01	0
0.01	0.0793	1.3156	0.9181	1.1156	-0.6973	-0.6983	-0.1615	782	784	1038	3	2	0.01	0.05	0	0.01	0
0.01	0.0623	1.2627	0.8651	1.1021	-0.639	0.7088	0.2988	783	0	1038	3	3	0.01	0.05	0	0.01	0
0.0127	0.1491	1.1905	0.333	0.3261	-0.9378	-0.1694	-0.3031	441	786	784	3	1	0.0083	0.3438	1	0.0342	0
0.0127	0.1144	1.0538	0.3155	0.2751	-0.9485	0.236	-0.2113	785	0	784	3	2	0.0171	0.2167	0	0.0342	0
0.014	0.1556	1.0691	0.9809	0.0511	0.6664	-0.7416	0.0768	445	0	350	3	1	0.0184	0.2429	0	0.0356	0
0.02	0.4483	0.8281	0.6019	-0.0954	0.5503	0.7795	-0.2992	443	789	352	3	1	0.0056	0.375	1	0.0191	0
0.0183	0.0737	1.0747	0.9513	-0.2295	0.7675	0.5788	0.2755	788	790	352	3	2	0.0056	0.375	0	0.0191	0
0.0197	0.107	1.1079	1.0019	-0.1995	0.4009	0.8843	0.2394	789	791	352	3	3	0.0068	0.22	0	0.0281	0
0.01	0.0579	1.1343	1.0941	-0.1612	0.6012	-0.336	0.725	790	0	352	3	4	0.01	0.05	0	0.01	0
0.0236	0.1176	0.928	0.9427	0.1341	-0.9445	0.2528	-0.2098	444	793	355	3	1	0.0046	0.3333	1	0.0218	0
0.023	0.0749	0.8169	0.9725	0.1095	-0.4607	-0.8609	-0.2161	792	794	355	3	2	0.0046	0.3333	0	0.0218	0
0.0276	0.0869	0.7913	0.8986	0.0942	-0.7198	-0.6881	-0.0923	793	795	355	3	3	0.0069	0.25	0	0.0326	0
0.0229	0.102	0.7432	0.8214	0.0972	-0.5383	-0.7205	-0.4372	794	0	355	3	4	0.0097	0.25	0	0.0247	0
0.0299	0.1656	1.0495	1.0496	0.1862	-0.3287	-0.8608	0.3885	446	797	356	3	1	0.0062	0.225	1	0.0356	0
0.0299	0.1353	0.9941	0.9	0.2515	-0.5906	0.1863	0.7851	796	798	356	3	2	0.0061	0.1143	0	0.0356	0
0.0195	0.11	0.9341	0.9354	0.3412	0.5127	0.3041	0.8029	797	799	356	3	3	0.0023	0.4167	0	0.0189	0
0.0189	0.0974	0.9954	0.973	0.4277	0.2959	0.0643	0.9531	798	0	356	3	4	0.005	0.2	0	0.0176	0
0.0153	0.4344	0.9056	0.8744	0.1674	0.3633	0.6703	-0.6471	444	801	1248	3	1	0.0303	0.1318	1	0.0321	0
0.0153	0.0742	1.0666	1.1474	-0.1001	0.1894	0.6101	0.7694	800	802	1248	3	2	0.0103	0.25	0	0.0321	0
0.01	0.0582	1.0954	1.1947	-0.0464	0.0187	0.8232	0.5675	801	0	1248	3	3	0.01	0.05	0	0.01	0
0.0194	0.1674	1.0688	1.1329	0.2986	0.4741	0.4691	0.7451	448	804	796	3	1	0.0045	0.375	1	0.0362	0
0.0194	0.1057	1.1558	1.203	0.4194	-0.612	-0.2019	-0.7646	803	805	796	3	2	0.0128	0.2167	0	0.0362	0
0.0112	0.0763	1.09	1.187	0.3489	-0.9781	-0.2083	-0.0018	804	0	796	3	3	0.0154	0.1	0	0.0593	0
0.0291	0.4525	-0.1103	-1.0687	-0.0905	-0.7798	0.6003	-0.1776	479	807	367	3	1	0.0034	0.2188	1	0.0294	1
0.0283	0.1159	-0.4631	-0.7971	-0.1708	0.6866	-0.5625	0.4606	806	808	367	3	2	0.0034	0.2188	0	0.0294	1
0.0265	0.2011	-0.4088	-0.8697	-0.112	0.3442	-0.7638	0.546	807	0	367	3	3	0.0106	0.0909	0	0.0265	1
0.0099	0.2132	-0.1157	-0.9983	-0.101	-0.7411	0.6087	-0.2833	478	810	368	3	1	0.0097	0.2143	1	0.0324	1
0.0099	0.1924	-0.2765	-0.8759	-0.1619	0.6107	-0.2832	0.7394	809	0	368	3	2	0.0209	0.2	0	0.0324	1
0.0375	0.0924	0.0041	-0.9726	-0.0696	0.6382	0.0315	0.7692	478	812	369	3	1	0.0082	0.4167	1	0.0375	1
0.0375	0.0805	0.063	-0.9696	0.0015	0.9789	-0.1218	-0.1638	811	813	369	3	2	0.0082	0.4167	0	0.0375	1
0.0375	0.0537	0.1376	-0.9925	0.0211	0.9629	-0.2695	0.0174	812	814	369	3	3	0.0081	0.1875	0	0.0289	1
0.0375	0.0778	0.1745	-1.0014	0.0121	0.3495	-0.4938	-0.7963	813	0	369	3	4	0.0114	0.125	0	0.01	1
0.0222	0.3535	-0.1486	-1.2669	-0.0093	-0.6637	-0.2734	-0.6962	480	816	377	3	1	0.006	0.4167	0	0.0222	1
0.0222	0.1332	-0.3864	-1.3762	-0.2186	-0.0347	-0.9438	-0.3287	815	817	377	3	2	0.0032	0.4167	0	0.0222	1
0.0289	0.0773	-0.3757	-1.507	-0.2768	-0.6067	-0.6851	-0.4031	816	818	377	3	3	0.0094	0.225	0	0.0682	1
0.0222	0.0427	-0.4229	-1.5607	-0.3007	-0.9891	-0.1372	-0.0541	817	819	377	3	4	0.0072	0.16	0	0.01	1
0.0222	0.0691	-0.4691	-1.5868	-0.2789	-0.7693	-0.4219	-0.4798	818	0	377	3	5	0.0027	0.06	0	0.01	1
0.0276	0.334	-0.1948	-1.2827	-0.1421	0.2439	-0.9685	0.0493	479	821	379	3	1	0.0032	0.25	0	0.0297	1
0.01	0.0545	-0.123	-1.6189	-0.1414	0.2156	-0.8188	0.5321	820	0	379	3	2	0.01	0.05	0	0.01	1
0.0145	0.4705	-0.1567	-1.1861	-0.0205	-0.5591	-0.7439	0.3662	480	823	382	3	1	0.0019	0.275	1	0.0147	1
0.0132	0.1353	-0.4197	-1.5361	0.1518	-0.0615	-0.8022	0.5939	822	824	382	3	2	0.0019	0.275	0	0.0147	1
0.01	0.1048	-0.4319	-1.6401	0.2372	0.4884	-0.4303	0.7591	823	0	382	3	3	0.01	0.05	0	0.01	1
0.0302	0.4218	0.042	-1.7094	0.1155	-0.4911	0.3798	0.7839	483	826	391	3	1	0.0044	0.4167	1	0.0302	1
0.0302	0.0834	-0.1651	-1.5492	0.4461	0.1978	-0.8501	0.4881	825	827	391	3	2	0.0044	0.4167	0	0.0302	1
0.0275	0.0762	-0.1535	-1.6275	0.4786	-0.0994	-0.7047	0.7025	826	828	391	3	3	0.004	0.375	0	0.0275	1
0.037	0.1475	-0.1241	-1.708	0.5508	-0.6526	-0.7023	0.2844	827	829	391	3	4	0.0167	0.3229	0	0.0516	1
0.036	0.0622	-0.1903	-1.8182	0.6005	-0.2015	-0.9782	-0.0498	828	830	391	3	5	0.0222	0.3651	0	0.0392	1
0.0305	0.2011	-0.1847	-1.8753	0.6026	-0.2151	-0.2732	0.9376	829	831	391	3	6	0.0054	0.3571	0	0.0305	1
0.0303	0.0283	-0.232	-1.935	0.7874	-0.2952	-0.4321	0.8521	830	832	391	3	7	0.0171	0.3308	0	0.0303	1
0.0226	0.1494	-0.2242	-1.9509	0.813	-0.2357	-0.8082	0.5397	831	833	391	3	8	0.0032	0.35	0	0.0206	1
0.0247	0.1502	-0.2695	-2.0717	0.8924	-0.0834	-0.646	0.7587	832	834	391	3	9	0.0036	0.55	0	0.0247	1
0.0274	0.0739	-0.2741	-2.1741	1.0057	-0.2499	-0.4698	0.8467	833	835	391	3	10	0.0036	0.5833	0	0.0274	1
0.0257	0.0708	-0.296	-2.2099	1.0624	-0.2487	-0.9154	0.3164	834	836	391	3	11	0.0036	0.5833	0	0.0257	1
0.025	0.1033	-0.3177	-2.2719	1.0926	-0.5339	-0.8448	0.035	835	837	391	3	12	0.0039	0.5313	0	0.025	1
0.0226	0.0866	-0.3673	-2.3579	1.1075	-0.7703	-0.4693	0.4317	836	838	391	3	13	0.0031	0.6667	0	0.0226	1
0.0246	0.0837	-0.4327	-2.391	1.1612	-0.6596	-0.662	0.356	837	839	391	3	14	0.0032	0.5	0	0.0246	1
0.0309	0.1257	-0.5174	-2.4499	1.1819	-0.1427	-0.6764	0.7226	838	840	391	3	15	0.006	0.4375	0	0.034	1
0.0263	0.0655	-0.5462	-2.5276	1.2765	-0.0266	-0.4936	0.8693	839	841	391	3	16	0.0038	0.3333	0	0.0275	1
0.0226	0.0539	-0.5513	-2.5953	1.3322	-0.4207	0.007	0.9072	840	842	391	3	17	0.0075	0.275	0	0.0162	1
0.0226	0.0576	-0.5676	-2.594	1.3903	-0.3615	-0.8702	0.3347	841	843	391	3	18	0.0018	0.06	0	0.01	1
0.0226	0.0341	-0.5989	-2.6437	1.4112	0.0725	-0.7542	0.6527	842	0	391	3	19	0.0065	0.225	0	0.01	1
0.0351	0.2826	0.0287	-1.6351	0.0892	0.0046	0.6932	0.7207	482	845	395	3	1	0.0075	0.4688	1	0.0351	1
0.0351	0.0917	0.03	-1.4392	0.2928	0.043	-0.9979	-0.0477	844	846	395	3	2	0.0075	0.4688	0	0.0351	1
0.0351	0.0612	0.0271	-1.532	0.2952	0.1849	-0.9828	0.0027	845	0	395	3	3	0.0089	0.2083	0	0.0614	1
0.0213	0.2235	-0.0914	-1.8348	0.0631	-0.0154	0.7489	0.6625	484	848	398	3	1	0.0028	0.4167	0	0.0208	1
0.0219	0.0833	-0.1058	-1.6916	0.2386	-0.2305	0.7748	0.5887	847	0	398	3	2	0.007	0.225	0	0.0241	1
0.0234	0.3962	0.0572	-1.7365	0.0835	0.526	0.3674	0.767	484	850	406	3	1	0.0077	0.4167	1	0.0234	1
0.0234	0.082	0.2656	-1.591	0.3874	0.0012	0.9772	0.2124	849	851	406	3	2	0.0077	0.4167	0	0.0234	1
0.0333	0.1379	0.2745	-1.5201	0.4196	0.4569	0.852	0.2557	850	852	406	3	3	0.0038	0.3	0	0.037	1
0.0317	0.1094	0.3545	-1.4042	0.4235	0.8785	-0.0223	0.4773	851	853	406	3	4	0.0036	0.4063	0	0.0328	1
0.0311	0.0886	0.4753	-1.417	0.4632	0.0956	-0.6656	0.7401	852	854	406	3	5	0.0032	0.3333	0	0.0322	1
0.0263	0.1854	0.4866	-1.4719	0.5289	0.3463	-0.2578	0.902	853	855	406	3	6	0.0028	0.1429	0	0.0263	1
0.0234	0.0223	0.5342	-1.5119	0.6991	0.1912	0.0313	0.9811	854	856	406	3	7	0.0089	0.075	0	0.01	1
0.0283	0.2682	0.5521	-1.4818	0.7529	0.2592	-0.7628	0.5924	855	857	406	3	8	0.0031	0.0972	0	0.029	1
0.0277	0.2367	0.6137	-1.6924	0.9068	0.1076	-0.7156	0.6902	856	858	406	3	9	0.0106	0.0381	0	0.0399	1
0.0234	0.0109	0.6126	-1.8364	1.0819	-0.2015	-0.5772	0.7913	857	0	406	3	10	0.0062	0.25	0	0.0205	1
0.0394	0.3887	-0.0166	-1.8172	0.0529	0.6123	-0.2555	0.7483	484	860	1250	3	1	0.0312	0.3808	0	0.0757	1
0.039	0.2684	0.2508	-1.9335	0.3289	-0.407	-0.8886	0.2112	859	861	1250	3	2	0.0298	0.5495	0	0.0691	1
0.0389	0.125	0.2001	-2.1607	0.3556	0.0951	-0.9788	-0.1813	860	862	1250	3	3	0.0173	0.6154	0	0.0548	1
0.0379	0.1297	0.1915	-2.3022	0.379	0.4923	-0.8593	-0.1387	861	863	1250	3	4	0.0197	0.5208	0	0.0539	1
0.0366	0.0633	0.2498	-2.4237	0.3978	0.2334	-0.9468	-0.2216	862	864	1250	3	5	0.0115	0.25	0	0.0511	1
0.0311	0.0807	0.2662	-2.4419	0.4146	0.7305	-0.4235	0.5357	863	865	1250	3	6	0.0039	0.4167	0	0.0311	1
0.0311	0.025	0.3433	-2.4747	0.4475	0.4949	-0.0451	0.8678	864	866	1250	3	7	0.01	0.05	0	0.01	1
0.0311	0.3269	0.3445	-2.4838	0.4595	0.231	-0.8647	0.4461	865	0	1250	3	8	0.0078	0.0412	0	0.01	1
0.0296	0.1397	-0.3175	-2.3802	0.236	-0.8132	-0.1104	0.5714	489	868	837	3	1	0.0067	0.3333	1	0.0296	1
0.0296	0.0726	-0.4311	-2.3956	0.3158	0.2108	-0.5808	0.7863	867	869	837	3	2	0.0067	0.3333	0	0.0296	1
0.023	0.0618	-0.4222	-2.4368	0.3672	-0.3179	-0.9257	0.2052	868	870	837	3	3	0.003	0.2917	0	0.023	1
0.0284	0.039	-0.4681	-2.4769	0.3971	0.2921	-0.4185	0.86	869	871	837	3	4	0.0094	0.25	0	0.2005	1
0.0199	0.1694	-0.4394	-2.5085	0.4209	0.1109	-0.4407	0.8908	870	872	837	3	5	0.01	0.2045	0	0.0199	1
0.0127	0.0936	-0.4274	-2.5862	0.5727	0.2923	-0.4198	0.8593	871	873	837	3	6	0.01	0.05	0	0.01	1
0.01	0.1316	-0.3435	-2.5658	0.5787	0.8263	-0.0895	0.5561	872	874	837	3	7	0.01	0.05	0	0.01	1
0.0053	0.0308	-0.354	-2.5659	0.561	0.6062	0.1976	-0.7703	873	0	837	3	8	0.01	0.05	0	0.01	1
0.0315	0.346	-0.388	-2.7657	0.342	-0.4741	0.5869	0.6564	492	876	845	3	1	0.0057	0.4583	0	0.0315	1
0.0315	0.3273	-0.5671	-2.583	0.5753	-0.8162	0.5578	-0.1507	875	877	845	3	2	0.0167	0.0789	0	0.0346	1
0.0315	0.0227	-0.8303	-2.392	0.5076	-0.8645	0.5009	0.0421	876	0	845	3	3	0.0072	0.0545	0	0.01	1
0.0248	0.3128	-0.3493	-2.8227	0.246	-0.5121	-0.8435	0.1622	493	0	846	3	1	0.008	0.3125	0	0.0248	1
0.01	0.5546	-0.3499	0.001	-0.3505	-0.8261	0.2197	0.519	502	0	445	3	1	0.01	0.05	0	0.01	1
0.026	0.1	-0.5408	0.2543	0.1534	0.9565	0.1205	0.2655	507	881	452	3	1	0.0074	0.4063	0	0.0256	1
0.0276	0.2079	-0.4506	0.2487	0.1871	-0.3435	-0.259	-0.9027	880	882	452	3	2	0.0044	0.3125	0	0.0293	1
0.0256	0.0476	-0.5137	0.1855	-0.0005	-0.4253	-0.3844	-0.8194	881	0	452	3	3	0.0089	0.4	0	0.03	1
0.0399	0.172	-0.7184	0.0048	0.0845	0.6143	0.1878	0.7664	504	884	1251	3	1	0.0191	0.2564	0	0.0506	1
0.0334	0.3292	-0.6151	0.0118	0.2501	-0.7075	0.5881	0.3919	883	885	1251	3	2	0.0038	0.2917	0	0.0334	1
0.0344	0.0996	-0.8155	0.2077	0.369	0.1266	0.7965	0.5912	884	886	1251	3	3	0.0034	0.2444	0	0.0393	1
0.0317	0.1214	-0.8265	0.2746	0.428	0.0227	-0.0581	-0.9981	885	887	1251	3	4	0.0076	0.22	0	0.0456	1
0.0237	0.1434	-0.7798	0.2839	0.2438	-0.5505	0.8171	-0.171	886	888	1251	3	5	0.0077	0.0727	0	0.0625	1
0.0141	0.0851	-0.8728	0.3594	0.2578	-0.9318	0.3596	0.0497	887	0	1251	3	6	0.0155	0.0444	0	0.0301	1
0.0025	0.6937	-0.0879	0.1864	-0.288	0.0138	-0.9342	0.3565	519	890	62	3	1	0.0386	0.0298	1	0.1157	1
0.0025	0.4924	-0.0409	-0.4369	-0.0052	0.6404	-0.7529	-0.1515	889	0	62	3	2	0.0907	0.06	0	0.1157	1
0.0379	0.8371	0.1918	0.0462	-0.1698	-0.3581	-0.8161	0.4537	519	892	63	3	1	0.0078	0.4872	0	0.059	1
0.0376	0.1077	-0.119	-0.617	0.2532	0.736	-0.5238	0.4289	891	893	63	3	2	0.0048	0.4063	0	0.0376	1
0.0376	0.142	-0.0484	-0.6747	0.3074	0.2052	-0.9759	0.0746	892	894	63	3	3	0.0032	0.25	0	0.0377	1
0.0376	0.095	-0.0033	-0.798	0.3689	0.6459	-0.763	0.025	893	895	63	3	4	0.0027	0.375	0	0.0236	1
0.0376	0.1724	0.0534	-0.8927	0.3267	0.7753	-0.5945	0.2134	894	896	63	3	5	0.0041	0.1455	0	0.0503	1
0.0376	0.0896	0.1534	-1.0118	0.3351	0.1538	-0.9203	0.3598	895	897	63	3	6	0.0096	0.2273	0	0.023	1
0.0376	0.0015	0.1585	-1.089	0.3568	-0.1733	-0.9317	-0.3191	896	0	63	3	7	0.0074	0.2917	0	0.0207	1
0.0377	0.1296	-0.2967	0.1071	-0.1201	-0.4246	0.6384	0.642	520	899	65	3	1	0.0111	0.2197	1	0.0528	1
0.0376	0.3088	-0.3379	0.1999	-0.0514	0.7168	0.0201	0.697	898	900	65	3	2	0.0185	0.2552	0	0.0528	1
0.0376	0.0872	-0.1364	0.239	0.1564	-0.3156	0.0226	0.9486	899	901	65	3	3	0.0037	0.5185	0	0.0385	1
0.0303	0.1137	-0.1491	0.256	0.2564	-0.8206	0.1877	0.5397	900	902	65	3	4	0.0042	0.5313	0	0.0303	1
0.0339	0.1511	-0.2396	0.2591	0.3504	-0.5796	0.6896	0.4342	901	903	65	3	5	0.0048	0.5417	0	0.0339	1
0.0375	0.1163	-0.3275	0.3498	0.4266	-0.3926	0.5726	0.7198	902	904	65	3	6	0.0055	0.5833	0	0.0389	1
0.0318	0.0844	-0.3939	0.4115	0.5091	-0.1545	0.4516	0.8788	903	905	65	3	7	0.0041	0.7083	0	0.0318	1
0.0373	0.1443	-0.3972	0.4648	0.5804	-0.533	0.4771	0.6988	904	906	65	3	8	0.0064	0.55	0	0.038	1
0.0361	0.1361	-0.4805	0.5764	0.6677	-0.8247	0.0538	0.563	905	907	65	3	9	0.0136	0.2708	0	0.0489	1
0.0348	0.1615	-0.5699	0.6198	0.7563	-0.8393	0.418	0.3475	906	908	65	3	10	0.0116	0.1111	0	0.0802	1
0.0303	0.214	-0.7082	0.6509	0.8425	-0.4764	0.5815	0.6595	907	909	65	3	11	0.0042	0.0294	0	0.0177	1
0.0303	0.1432	-0.8368	0.7564	0.9527	-0.7985	0.4284	0.4229	908	0	65	3	12	0.0046	0.075	0	0.01	1
0.0358	0.2877	-0.6655	-0.0646	0.2847	0.5951	0.1673	-0.7861	524	911	68	3	1	0.0091	0.425	0	0.0358	1
0.0358	0.1284	-0.4747	-0.0063	0.0762	-0.5534	-0.2926	0.7798	910	912	68	3	2	0.0098	0.1528	0	0.0633	1
0.0358	0.0329	-0.5313	-0.0859	0.1998	-0.5431	0.2597	0.7985	911	0	68	3	3	0.0096	0.125	0	0.01	1
0.0299	0.3415	-0.5031	-0.2657	0.3594	-0.9649	-0.1117	0.2375	522	914	72	3	1	0.0042	0.3571	0	0.0266	1
0.0299	0.0775	-0.8361	-0.3149	0.4317	-0.9703	0.1956	0.1425	913	915	72	3	2	0.0032	0.4167	0	0.0299	1
0.0299	0.0595	-0.922	-0.2978	0.4676	-0.8277	-0.4613	-0.3197	914	916	72	3	3	0.002	0.2917	0	0.0177	1
0.0351	0.111	-0.9522	-0.367	0.4498	-0.9098	-0.4138	0.031	915	917	72	3	4	0.0026	0.3333	0	0.0402	1
0.0299	0.0962	-1.0522	-0.3731	0.4516	-0.9996	0.0273	0.0015	916	918	72	3	5	0.0041	0.3125	0	0.028	1
0.0299	0.0904	-1.1534	-0.373	0.4828	-0.7395	-0.6506	-0.173	917	919	72	3	6	0.0024	0.375	0	0.0193	1
0.0299	0.0701	-1.2358	-0.4305	0.4697	-0.1472	-0.8794	-0.4528	918	920	72	3	7	0.0023	0.3333	0	0.0201	1
0.0339	0.1677	-1.2288	-0.5344	0.4732	-0.906	-0.0207	0.4228	919	921	72	3	8	0.0026	0.1818	0	0.0498	1
0.0299	0.0853	-1.3964	-0.5104	0.5326	-0.7402	-0.1503	0.6553	920	922	72	3	9	0.0024	0.3333	0	0.0269	1
0.0299	0.108	-1.4681	-0.5084	0.581	-0.7868	-0.1485	0.5991	921	923	72	3	10	0.0027	0.2813	0	0.0202	1
0.0299	0.1238	-1.5627	-0.5438	0.6251	-0.8215	-0.1717	0.5437	922	924	72	3	11	0.0105	0.2692	0	0.0214	1
0.0299	0.0482	-1.6504	-0.5814	0.6958	-0.7404	-0.5508	0.3852	923	925	72	3	12	0.0102	0.25	0	0.0177	1
0.0299	0.1282	-1.6978	-0.584	0.723	-0.8401	-0.4929	0.2266	924	926	72	3	13	0.0026	0.2	0	0.0267	1
0.0299	0.1098	-1.8053	-0.6573	0.7326	-0.9239	-0.3447	0.1661	925	927	72	3	14	0.0092	0.2222	0	0.0272	1
0.0299	0.0339	-1.9066	-0.6816	0.7693	-0.973	-0.1834	0.14	926	928	72	3	15	0.0103	0.2969	0	0.022	1
0.0299	0.1485	-1.9263	-0.7133	0.7706	-0.6095	-0.4072	0.6802	927	929	72	3	16	0.0018	0.2	0	0.0271	1
0.0299	0.0187	-2.0262	-0.7809	0.8522	-0.5215	-0.6892	0.5031	928	930	72	3	17	0.01	0.05	0	0.01	1
0.0299	0.0578	-2.0359	-0.7938	0.8616	-0.6929	0.0523	0.7191	929	0	72	3	18	0.01	0.05	0	0.01	1
0.0375	0.1824	-0.4035	-0.3378	0.2217	-0.4673	-0.2197	0.8564	521	932	75	3	1	0.0114	0.4074	1	0.0419	1
0.0375	0.1578	-0.4887	-0.3779	0.3779	-0.1486	-0.0569	0.9873	931	933	75	3	2	0.0114	0.4074	0	0.0419	1
0.0371	0.2551	-0.5061	-0.3914	0.5372	-0.466	0.0541	0.8831	932	934	75	3	3	0.0057	0.5139	0	0.0371	1
0.0322	0.1406	-0.6041	-0.3839	0.7711	-0.405	-0.1032	0.9085	933	935	75	3	4	0.0046	0.5	0	0.0322	1
0.0373	0.1478	-0.6722	-0.3928	0.8927	-0.4148	0.1657	0.8947	934	936	75	3	5	0.006	0.525	0	0.0376	1
0.031	0.0261	-0.7211	-0.3819	1.0315	-0.1784	0.293	0.9393	935	937	75	3	6	0.0152	0.4711	0	0.031	1
0.0272	0.0799	-0.7273	-0.3722	1.056	-0.5912	-0.4019	0.6992	936	938	75	3	7	0.0037	0.5417	0	0.0272	1
0.0326	0.1013	-0.7672	-0.3991	1.1176	-0.3912	-0.3685	0.8433	937	939	75	3	8	0.0047	0.5938	0	0.0326	1
0.0317	0.0911	-0.8016	-0.4387	1.2083	-0.7096	0.033	0.7038	938	940	75	3	9	0.0046	0.5833	0	0.0317	1
0.0272	0.2111	-0.8547	-0.4237	1.2824	-0.4594	-0.2687	0.8466	939	941	75	3	10	0.0042	0.3906	0	0.0263	1
0.0291	0.0547	-0.9491	-0.4902	1.4601	-0.4078	-0.2107	0.8885	940	942	75	3	11	0.0031	0.3333	0	0.0291	1
0.0368	0.0077	-0.9614	-0.4742	1.4944	-0.2734	0.5209	0.8087	941	943	75	3	12	0.0097	0.6154	0	0.0375	1
0.0327	0.2441	-0.9642	-0.4922	1.4805	-0.4304	-0.6011	0.6734	942	944	75	3	13	0.0057	0.0758	0	0.0411	1
0.0272	0.1542	-1.0787	-0.6543	1.6287	-0.4027	-0.5328	0.7443	943	945	75	3	14	0.0038	0.0625	0	0.01	1
0.0272	0.0842	-1.1267	-0.739	1.7491	-0.3771	-0.6499	0.6599	944	946	75	3	15	0.001	0.1	0	0.01	1
0.0272	0.1339	-1.1129	-0.7592	1.8292	-0.334	-0.2137	0.918	945	0	75	3	16	0.0054	0.0857	0	0.01	1
0.018	0.1811	-0.7288	-0.0617	0.3125	-0.8834	0.4149	0.2178	524	948	84	3	1	0.0341	0.24	0	0.0642	1
0.0133	0.113	-0.8968	0.0011	0.3531	-0.7741	0.531	0.3446	947	0	84	3	2	0.0286	0.1667	0	0.0536	1
0.0296	0.1254	-0.9245	-0.0983	0.2658	-0.7821	-0.6181	-0.0787	525	950	86	3	1	0.0052	0.2813	1	0.0302	1
0.0296	0.1011	-1.0226	-0.1758	0.2559	-0.6139	-0.4374	0.6571	949	951	86	3	2	0.0052	0.2813	0	0.0302	1
0.0178	0.1474	-1.0856	-0.1977	0.2974	-0.9916	-0.1116	-0.0653	950	952	86	3	3	0.0078	0.125	0	0.0241	1
0.01	0.0378	-1.2269	-0.2073	0.2803	0.0714	-0.7631	-0.6423	951	0	86	3	4	0.01	0.05	0	0.01	1
0.0296	0.134	-1.2259	0.0277	0.1629	-0.5298	0.1575	-0.8334	531	954	87	3	1	0.0087	0.3143	0	0.0354	1
0.0296	0.1824	-1.336	0.0851	0.0716	0.1551	0.6049	-0.781	953	955	87	3	2	0.0097	0.25	0	0.0356	1
0.0296	0.0113	-1.3126	0.1976	-0.0674	-0.0915	0.7803	-0.6187	954	956	87	3	3	0.0127	0.3016	0	0.0241	1
0.0296	0.0974	-1.3103	0.2135	-0.0773	0.7548	-0.0891	0.6499	955	0	87	3	4	0.0084	0.0833	0	0.01	1
0.0307	0.0655	-1.1583	-0.0684	0.2566	-0.164	0.8559	-0.4904	528	958	89	3	1	0.008	0.2813	1	0.035	1
0.0271	0.1038	-1.1632	-0.0131	0.2099	0.1208	0.9927	-0.0004	957	959	89	3	2	0.0057	0.1167	0	0.035	1
0.0162	0.1196	-1.1576	0.0754	0.2798	0.9461	-0.3228	0.0275	958	960	89	3	3	0.0019	0.2813	0	0.0166	1
0.01	0.0596	-1.0428	0.0339	0.2813	0.6904	-0.0641	0.7206	959	0	89	3	4	0.01	0.05	0	0.01	1
0.0225	0.3313	-1.0929	0.1964	0.2433	-0.9775	0.1803	0.1095	534	962	91	3	1	0.0041	0.375	1	0.023	1
0.0216	0.0756	-1.4168	0.2561	0.2796	-0.7946	-0.1391	-0.591	961	963	91	3	2	0.0041	0.375	0	0.023	1
0.0207	0.1232	-1.4814	0.2596	0.2321	0.0783	-0.172	-0.982	962	964	91	3	3	0.0142	0.2969	0	0.0243	1
0.016	0.0299	-1.4745	0.2472	0.1194	-0.7776	0.2863	-0.5598	963	0	91	3	4	0.005	0.25	0	0.016	1
0.0296	0.2305	-1.1007	0.2145	0.1981	-0.89	-0.0123	-0.4559	533	966	93	3	1	0.006	0.5	0	0.0296	1
0.0296	0.089	-1.3097	0.2039	0.0993	-0.8065	-0.0803	-0.5858	965	967	93	3	2	0.0091	0.22	0	0.0222	1
0.0296	0.0261	-1.3753	0.1913	0.0577	-0.2903	-0.9071	-0.3048	966	0	93	3	3	0.0064	0.15	0	0.01	1
0.0105	0.3511	-1.0298	0.2931	0.5549	-0.8608	0.1076	-0.4975	537	969	94	3	1	0.0188	0.2	0	0.0294	1
0.0132	0.0761	-1.3325	0.3205	0.375	-0.3996	-0.3965	0.8265	968	970	94	3	2	0.0122	0.3	0	0.0246	1
0.0133	0.0907	-1.3614	0.2911	0.4394	-0.6667	0.0097	0.7452	969	0	94	3	3	0.0066	0.0571	0	0.0217	1
0.0367	0.3691	-1.046	0.0728	0.1412	-0.7512	0.1317	-0.6469	532	972	1252	3	1	0.0385	0.2659	0	0.0993	1
0.0367	0.0871	-1.3552	0.0745	-0.0748	-0.8062	0.5865	0.0783	971	973	1252	3	2	0.021	0.3611	0	0.047	1
0.0366	0.2117	-1.443	0.0598	-0.0507	-0.5856	0.3503	0.731	972	974	1252	3	3	0.0293	0.3125	0	0.0694	1
0.0366	0.0467	-1.6165	0.1219	0.0618	-0.6623	0.2765	0.6963	973	975	1252	3	4	0.0163	0.4375	0	0.0831	1
0.0366	0.1193	-1.6533	0.1325	0.0839	-0.8755	0.1141	0.4696	974	976	1252	3	5	0.0056	0.5278	0	0.0403	1
0.0366	0.0774	-1.7591	0.1405	0.1417	-0.917	0.3006	0.2622	975	977	1252	3	6	0.0051	0.5926	0	0.0399	1
0.0366	0.1213	-1.8315	0.2218	0.1462	-0.7858	0.1442	0.6014	976	978	1252	3	7	0.0259	0.5104	0	0.0606	1
0.0364	0.148	-1.9123	0.2587	0.2132	0.2455	0.1152	0.9625	977	979	1252	3	8	0.0214	0.4375	0	0.0559	1
0.0364	0.0869	-1.9327	0.297	0.3653	0.1226	-0.1215	0.985	978	980	1252	3	9	0.0049	0.4583	0	0.037	1
0.0345	0.1397	-1.9237	0.284	0.4492	-0.2299	-0.4649	0.855	979	981	1252	3	10	0.0047	0.525	0	0.0316	1
0.0345	0.0932	-1.9776	0.2213	0.5491	-0.6292	-0.4157	0.6568	980	982	1252	3	11	0.0046	0.6667	0	0.0339	1
0.0345	0.0925	-2.0351	0.1995	0.6185	-0.9067	-0.1343	0.3998	981	983	1252	3	12	0.0041	0.75	0	0.0345	1
0.0404	0.0732	-2.1239	0.1928	0.6364	-0.9664	0.0276	0.2555	982	984	1252	3	13	0.0056	0.7407	0	0.0404	1
0.0366	0.0973	-2.2046	0.1702	0.6819	-0.9626	0.1304	-0.2376	983	985	1252	3	14	0.0205	0.6786	0	0.0503	1
0.0361	0.1027	-2.2696	0.1856	0.6978	-0.8033	0.1282	0.5816	984	986	1252	3	15	0.0235	0.5	0	0.0661	1
0.0354	0.0507	-2.3701	0.2124	0.6924	-0.287	0.9185	0.2719	985	987	1252	3	16	0.0253	0.2867	0	0.0365	1
0.0345	0.1756	-2.3735	0.263	0.713	-0.3538	-0.4223	0.8346	986	0	1252	3	17	0.0067	0.042	0	0.0236	1
0.0094	0.0536	-1.0324	0.795	1.0334	-0.4314	0.534	-0.7272	544	989	584	3	1	0.0175	0.22	0	0.0385	1
0.0043	0.1805	-1.0645	0.8996	1.0132	-0.2014	-0.2563	0.9454	988	990	584	3	2	0.0228	0.1111	0	0.0596	1
0.0047	0.062	-1.0873	0.8625	1.1727	0.5243	0.2209	0.8224	989	0	584	3	3	0	0.05	0	0.01	1
0.0337	0.0883	-1.0147	0.7916	1.0662	0.5064	0.7095	-0.49	543	992	958	3	1	0.0083	0.1667	1	0.0351	1
0.0309	0.2427	-0.97	0.8543	1.0229	0.7309	0.4004	0.5527	991	993	958	3	2	0.0083	0.1667	0	0.0351	1
0.0155	0.1233	-0.8063	0.9704	1.144	0.4955	0.7069	0.5046	992	994	958	3	3	0.01	0.05	0	0.01	1
0.01	0.0457	-0.801	0.9631	1.1454	0.8932	-0.4138	-0.1758	993	995	958	3	4	0.01	0.05	0	0.01	1
0.0066	0.049	-0.7552	0.9385	1.1297	-0.1663	-0.8434	0.5108	994	0	958	3	5	0.01	0.05	0	0.01	1
0.0172	0.066	-1.3324	0.9675	1.2397	0.5348	0.7893	-0.3016	549	997	1078	3	1	0.0045	0.3333	0	0.0193	1
0.0123	0.0711	-1.2733	0.9993	1.2191	0.5737	0.6542	0.4929	996	998	1078	3	2	0.0105	0.3	0	0.023	1
0.01	0.0861	-1.2372	1.0344	1.2724	-0.1865	0.8551	0.4837	997	0	1078	3	3	0.01	0.05	0	0.01	1
0.0296	0.1256	-1.2614	0.9292	1.1967	0.6434	0.7302	-0.2298	547	1000	1143	3	1	0.0104	0.2429	0	0.0359	1
0.0296	0.0786	-1.1827	1.0209	1.1676	-0.1021	0.6404	0.7613	999	1001	1143	3	2	0.0031	0.375	0	0.0275	1
0.0296	0.1008	-1.2024	1.0801	1.2025	-0.2813	0.856	0.4336	1000	1002	1143	3	3	0.004	0.25	0	0.029	1
0.0296	0.0382	-1.244	1.1521	1.2631	-0.2804	0.8309	0.4807	1001	0	1143	3	4	0.0078	0.1333	0	0.01	1
0.0234	0.1162	-0.1812	0.536	-0.1307	0.429	0.7742	0.4654	559	1004	1253	3	1	0.0065	0.2917	0	0.0201	1
0.0283	0.0858	-0.1066	0.6568	-0.0804	0.3553	-0.1727	0.9187	1003	1005	1253	3	2	0.0035	0.2917	0	0.0283	1
0.0293	0.0985	-0.0856	0.6439	0.02	0.7763	0.5607	0.2882	1004	1006	1253	3	3	0.0034	0.375	0	0.0314	1
0.0219	0.1156	-0.0058	0.6999	0.0569	-0.5252	0.8413	0.1279	1005	1007	1253	3	4	0.0028	0.2188	0	0.0249	1
0.0123	0.0764	-0.058	0.8066	0.0824	-0.6811	0.7257	-0.0969	1006	0	1253	3	5	0.0042	0.2188	0	0.0162	1
0.0107	0.1287	0.1569	0.8796	-0.1595	0.5638	0.5874	0.5805	576	1009	1256	3	1	0.0037	0.3333	0	0.0294	1
0.0112	0.0565	0.2295	0.9872	-0.0738	0.8793	-0.1581	0.4492	1008	1010	1256	3	2	0.0131	0.35	0	0.0278	1
0.01	0.0466	0.2792	0.9783	-0.0484	0.5721	0.7021	0.4241	1009	0	1256	3	3	0.01	0.05	0	0.01	1
0.0207	0.3431	0.7759	1.2341	0.4207	0.4259	0.552	0.7169	598	1012	890	3	1	0.0041	0.375	0	0.033	1
0.0207	0.0129	0.9228	1.4213	0.6638	0.048	0.7974	-0.6015	1011	1013	890	3	2	0.0099	0.45	0	0.0207	1
0.0207	0.0673	0.9315	1.4165	0.6534	-0.8779	-0.4772	0.039	1012	0	890	3	3	0.0061	0.2813	0	0.0351	1
0.0476	0.1684	1.0341	1.4765	0.6382	0.4993	0.0953	-0.8612	601	1015	892	3	1	0.0068	0.4	0	0.0476	1
0.0476	0.0391	1.1166	1.4861	0.5046	0.9189	0.2774	0.2803	1014	1016	892	3	2	0.007	0.1167	0	0.01	1
0.0476	0.0176	1.1209	1.4935	0.505	0.3323	-0.2601	-0.9066	1015	0	892	3	3	0.0025	0.0667	0	0.01	1
0.01	0.1805	1.0123	1.4115	0.6724	-0.8714	0.0752	-0.4848	600	0	893	3	1	0.01	0.05	0	0.01	1
0.0216	0.2115	1.0433	1.4182	0.5111	0.9933	-0.0464	0.1056	599	1019	895	3	1	0.0029	0.225	1	0.023	1
0.0205	0.1383	1.2534	1.4084	0.5334	0.4145	0.1048	0.904	1018	1020	895	3	2	0.0029	0.225	0	0.023	1
0.0177	0.0801	1.3186	1.4366	0.6695	-0.2924	-0.4912	0.8205	1019	0	895	3	3	0.0034	0.2813	0	0.0177	1
0.0198	0.0562	0.9962	1.4154	0.9121	0.7757	-0.5585	0.2938	602	1022	899	3	1	0.0038	0.2083	1	0.0185	1
0.0185	0.1738	1.0399	1.384	0.9286	0.2015	0.2989	0.9328	1021	1023	899	3	2	0.0038	0.2083	0	0.0185	1
0.0225	0.049	1.1041	1.4459	1.0826	0.4026	-0.6869	0.6051	1022	1024	899	3	3	0.0097	0.25	0	0.029	1
0.01	0.0497	1.1249	1.4234	1.1136	0.4266	-0.1513	0.8917	1023	1025	899	3	4	0.01	0.05	0	0.01	1
0.0066	0.033	1.1461	1.4159	1.1579	0.8066	-0.5814	0.1065	1024	0	899	3	5	0.01	0.05	0	0.01	1
0.0154	0.0966	0.9702	1.447	0.8256	-0.837	-0.5403	-0.0863	602	1027	900	3	1	0.0214	0.3265	1	0.0414	1
0.0154	0.1297	0.8916	1.395	0.7872	-0.5819	-0.8118	-0.049	1026	1028	900	3	2	0.0408	0.1286	0	0.0414	1
0.0093	0.1072	0.8043	1.2907	0.8057	-0.87	-0.2862	-0.4014	1027	0	900	3	3	0.0256	0.0875	0	0.0327	1
0.021	0.057	1.279	1.8075	1.102	0.3706	0.3349	-0.8663	607	1030	1206	3	1	0.0041	0.375	1	0.0258	1
0.021	0.076	1.3001	1.8266	1.0526	-0.2276	0.8247	-0.5177	1029	1031	1206	3	2	0.0041	0.375	0	0.0258	1
0.013	0.0365	1.2639	1.8785	1.015	-0.4166	0.6308	-0.6546	1030	1032	1206	3	3	0.01	0.05	0	0.01	1
0.01	0.0596	1.2487	1.9015	0.9911	0.6087	0.4827	-0.6297	1031	0	1206	3	4	0.01	0.05	0	0.01	1
0.0097	0.1217	0.7809	1.7642	0.7504	-0.6817	-0.6289	-0.3738	614	1034	1259	3	1	0.0023	0.375	0	0.0181	1
0.0097	0.0215	0.6961	1.6889	0.699	0.3917	-0.8698	-0.3001	1033	0	1259	3	2	0.01	0.05	0	0.01	1
0.0211	0.0498	0.6751	1.5854	0.7372	0.2053	0.5141	-0.8328	621	1036	915	3	1	0.013	0.4	1	0.0387	1
0.0211	0.1275	0.6822	1.6201	0.702	-0.9521	-0.1408	-0.2714	1035	0	915	3	2	0.0177	0.3286	0	0.0387	1
0.0225	0.0869	0.8091	1.7566	0.9497	0.2085	0.1656	0.9639	624	1038	919	3	1	0.0056	0.375	0	0.0216	1
0.0274	0.1179	0.8303	1.7792	1.045	-0.6884	-0.4913	0.5336	1037	1039	919	3	2	0.0038	0.45	0	0.0293	1
0.0228	0.0629	0.7533	1.7138	1.1106	-0.592	-0.5395	-0.5988	1038	1040	919	3	3	0.0096	0.4167	0	0.0225	1
0.0225	0.0891	0.7288	1.6675	1.0766	-0.2984	-0.0196	0.9542	1039	0	919	3	4	0.004	0.1	0	0.01	1
0.0209	0.1127	0.8486	1.8657	0.9327	0.8317	0.0004	0.5553	625	0	924	3	1	0.0066	0.4688	0	0.0209	1
0.0219	0.0433	1.0221	2.1546	0.8828	0.7058	0.1529	0.6917	627	1043	929	3	1	0.003	0.375	0	0.0226	1
0.01	0.1123	1.0622	2.1564	0.9042	0.7118	0.4054	0.5735	1042	0	929	3	2	0.01	0.05	0	0.01	1
0.0179	0.1533	0.9298	2.0406	0.7533	0.7579	0.6231	-0.1935	625	1045	931	3	1	0.0041	0.25	0	0.0169	1
0.0173	0.1069	1.0489	2.1279	0.7301	0.5571	0.6225	0.5497	1044	1046	931	3	2	0.0028	0.25	0	0.0203	1
0.015	0.1024	1.1041	2.2047	0.7874	0.3517	0.2774	0.8941	1045	1047	931	3	3	0.0026	0.2188	0	0.0197	1
0.01	0.0455	1.1419	2.2342	0.8782	0.4187	-0.8673	-0.2692	1046	0	931	3	4	0.01	0.05	0	0.01	1
0.0227	0.0402	0.243	1.628	0.6777	-0.4098	0.5177	-0.751	636	1049	1260	3	1	0.008	0.4167	1	0.0227	1
0.0227	0.0679	0.2265	1.6488	0.6475	-0.8172	0.0176	-0.576	1048	1050	1260	3	2	0.008	0.4167	0	0.0227	1
0.0227	0.15	0.193	1.6516	0.6132	-0.2018	0.6926	0.6926	1049	0	1260	3	3	0.0048	0.125	0	0.01	1
0.033	0.0846	0.8715	-0.114	0.76	-0.9836	0.0448	-0.1746	0	1052	1261	0	1	0.0054	0.4583	0	0.033	0
0.033	0.0816	0.78	-0.0907	0.7382	-0.6474	-0.4856	-0.5874	1051	0	1261	0	2	0.0107	0.1818	0	0.0199	0
0.0127	0.1389	-0.6377	1.9109	0.5018	-0.9945	-0.0384	0.0976	701	1054	699	4	1	0.0066	0.2917	1	0.0305	0
0.0127	0.0732	-0.7733	1.9119	0.5037	0.2959	0.8123	0.5026	1053	1055	699	4	2	0.0135	0.15	0	0.0305	0
0.0108	0.099	-0.817	1.9751	0.562	0.0288	0.9958	-0.0864	1054	0	699	4	3	0.0192	0.1889	0	0.0301	0
0.0025	0.0929	-0.5851	1.9723	0.5095	0.204	-0.5426	0.8148	702	0	1267	4	1	0.0388	0.1125	0	0.1185	0
0.0417	0.1881	-0.4925	1.3783	0.3306	0.8221	0.5476	-0.156	714	1058	276	4	1	0.0112	0.3	1	0.0417	0
0.0417	0.297	-0.3379	1.4813	0.3012	0.3526	-0.825	-0.4417	1057	1059	276	4	2	0.0112	0.3	0	0.0417	0
0.0399	0.0887	-0.2558	1.2423	0.2072	0.4709	-0.7796	0.4129	1058	1060	276	4	3	0.0036	0.4444	0	0.0399	0
0.0399	0.1171	-0.2562	1.2004	0.2213	-0.0589	-0.6886	-0.7227	1059	1061	276	4	4	0.0088	0.1795	0	0.0306	0
0.0425	0.1737	-0.2741	1.0791	0.1595	0.9014	-0.3701	-0.2247	1060	1062	276	4	5	0.018	0.1327	0	0.0679	0
0.0399	0.0121	-0.1407	1.0707	0.1186	0.8571	0.342	-0.3853	1061	1063	276	4	6	0.01	0.05	0	0.01	0
0.0399	0.2259	-0.1383	1.0807	0.0899	0.5084	-0.7825	-0.3595	1062	1064	276	4	7	0.0067	0.0769	0	0.0188	0
0.0399	0.008	-0.0277	0.9022	0.0061	0.5656	-0.6876	-0.4553	1063	0	276	4	8	0.0061	0.0769	0	0.01	0
0.0398	0.1321	-0.7061	1.5393	0.3741	-0.4659	-0.0862	-0.8806	716	1066	285	4	1	0.0075	0.5926	0	0.0397	0
0.0411	0.034	-0.781	1.5319	0.2553	0.0228	-0.4871	-0.873	1065	1067	285	4	2	0.0036	0.2593	0	0.0412	0
0.0397	0.1426	-0.7961	1.5402	0.2368	-0.2956	0.2296	-0.9273	1066	1068	285	4	3	0.0031	0.3	0	0.036	0
0.0397	0.0899	-0.8326	1.57	0.1008	-0.4954	0.1508	-0.8555	1067	0	285	4	4	0.0078	0.1282	0	0.0229	0
0.0405	0.0514	-0.8195	1.5849	0.4996	-0.0929	0.0802	0.9924	717	1070	288	4	1	0.0055	0.3125	1	0.0541	0
0.0405	0.0997	-0.8279	1.5978	0.5475	-0.3815	-0.4498	-0.8075	1069	1071	288	4	2	0.012	0.2154	0	0.0541	0
0.0181	0.0759	-0.908	1.5624	0.5136	-0.6927	0.2519	-0.6759	1070	1072	288	4	3	0.0035	0.05	0	0.01	0
0.01	0.0994	-0.9563	1.5873	0.4603	0.0346	-0.3388	-0.9402	1071	0	288	4	4	0.01	0.05	0	0.01	0
0.0411	0.1989	-0.7183	1.6015	0.4561	-0.6286	0.7777	-0.0067	716	1074	1269	4	1	0.0105	0.0385	1	0.0567	0
0.0411	0.0877	-0.8722	1.7647	0.4333	-0.1644	0.8206	0.5473	1073	1075	1269	4	2	0.0102	0.2418	0	0.0567	0
0.0183	0.1133	-0.9246	1.8443	0.4604	-0.431	0.2394	0.87	1074	1076	1269	4	3	0.0024	0.0714	0	0.01	0
0.01	0.1756	-0.9752	1.8623	0.5653	-0.2053	0.5807	0.7878	1075	0	1269	4	4	0.01	0.05	0	0.01	0
0.011	0.0805	-0.6905	1.5911	0.6643	-0.2371	0.9457	0.2223	720	1078	718	4	1	0.01	0.24	0	0.0205	0
0.0104	0.133	-0.7205	1.6698	0.7073	-0.3816	0.8888	-0.2536	1077	1079	718	4	2	0.01	0.05	0	0.01	0
0.01	0.0543	-0.7713	1.788	0.6736	-0.3767	0.08	-0.9229	1078	0	718	4	3	0.01	0.05	0	0.01	0
0.0074	0.0917	-0.7416	1.7775	0.8431	-0.0696	0.6517	-0.7553	722	0	1001	4	1	0.0061	0.2917	0	0.0177	0
0.0136	0.2537	-0.7137	1.7106	0.8105	0.3389	-0.8004	-0.4944	722	1082	1101	4	1	0.01	0.05	0	0.01	0
0.0174	0.3669	-0.6357	1.4996	0.7363	-0.7208	-0.6591	-0.2145	1081	1083	1101	4	2	0.0349	0.0684	0	0.0546	0
0.011	0.0124	-0.9098	1.2994	0.6425	-0.5216	-0.3939	-0.7568	1082	1084	1101	4	3	0.01	0.05	0	0.01	1
0.0129	0.2125	-0.9494	1.2675	0.6189	0.6776	-0.6664	-0.311	1083	1085	1101	4	4	0.0239	0.0909	0	0.0612	1
0.0081	0.034	-0.8547	1.1111	0.5611	0.2868	-0.958	0.0062	1084	1086	1101	4	5	0.01	0.05	0	0.01	1
0.0051	0.0878	-0.8449	1.0785	0.5613	0.7216	-0.5597	-0.4074	1085	0	1101	4	6	0.01	0.05	0	0.01	1
0.0272	0.0936	-1.4243	1.8472	-0.1463	-0.2495	0.3498	0.903	735	1088	1097	4	1	0.0068	0.3438	0	0.0277	0
0.0272	0.1129	-1.4818	1.8741	-0.0721	-0.295	0.8011	0.5209	1087	1089	1097	4	2	0.0086	0.25	0	0.0366	0
0.0272	0.109	-1.5219	1.9614	-0.0144	0.1268	-0.5695	0.8122	1088	1090	1097	4	3	0.0039	0.4688	0	0.0272	0
0.0272	0.0822	-1.4961	1.879	0.0691	0.1488	-0.1532	0.9769	1089	1091	1097	4	4	0.0036	0.25	0	0.0262	0
0.0272	0.0405	-1.4993	1.8576	0.1656	0.0667	0.8458	0.5293	1090	0	1097	4	5	0.0063	0.1	0	0.0189	0
0.0079	0.123	2.146	0.4926	0.4299	-0.2897	-0.0247	0.9568	763	1093	1201	4	1	0.0035	0.25	0	0.0222	0
0.0083	0.0601	2.1148	0.4859	0.5396	-0.8357	0.155	-0.5269	1092	1094	1201	4	2	0.01	0.05	0	0.01	0
0.0081	0.0452	2.0646	0.4952	0.5079	-0.2727	0.1418	-0.9516	1093	0	1201	4	3	0.01	0.05	0	0.01	0
0.0114	0.0986	1.4289	0.6799	0.8083	-0.7618	-0.6305	-0.1488	0	0	1272	0	1	0.0108	0.36	0	0.0213	0
0.0266	0.0856	1.5684	0.6884	0.7545	-0.686	-0.4114	-0.6002	0	1097	1130	0	1	0.0074	0.5	0	0.0266	0
0.0266	0.2357	1.51	0.6674	0.6962	0.8679	-0.2377	-0.4363	1096	1098	1130	0	2	0.0101	0.1636	0	0.0268	0
0.0266	0.0629	1.6958	0.6333	0.5889	0.1964	-0.0291	-0.9801	1097	0	1130	0	3	0.0114	0.2	0	0.01	0
0.0244	0.0872	1.0727	0.5672	0.4796	0.0017	0.6794	-0.7338	770	1100	780	4	1	0.0077	0.2917	1	0.0244	0
0.0244	0.0602	1.0728	0.6264	0.4156	0.2806	-0.7492	-0.6	1099	1101	780	4	2	0.0077	0.2917	0	0.0244	0
0.0277	0.1967	1.104	0.5781	0.3766	0.1444	0.9305	-0.3367	1100	1102	780	4	3	0.0077	0.125	0	0.0357	0
0.0125	0.0027	1.1162	0.7635	0.3215	-0.1852	0.8697	-0.4575	1101	1103	780	4	4	0.01	0.05	0	0.01	0
0.008	0.0648	1.1157	0.7659	0.3203	0.6842	0.386	0.6188	1102	0	780	4	5	0.01	0.05	0	0.01	0
0.0056	0.0789	0.9977	1.0725	-0.0273	-0.9208	0.1425	-0.3631	800	1105	1276	4	1	0.0444	0.2679	1	0.0882	0
0.0056	0.0775	0.9354	1.0952	-0.0678	-0.0507	0.7401	0.6706	1104	1106	1276	4	2	0.1024	0.275	0	0.0882	0
0.0026	0.0851	0.9358	1.1277	-0.0433	0.3897	0.7125	-0.5835	1105	0	1276	4	3	0.0332	0.15	0	0.0458	0
0.0211	0.2209	-0.4718	-1.5683	-0.2909	0.81	0.3763	0.4499	819	1108	808	4	1	0.0085	0.14	0	0.0275	1
0.0187	0.0953	-0.2848	-1.4772	-0.2208	-0.2276	-0.9217	-0.3142	1107	1109	808	4	2	0.0024	0.375	0	0.0204	1
0.0168	0.062	-0.3053	-1.5656	-0.2527	-0.4616	-0.8863	-0.0374	1108	1110	808	4	3	0.0028	0.3333	0	0.0206	1
0.01	0.0533	-0.3521	-1.6151	-0.2531	-0.2127	-0.8688	0.4471	1109	0	808	4	4	0.01	0.05	0	0.01	1
0.0256	0.1125	-0.4088	-1.5645	0.1741	0.842	0.3153	0.4377	823	1112	1278	4	1	0.0046	0.4063	0	0.0256	1
0.0256	0.0543	-0.2866	-1.5349	0.2409	0.1557	0.9841	0.0853	1111	0	1278	4	2	0.0075	0.1571	0	0.0883	1
0.0261	0.0266	-0.1398	-1.6613	0.4808	0.5211	-0.8073	-0.2769	827	1114	811	4	1	0.0085	0.3438	1	0.038	1
0.0258	0.1186	-0.1299	-1.683	0.4781	-0.2737	-0.9191	-0.2833	1113	1115	811	4	2	0.0122	0.25	0	0.038	1
0.022	0.1279	-0.1435	-1.7783	0.442	0.095	-0.3026	-0.9484	1114	1116	811	4	3	0.0037	0.3125	0	0.022	1
0.0219	0.0778	-0.1132	-1.8214	0.3753	-0.5535	-0.8245	0.1175	1115	1117	811	4	4	0.0191	0.24	0	0.0419	1
0.0111	0.0053	-0.1248	-1.8929	0.3777	-0.0306	-0.744	0.6675	1116	1118	811	4	5	0.01	0.05	0	0.01	1
0.0166	0.0635	-0.1445	-1.9029	0.3863	0.0027	0.629	0.7774	1117	0	811	4	6	0.0066	0.22	0	0.0228	1
0.0262	0.1278	-0.1842	-1.8963	0.5674	0.0306	-0.4586	-0.8881	830	1120	812	4	1	0.0031	0.225	1	0.0262	1
0.0255	0.1471	-0.1803	-1.9549	0.4539	0.2402	-0.4562	-0.8569	1119	1121	812	4	2	0.0031	0.225	0	0.0262	1
0.0199	0.0739	-0.1422	-2.0214	0.3248	-0.2385	-0.894	-0.3793	1120	1122	812	4	3	0.0026	0.2917	0	0.021	1
0.0105	0.0337	-0.1514	-2.091	0.2964	-0.2839	-0.6155	-0.7353	1121	1123	812	4	4	0.01	0.05	0	0.01	1
0.0075	0.0606	-0.1654	-2.1081	0.2673	-0.715	-0.6833	0.1478	1122	0	812	4	5	0.01	0.05	0	0.01	1
0.0214	0.1438	-0.178	-1.9063	0.6048	-0.1154	-0.8169	-0.5651	830	1125	813	4	1	0.0073	0.1875	0	0.0225	1
0.0289	0.1689	-0.1735	-2.0744	0.5163	-0.39	-0.2884	0.8745	1124	1126	813	4	2	0.0174	0.1111	0	0.0725	1
0.0134	0.02	-0.2181	-2.1677	0.646	-0.2266	-0.455	0.8611	1125	1127	813	4	3	0.01	0.05	0	0.01	1
0.01	0.0561	-0.2226	-2.1768	0.6633	-0.1528	-0.4219	0.8937	1126	0	813	4	4	0.01	0.05	0	0.01	1
0.0244	0.3771	-0.294	-2.1738	1.0764	0.2542	-0.5607	0.7881	835	1129	815	4	1	0.0032	0.3333	0	0.0246	1
0.0244	0.1504	-0.2087	-2.4711	1.351	0.6734	-0.2654	0.69	1128	1130	815	4	2	0.0047	0.06	0	0.0922	1
0.0135	0.0488	-0.1245	-2.4876	1.519	0.8739	-0.3326	0.3546	1129	1131	815	4	3	0.01	0.05	0	0.01	1
0.01	0.1897	-0.0819	-2.5038	1.5363	0.9923	-0.0304	0.12	1130	0	815	4	4	0.01	0.05	0	0.01	1
0.0078	0.2434	0.2853	-1.5343	0.4477	-0.5051	-0.7711	-0.3876	851	1133	821	4	1	0.0288	0.1083	0	0.0379	1
0.0079	0.0331	0.1632	-1.7259	0.3715	-0.8848	-0.4624	-0.0579	1132	0	821	4	2	0.01	0.05	0	0.01	1
0.0301	0.1412	0.3602	-1.373	0.4317	-0.6043	0.7216	0.3378	852	1135	1279	4	1	0.0058	0.4375	0	0.032	1
0.0301	0.0926	0.2823	-1.2794	0.4473	0.0162	0.9687	-0.2478	1134	1136	1279	4	2	0.0079	0.2	0	0.0209	1
0.0301	0.1398	0.2638	-1.1851	0.4252	0.2285	0.962	0.1495	1135	1137	1279	4	3	0.0092	0.075	0	0.01	1
0.0301	0.0962	0.2802	-1.05	0.4189	-0.2084	0.9679	0.1403	1136	0	1279	4	4	0.0067	0.09	0	0.01	1
0.0238	0.2736	0.2711	-1.8976	0.3652	0.6869	0.7112	-0.1497	859	1139	409	4	1	0.0064	0.2031	1	0.025	1
0.0191	0.2351	0.4548	-1.7026	0.3238	-0.0274	0.6438	0.7647	1138	1140	409	4	2	0.0073	0.1417	0	0.025	1
0.01	0.0344	0.4474	-1.5736	0.5021	0.3776	-0.0729	0.9231	1139	0	409	4	3	0.01	0.05	0	0.01	1
0.0196	0.5037	0.0531	-1.8076	0.0963	0.8433	0.1167	0.5247	859	1142	412	4	1	0.0065	0.2917	1	0.0205	1
0.0179	0.0702	0.4779	-1.7488	0.3606	-0.2451	-0.4562	0.8555	1141	1143	412	4	2	0.0065	0.2917	0	0.0205	1
0.0128	0.1492	0.4686	-1.7728	0.4155	0.7224	-0.3196	0.6132	1142	1144	412	4	3	0.01	0.05	0	0.01	1
0.01	0.0522	0.5763	-1.8205	0.507	0.4223	0.6544	0.6272	1143	0	412	4	4	0.01	0.05	0	0.01	1
0.0083	0.1728	0.2503	-1.8952	0.3274	0.9181	-0.0278	0.3955	859	1146	414	4	1	0.0181	0.1444	0	0.0309	1
0.0115	0.2398	0.4364	-1.9193	0.4002	-0.5504	-0.8212	-0.1506	1145	1147	414	4	2	0.0422	0.2846	0	0.0802	1
0.0079	0.077	0.304	-2.0983	0.4217	0.095	-0.9504	0.2962	1146	0	414	4	3	0.0162	0.1538	0	0.0358	1
0.0262	0.4631	0.0908	-1.8972	0.1657	-0.2741	-0.9049	0.3257	859	1149	415	4	1	0.0065	0.2857	0	0.0238	1
0.0248	0.0815	-0.0209	-2.3182	0.3113	-0.0219	-0.952	0.3052	1148	1150	415	4	2	0.0026	0.3333	0	0.0248	1
0.0256	0.143	-0.0097	-2.4049	0.3069	0.0194	-0.9526	0.3037	1149	1151	415	4	3	0.022	0.1125	0	0.0346	1
0.0236	0.0878	0.0064	-2.5384	0.3323	0.2128	-0.977	0.011	1150	1152	415	4	4	0.0069	0.18	0	0.0436	1
0.01	0.049	0.0422	-2.6179	0.3316	0.3548	-0.8827	0.3083	1151	1153	415	4	5	0.01	0.05	0	0.01	1
0.0091	0.0668	0.0422	-2.6561	0.3242	0.125	-0.9419	-0.3118	1152	0	415	4	6	0.01	0.05	0	0.01	1
0.0169	0.1621	0.2364	-2.0367	0.3761	0.6953	-0.3078	0.6495	860	1155	423	4	1	0.0157	0.3485	1	0.034	1
0.0169	0.1195	0.3591	-2.0798	0.478	-0.4168	0.8119	0.4087	1154	0	423	4	2	0.018	0.3667	0	0.034	1
0.0251	0.1283	0.2304	-2.4898	0.3723	-0.1146	-0.4311	-0.895	863	0	426	4	1	0.0063	0.375	0	0.0251	1
0.0394	0.4129	0.1942	-2.3729	0.3895	0.6881	0.5916	0.4202	862	1158	1280	4	1	0.0135	0.25	0	0.0365	1
0.0394	0.1533	0.4481	-2.1372	0.5422	0.352	0.5672	-0.7446	1157	1159	1280	4	2	0.0115	0.1827	0	0.0315	1
0.0394	0.0775	0.5015	-2.0502	0.4274	0.6762	-0.2965	-0.6744	1158	1160	1280	4	3	0.0047	0.4074	0	0.0394	1
0.0394	0.1463	0.5556	-2.0742	0.3824	0.7948	-0.5419	-0.2733	1159	1161	1280	4	4	0.0049	0.463	0	0.0419	1
0.0394	0.1448	0.705	-2.1391	0.2853	0.6867	-0.6917	0.2235	1160	1162	1280	4	5	0.0252	0.5385	0	0.0794	1
0.0394	0.1098	0.8058	-2.239	0.2761	0.6641	-0.7474	0.0184	1161	1163	1280	4	6	0.0188	0.4615	0	0.085	1
0.0394	0.026	0.8577	-2.3011	0.2102	0.6809	-0.6183	-0.3925	1162	1164	1280	4	7	0	0.022	0	0.0484	1
0.0394	0.127	0.8679	-2.3695	0.2412	0.7206	0.3616	0.5916	1163	0	1280	4	8	0.012	0.1319	0	0.0174	1
0.0295	0.097	0.2948	-2.4259	0.4404	-0.098	0.9929	0.0678	864	1166	862	4	1	0.0061	0.4583	1	0.03	1
0.0295	0.0853	0.2853	-2.3296	0.447	-0.0803	-0.8228	0.5626	1165	1167	862	4	2	0.0061	0.4583	0	0.03	1
0.0295	0.0578	0.311	-2.4108	0.5288	0.7311	0.0845	-0.677	1166	1168	862	4	3	0.0038	0.3333	0	0.0331	1
0.0295	0.0354	0.3827	-2.3981	0.522	0.5583	0.5302	-0.6382	1167	0	862	4	4	0.0075	0.2917	0	0.0258	1
0.0204	0.0993	-0.5123	-2.6504	0.5146	-0.5785	0.0913	0.8106	875	1170	1282	4	1	0.0063	0.4167	1	0.0204	1
0.0204	0.0765	-0.5697	-2.6414	0.5951	-0.3523	0.5408	0.7638	1169	1171	1282	4	2	0.0063	0.4167	0	0.0204	1
0.0204	0.0899	-0.6021	-2.6011	0.6496	-0.369	-0.6206	0.6919	1170	0	1282	4	3	0.0036	0.3438	0	0.0243	1
0.0294	0.1109	-0.6474	0.0798	0.2905	-0.1117	0.8677	0.4843	884	1173	457	4	1	0.0084	0.4167	1	0.0294	1
0.0294	0.0861	-0.6597	0.1761	0.3442	-0.3971	0.5446	0.7387	1172	1174	457	4	2	0.0084	0.4167	0	0.0294	1
0.0294	0.0335	-0.6859	0.2316	0.4327	-0.42	-0.8073	0.4146	1173	1175	457	4	3	0.007	0.175	0	0.01	1
0.0294	0.0609	-0.677	0.1895	0.459	0.1275	0.7375	0.6632	1174	0	457	4	4	0.0064	0.1	0	0.01	1
0.0182	0.2101	-0.1069	-0.581	0.2376	0.2953	0.8765	-0.3803	892	1177	537	4	1	0.0056	0.25	1	0.0192	1
0.0165	0.0781	-0.0448	-0.3969	0.1577	0.6939	0.1198	0.71	1176	1178	537	4	2	0.0056	0.25	0	0.0192	1
0.0124	0.1233	0.0043	-0.3934	0.2092	0.0333	-0.5718	0.8197	1177	1179	537	4	3	0.01	0.05	0	0.01	1
0.01	0.0752	-0.0097	-0.4596	0.319	0.4706	0.3264	0.8198	1178	0	537	4	4	0.01	0.05	0	0.01	1
0.0282	0.2938	0.0605	-0.8724	0.3575	-0.7811	0.5643	-0.2672	895	1181	540	4	1	0.0055	0.3333	0	0.0326	1
0.019	0.1047	-0.1885	-0.72	0.3269	-0.2708	-0.8929	-0.3598	1180	1182	540	4	2	0.0024	0.2188	0	0.018	1
0.0144	0.1716	-0.2168	-0.8054	0.2843	-0.7022	-0.3672	-0.61	1181	1183	540	4	3	0.01	0.05	0	0.01	1
0.01	0.0656	-0.3373	-0.8685	0.1796	-0.9593	-0.0059	-0.2825	1182	0	540	4	4	0.01	0.05	0	0.01	1
0.0341	0.0984	-0.0207	-0.7547	0.2775	0.2241	0.2633	-0.9383	893	1185	542	4	1	0.0072	0.375	1	0.0355	1
0.0306	0.1163	0.0014	-0.7288	0.1853	0.7091	-0.3857	0.5903	1184	1186	542	4	2	0.0072	0.375	0	0.0355	1
0.017	0.0481	0.066	-0.7933	0.2223	0.8829	-0.398	-0.2492	1185	1187	542	4	3	0.0091	0.2	0	0.01	1
0.01	0.0237	0.0651	-0.8094	0.2263	0.2338	-0.615	0.7531	1186	0	542	4	4	0.01	0.05	0	0.01	1
0.0159	0.1437	-0.0726	-0.6346	0.3152	-0.522	-0.0566	0.8511	892	1189	1284	4	1	0.0213	0.225	0	0.0426	1
0.0121	0.017	-0.1331	-0.6285	0.464	0.0089	-0.8829	0.4695	1188	1190	1284	4	2	0.01	0.05	0	0.01	1
0.01	0.0511	-0.1217	-0.6359	0.4719	-0.3646	0.5423	0.757	1189	0	1284	4	3	0.01	0.05	0	0.01	1
0.0113	0.1016	-0.3188	0.2085	0.0165	-0.6477	0.3721	0.6648	899	1192	546	4	1	0.0313	0.3333	1	0.0403	1
0.0113	0.1284	-0.3506	0.2436	0.1483	-0.3319	-0.9333	0.1374	1191	1193	546	4	2	0.0229	0.1625	0	0.0403	1
0.01	0.0659	-0.379	0.1212	0.1707	-0.0599	-0.9402	-0.3354	1192	0	546	4	3	0.01	0.05	0	0.01	1
0.01	0.1144	-0.1669	0.2036	0.23	-0.1785	-0.9822	0.058	900	1195	549	4	1	0.01	0.05	1	0.01	1
0.01	0.1009	-0.1874	0.0912	0.2366	0.9904	0.0172	-0.137	1194	0	549	4	2	0.01	0.05	0	0.01	1
0.0236	0.1934	-0.0985	0.2353	0.161	0.3934	0.0571	0.9176	900	1197	552	4	1	0.0067	0.4063	0	0.0236	1
0.0236	0.0793	-0.02	0.2423	0.3364	0.3732	-0.2243	0.9002	1196	0	552	4	2	0.0026	0.3333	0	0.0221	1
0.011	0.2785	-0.2164	0.2352	0.2796	-0.9095	0.3541	0.2179	900	1199	553	4	1	0.0041	0.275	0	0.028	1
0.018	0.1433	-0.4642	0.3368	0.3413	-0.4091	0.4867	0.7718	1198	1200	553	4	2	0.0033	0.35	0	0.0225	1
0.01	0.0621	-0.5184	0.4026	0.4543	-0.0327	0.4691	0.8825	1199	0	553	4	3	0.01	0.05	0	0.01	1
0.0379	0.2691	-0.3061	0.3572	0.4643	0.9616	-0.2677	-0.0604	903	1202	554	4	1	0.0093	0.5833	0	0.0379	1
0.0379	0.075	-0.0466	0.3078	0.4816	0.8623	-0.4291	0.2688	1201	0	554	4	2	0.0154	0.2727	0	0.0358	1
0.0241	0.0583	-0.5376	0.5455	0.6924	-0.6437	-0.66	0.3874	906	1204	560	4	1	0.0057	0.2917	0	0.0241	1
0.0274	0.1031	-0.6217	0.4782	0.7313	-0.0168	0.5106	0.8597	1203	1205	560	4	2	0.0038	0.25	0	0.0289	1
0.0211	0.1756	-0.6394	0.5256	0.7991	-0.78	0.3752	0.5008	1204	1206	560	4	3	0.0032	0.1458	0	0.0211	1
0.0125	0.1135	-0.759	0.5826	0.903	-0.5381	0.3384	0.772	1205	1207	560	4	4	0.01	0.05	0	0.01	1
0.01	0.0943	-0.8476	0.5975	0.8825	-0.9455	0.2701	0.182	1206	1208	560	4	5	0.01	0.05	0	0.01	1
0.0054	0.0621	-0.918	0.555	0.8804	-0.9593	-0.2785	0.0464	1207	0	560	4	6	0.01	0.05	0	0.01	1
0.0307	0.1861	-0.415	0.5277	0.6523	-0.2843	0.5679	0.7724	905	1210	561	4	1	0.009	0.1786	0	0.0304	1
0.0354	0.1131	-0.47	0.6388	0.7863	-0.3176	0.7959	0.5154	1209	1211	561	4	2	0.0072	0.1667	0	0.0494	1
0.0209	0.172	-0.5206	0.6971	0.8851	-0.3127	0.7993	0.5132	1210	1212	561	4	3	0.0109	0.1556	0	0.0316	1
0.01	0.0288	-0.586	0.8069	0.9577	-0.9126	0.4066	-0.0423	1211	0	561	4	4	0.01	0.05	0	0.01	1
0.0211	0.0677	-0.5441	-0.0412	0.0725	-0.5356	-0.4462	-0.717	910	1214	1285	4	1	0.0064	0.375	1	0.0211	1
0.0211	0.1746	-0.5804	-0.0715	0.0239	0.5157	-0.5156	0.6843	1213	0	1285	4	2	0.0064	0.375	0	0.0211	1
0.0206	0.2129	-1.4693	-0.5355	0.5483	-0.2792	0.7165	-0.6393	920	1216	1140	4	1	0.003	0.2917	0	0.0206	1
0.0208	0.1816	-1.5294	-0.3755	0.4171	-0.2247	0.5244	-0.8213	1215	1217	1140	4	2	0.0025	0.2292	0	0.0208	1
0.0142	0.0814	-1.5651	-0.2888	0.2648	0.0893	0.4032	-0.9107	1216	1218	1140	4	3	0.01	0.05	0	0.01	1
0.0212	0.0338	-1.5595	-0.2383	0.2474	-0.8071	0.5565	-0.1971	1217	1219	1140	4	4	0.0038	0.2333	0	0.0433	1
0.01	0.0397	-1.5735	-0.2256	0.2323	0.5631	0.7474	0.3527	1218	1220	1140	4	5	0.01	0.05	0	0.01	1
0.007	0.0353	-1.5501	-0.2074	0.2447	-0.2352	0.1136	-0.9653	1219	0	1140	4	6	0.01	0.05	0	0.01	1
0.0339	0.0377	-1.5772	-0.5773	0.6369	0.4724	-0.8465	-0.2457	923	1222	1178	4	1	0.0051	0.4167	1	0.0339	1
0.0339	0.0782	-1.5594	-0.6092	0.6276	0.2996	-0.1722	-0.9384	1221	1223	1178	4	2	0.0051	0.4167	0	0.0339	1
0.0339	0.0913	-1.5652	-0.5917	0.5577	-0.7139	-0.6882	0.1296	1222	1224	1178	4	3	0.0084	0.2273	0	0.019	1
0.0339	0.1201	-1.6004	-0.6901	0.5914	-0.6806	-0.7028	-0.207	1223	1225	1178	4	4	0.0045	0.1818	0	0.018	1
0.0339	0.3412	-1.8346	-0.7655	0.4584	-0.1148	-0.9902	0.0793	1224	1226	1178	4	5	0.134	0.0335	0	0.1771	1
0.0339	0.1147	-2.0457	-1.0498	0.3585	0.4877	-0.3404	-0.8039	1225	0	1178	4	6	0.0093	0.1273	0	0.01	1
0.049	0.1461	-1.1397	0.0931	0.0121	0.9635	-0.0829	-0.2546	971	1228	97	4	1	0.0081	0.4697	1	0.049	1
0.049	0.1698	-0.999	0.081	-0.0251	-0.8403	-0.3667	-0.3992	1227	1229	97	4	2	0.0081	0.4697	0	0.049	1
0.049	0.0748	-1.1312	0.0387	-0.056	-0.5136	-0.6836	0.5185	1228	1230	97	4	3	0.0073	0.1563	0	0.0199	1
0.049	0.116	-1.2284	-0.033	-0.044	0.2183	-0.9445	0.2455	1229	1231	97	4	4	0.0086	0.0804	0	0.01	1
0.049	0.1048	-1.1736	-0.0975	-0.007	0.6432	-0.5257	0.5566	1230	0	97	4	5	0.0057	0.0268	0	0.01	1
0.0174	0.0876	-1.0065	0.0659	0.1271	0.929	-0.1631	-0.3323	971	1233	98	4	1	0.0106	0.35	1	0.0376	1
0.0174	0.1357	-0.927	0.0567	0.1012	-0.089	0.507	-0.8573	1232	1234	98	4	2	0.0195	0.2286	0	0.0376	1
0.0143	0.0843	-0.9209	0.126	-0.0217	-0.2772	-0.5303	-0.8012	1233	0	98	4	3	0.0098	0.1143	0	0.0291	1
0.0238	0.1207	-1.0254	0.0459	0.1248	0.7496	-0.4262	-0.5064	971	1236	101	4	1	0.0099	0.1286	0	0.0317	1
0.0238	0.089	-0.9408	-0.0146	0.0462	0.9541	-0.0446	-0.2962	1235	1237	101	4	2	0.0035	0.4167	0	0.0238	1
0.0238	0.0665	-0.8582	-0.0162	0.025	0.8834	0.4287	0.1892	1236	0	101	4	3	0.0028	0.375	0	0.0267	1
0.0118	0.0299	-1.2527	0.132	-0.0023	-0.5298	0.708	0.4669	971	1239	102	4	1	0.0085	0.2813	1	0.0295	1
0.0118	0.1159	-1.2736	0.1514	0.0053	0.0433	-0.9689	0.2438	1238	1240	102	4	2	0.014	0.0667	0	0.0295	1
0.01	0.0982	-1.2658	0.0451	0.0324	0.8967	-0.3569	0.2618	1239	0	102	4	3	0.01	0.05	0	0.01	1
0.0145	0.0954	-1.3353	0.1033	-0.0857	0.5382	0.8234	-0.18	972	0	103	4	1	0.0178	0.2444	0	0.0377	1
0.0159	0.2004	-1.2804	-0.0092	-0.198	0.9646	0.0706	-0.2539	973	0	108	4	1	0.0058	0.3333	0	0.0335	1
0.01	0.1064	-1.4178	0.1589	-0.0479	-0.0748	0.9673	0.2424	972	0	111	4	1	0.01	0.05	0	0.01	1
0.0206	0.1492	-1.4714	0.0757	0.0378	0.7698	-0.487	0.4126	973	1245	116	4	1	0.0013	0.4167	1	0.0197	1
0.0203	0.08	-1.3565	0.003	0.0993	-0.2395	0.8567	0.4569	1244	1246	116	4	2	0.0013	0.4167	0	0.0197	1
0.0237	0.0636	-1.3775	0.0863	0.1473	0.9613	0.233	-0.1472	1245	1247	116	4	3	0.0035	0.2917	0	0.0283	1
0.0197	0.0667	-1.3019	0.1256	0.1398	0.8616	-0.5025	-0.0715	1246	0	116	4	4	0.0055	0.1	0	0.01	1
0.0317	0.1206	-1.4988	0.0911	0.0715	0.5333	-0.374	0.7588	973	1249	117	4	1	0.0099	0.375	1	0.0329	1
0.0285	0.0776	-1.4345	0.046	0.163	-0.3957	-0.8098	0.4333	1248	1250	117	4	2	0.0099	0.375	0	0.0329	1
0.0163	0.072	-1.4837	0.0016	0.2145	-0.7515	-0.6509	-0.1077	1249	1251	117	4	3	0.0052	0.12	0	0.01	1
0.01	0.1381	-1.5384	-0.0416	0.2046	-0.7116	-0.4457	-0.5431	1250	0	117	4	4	0.01	0.05	0	0.01	1
0.0283	0.1334	-1.6366	0.1138	0.1232	0.2714	-0.5522	0.7883	974	1253	118	4	1	0.0064	0.35	1	0.0295	1
0.0254	0.1385	-1.6004	0.0402	0.2283	0.014	0.5998	0.8001	1252	1254	118	4	2	0.0064	0.35	0	0.0295	1
0.0153	0.0077	-1.6133	0.1277	0.33	0.0459	0.9243	0.3789	1253	1255	118	4	3	0.004	0.15	0	0.01	1
0.01	0.0688	-1.614	0.1338	0.3353	-0.9152	0.2969	-0.2724	1254	0	118	4	4	0.01	0.05	0	0.01	1
0.0348	0.1046	-1.9047	0.2163	0.2391	0.4002	-0.5911	0.7003	977	1257	123	4	1	0.0066	0.303	1	0.0524	1
0.0347	0.0845	-1.8752	0.1678	0.3244	0.5486	-0.2161	0.8077	1256	1258	123	4	2	0.0072	0.1091	0	0.0524	1
0.0347	0.1364	-1.8236	0.1443	0.3912	0.6862	0.5593	0.4651	1257	1259	123	4	3	0.003	0.25	0	0.0343	1
0.0347	0.133	-1.7113	0.2328	0.449	0.3051	-0.0284	0.9519	1258	1260	123	4	4	0.0069	0.1477	0	0.0281	1
0.0347	0.106	-1.7024	0.2322	0.5482	-0.6481	0.0712	0.7582	1259	1261	123	4	5	0.0082	0.1636	0	0.0281	1
0.0347	0.0762	-1.7168	0.2274	0.6379	-0.1457	0.0992	0.9843	1260	1262	123	4	6	0.0039	0.3333	0	0.0372	1
0.0347	0.0397	-1.7097	0.2409	0.6987	0.6396	-0.3895	0.6627	1261	1263	123	4	7	0.0039	0.4167	0	0.0347	1
0.0347	0.0417	-1.6827	0.2217	0.7302	0.7302	-0.4257	-0.5344	1262	1264	123	4	8	0.0085	0.1818	0	0.0247	1
0.0347	0.0656	-1.6478	0.2156	0.7077	-0.2639	0.1208	0.9569	1263	0	123	4	9	0.009	0.197	0	0.0273	1
0.0232	0.0293	-2.4008	0.2542	0.7833	0.4921	-0.747	0.447	987	1266	127	4	1	0.0064	0.175	0	0.0295	1
0.0232	0.0842	-2.3991	0.2283	0.8642	-0.7403	0.665	-0.0988	1265	1267	127	4	2	0.0034	0.4583	0	0.0232	1
0.0232	0.023	-2.4275	0.1943	0.8567	-0.8713	-0.3313	-0.362	1266	0	127	4	3	0.0085	0.2917	0	0.0222	1
0.0362	0.1602	-1.8581	0.3025	0.3336	0.9704	0.0279	-0.2399	978	1269	1286	4	1	0.0068	0.5	0	0.0362	1
0.0362	0.1049	-1.7023	0.2952	0.2958	0.9882	0.0372	0.1486	1268	1270	1286	4	2	0.0072	0.6944	0	0.0405	1
0.0362	0.0744	-1.5803	0.2944	0.3	0.4671	-0.2371	0.8518	1269	1271	1286	4	3	0.0064	0.4722	0	0.0394	1
0.0362	0.0727	-1.546	0.2911	0.3503	0.8676	0.3469	0.3562	1270	1272	1286	4	4	0.0139	0.2167	0	0.043	1
0.0362	0.0724	-1.4771	0.288	0.3708	0.943	0.2381	-0.2326	1271	0	1286	4	5	0.0091	0.2083	0	0.0237	1
0.0313	0.1577	-1.9037	0.262	0.4139	0.6502	0.0789	0.7556	979	1274	603	4	1	0.0088	0.5833	0	0.0313	1
0.0313	0.0711	-1.7972	0.2678	0.5348	-0.5803	-0.1363	0.8029	1273	1275	603	4	2	0.0036	0.375	0	0.0322	1
0.0313	0.05	-1.8898	0.2714	0.5911	0.1761	0.7215	0.6697	1274	0	603	4	3	0.0077	0.12	0	0.0152	1
0.0215	0.2279	-1.9072	0.2769	0.5045	0.2825	-0.122	0.9515	980	1277	606	4	1	0.0028	0.375	1	0.0215	1
0.0215	0.08	-1.8428	0.249	0.7214	-0.5461	0.3875	0.7427	1276	1278	606	4	2	0.0028	0.375	0	0.0215	1
0.0201	0.0777	-1.886	0.2799	0.7818	-0.6738	0.5699	0.4704	1277	1279	606	4	3	0.003	0.2917	0	0.0201	1
0.0226	0.1698	-1.9455	0.3219	0.8094	-0.4585	0.8764	0.1471	1278	1280	606	4	4	0.0143	0.1111	0	0.0437	1
0.018	0.222	-2.0523	0.4572	0.8469	-0.2277	0.8775	0.4221	1279	1281	606	4	5	0.0179	0.1091	0	0.0502	1
0.009	0.0182	-2.1113	0.6245	0.9529	0.1651	0.3589	0.9187	1280	1282	606	4	6	0.01	0.05	0	0.01	1
0.006	0.0467	-2.1083	0.631	0.9696	0.6456	0.0579	0.7615	1281	0	606	4	7	0.01	0.05	0	0.01	1
0.0299	0.101	-1.992	0.213	0.6093	-0.2314	-0.1325	0.9638	981	1284	610	4	1	0.0042	0.375	1	0.0233	1
0.0299	0.0548	-2.017	0.2019	0.7033	-0.8206	0.2197	0.5276	1283	1285	610	4	2	0.0085	0.325	0	0.0233	1
0.0299	0.1113	-2.058	0.2216	0.735	-0.2533	-0.2127	0.9437	1284	1286	610	4	3	0.0036	0.4375	0	0.0299	1
0.0299	0.0293	-2.0841	0.2009	0.8412	0.6334	-0.6103	0.4757	1285	1287	610	4	4	0	0.0286	0	0.01	1
0.0299	0.0585	-2.077	0.1888	0.8594	-0.4853	-0.391	-0.782	1286	0	610	4	5	0.0045	0.14	0	0.01	1
0.0179	0.2068	-2.3803	0.2901	0.641	-0.6962	-0.6209	0.3603	987	0	624	4	1	0.007	0.175	0	0.0179	1
0.0279	0.1442	-2.4032	0.213	0.7122	-0.4515	0.8535	-0.26	986	1290	625	4	1	0.0055	0.525	0	0.0279	1
0.0279	0.0832	-2.4605	0.3534	0.6744	-0.6881	0.2991	-0.6611	1289	0	625	4	2	0.0084	0.225	0	0.0208	1
0.015	0.0427	-2.3942	0.1874	0.8407	0.9018	-0.4012	0.1606	987	1292	626	4	1	0.0045	0.375	1	0.028	1
0.015	0.0855	-2.361	0.1718	0.8429	0.1258	-0.8877	-0.4428	1291	1293	626	4	2	0.0111	0.24	0	0.028	1
0.0129	0.0784	-2.342	0.1074	0.7957	0.6214	0.1718	0.7644	1292	0	626	4	3	0.0117	0.1833	0	0.0289	1
0.0025	0.1386	-1.0824	0.8792	1.0791	-0.744	-0.4278	-0.5133	989	1295	1287	4	1	0.0134	0.2	1	0.0455	1
0.0025	0.2852	-1.1904	0.8414	0.9988	0.7661	0.3928	0.5088	1294	0	1287	4	2	0.0329	0.1933	0	0.0455	1
0.0028	0.0613	-1.279	1.01	1.216	-0.0137	-0.9862	-0.1648	997	1297	1289	4	1	0.017	0.175	1	0.0223	1
0.0028	0.194	-1.2364	0.8786	1.2027	-0.6158	-0.4064	0.6749	1296	1298	1289	4	2	0.0182	0.1556	0	0.0223	1
0.0025	0.0833	-1.3591	0.7986	1.3313	-0.6415	0.2189	0.7353	1297	0	1289	4	3	0.0154	0.18	0	0.01	1
0.0042	0.1521	0.1569	0.8951	-0.1527	-0.644	0.7191	-0.2611	1008	1300	882	4	1	0.0179	0.2	1	0.0249	1
0.0042	0.0647	0.0428	0.9775	-0.2245	-0.6156	0.7282	-0.3012	1299	1301	882	4	2	0.013	0.25	0	0.0249	1
0.0025	0.0722	-0.0006	1.0236	-0.2492	-0.7163	-0.3966	0.5742	1300	0	882	4	3	0.0118	0.16	0	0.01	1
0.0263	0.0236	1.2154	1.3945	0.5445	-0.081	-0.7208	0.6884	1018	1303	1291	4	1	0.0051	0.3	1	0.0453	1
0.0263	0.1056	1.225	1.3644	0.5669	0.2565	0.5881	0.767	1302	1304	1291	4	2	0.0117	0.2167	0	0.0453	1
0.0263	0.0626	1.2506	1.412	0.6533	-0.5335	0.3454	0.7721	1303	0	1291	4	3	0.006	0.4167	0	0.0263	1
0.0025	0.0741	-0.5706	1.9287	0.571	0.0757	-0.8166	0.5722	1056	1306	700	5	1	0.0132	0.15	0	0.0156	1
0.0025	0.1294	-0.5497	1.8826	0.6081	0.6996	-0.7095	0.0843	1305	1307	700	5	2	0.0102	0.0833	0	0.01	1
0.0025	0.0933	-0.4434	1.7926	0.609	0.1557	0.9006	0.4058	1306	0	700	5	3	0.019	0.16	0	0.01	1
0.0234	0.3452	-0.2717	1.2276	0.1966	-0.1439	0.9353	0.3232	1060	1309	709	5	1	0.0079	0.3333	0	0.0232	0
0.0191	0.0848	-0.3217	1.5523	0.3041	-0.0424	0.9146	0.4022	1308	1310	709	5	2	0.0028	0.3333	0	0.0192	0
0.0217	0.101	-0.3187	1.637	0.3372	-0.6107	0.636	0.4717	1309	1311	709	5	3	0.0098	0.1833	0	0.0306	0
0.01	0.0473	-0.3732	1.6994	0.4114	0.4101	0.9108	-0.0481	1310	0	709	5	4	0.01	0.05	0	0.01	0
0.0357	0.0477	-0.1965	1.2126	0.253	0.5272	0.7896	0.314	1059	1313	711	5	1	0.0065	0.2667	1	0.0384	0
0.0354	0.1206	-0.1714	1.2503	0.268	0.6539	-0.7445	-0.1348	1312	1314	711	5	2	0.0065	0.2667	0	0.0384	0
0.0242	0.0819	-0.1066	1.1748	0.2321	0.4839	0.8351	0.2616	1313	1315	711	5	3	0.0016	0.4167	0	0.0205	0
0.0309	0.0979	-0.0976	1.2415	0.238	-0.3882	0.5951	0.7037	1314	1316	711	5	4	0.0024	0.3125	0	0.0321	0
0.0205	0.1409	-0.1446	1.2773	0.337	-0.1088	0.8103	0.5758	1315	0	711	5	5	0.0048	0.09	0	0.01	0
0.0025	0.2655	-0.8433	1.0826	0.5587	-0.5265	0.7667	0.3672	1086	1318	1156	5	1	0.03	0.125	1	0.0211	1
0.0025	0.0501	-1.0007	1.2648	0.683	-0.4146	0.8256	0.3828	1317	1319	1156	5	2	0.0175	0.275	0	0.0211	1
0.0025	0.1659	-1.0146	1.3248	0.6948	-0.6998	0.47	0.538	1318	0	1156	5	3	0.0089	0.08	0	0.01	1
0.0258	0.1804	-1.4726	1.9019	-0.0436	-0.1185	-0.8737	0.4718	1088	1321	1151	5	1	0.009	0.13	0	0.0322	0
0.0211	0.158	-1.4733	1.7442	0.0591	0.3922	-0.7939	-0.4646	1320	1322	1151	5	2	0.0023	0.2	0	0.0211	0
0.0125	0.087	-1.4125	1.6166	-0.0076	0.2059	-0.9389	-0.2757	1321	1323	1151	5	3	0.01	0.05	0	0.01	0
0.01	0.0173	-1.4284	1.5982	-0.0543	-0.2548	-0.4434	-0.8593	1322	1324	1151	5	4	0.01	0.05	0	0.01	0
0.0057	0.0523	-1.4328	1.5905	-0.0691	0.6579	-0.5187	-0.546	1323	0	1151	5	5	0.01	0.05	0	0.01	0
0.0095	0.1194	-0.019	-2.3331	0.342	-0.0474	0.8301	0.5556	1149	1326	1298	5	1	0.0107	0.0667	0	0.0264	1
0.0095	0.1334	-0.015	-2.2275	0.4109	0.1795	-0.577	0.7968	1325	0	1298	5	2	0.01	0.05	0	0.01	1
0.0263	0.2123	0.2983	-2.2826	0.4967	0.7107	-0.4883	0.5064	1157	1328	429	5	1	0.0046	0.3438	0	0.0263	1
0.0255	0.1281	0.4412	-2.3616	0.5911	0.7788	0.4717	0.4135	1327	1329	429	5	2	0.0038	0.2813	0	0.0255	1
0.0218	0.104	0.5456	-2.3085	0.6408	0.5791	0.0025	0.8153	1328	1330	429	5	3	0.0025	0.3125	0	0.0237	1
0.01	0.055	0.5856	-2.3192	0.7109	0.6573	-0.604	-0.4508	1329	1331	429	5	4	0.01	0.05	0	0.01	1
0.007	0.0521	0.6217	-2.3525	0.6861	0.198	-0.7086	-0.6773	1330	0	429	5	5	0.01	0.05	0	0.01	1
0.0336	0.1958	0.4415	-2.1447	0.5866	-0.0247	0.4049	0.914	1157	1333	433	5	1	0.008	0.275	0	0.0371	1
0.0374	0.2559	0.4327	-2.0654	0.7714	0.5198	0.7805	0.3474	1332	1334	433	5	2	0.0151	0.0625	0	0.0663	1
0.0166	0.0165	0.5489	-1.8604	0.8796	-0.1639	0.9052	-0.392	1333	1335	433	5	3	0.01	0.15	0	0.01	1
0.01	0.1541	0.5569	-1.8517	0.859	-0.5219	0.5636	-0.6403	1334	0	433	5	4	0.01	0.05	0	0.01	1
0.0194	0.132	0.7736	-2.1717	0.3083	-0.3965	0.8277	0.397	1162	1337	438	5	1	0.0031	0.275	1	0.0212	1
0.0167	0.1352	0.7213	-2.0625	0.3607	-0.4706	0.8787	-0.0806	1336	1338	438	5	2	0.0031	0.275	0	0.0212	1
0.0092	0.0952	0.6574	-1.945	0.3577	-0.3601	0.9233	0.1334	1337	0	438	5	3	0.009	0.1667	0	0.0616	1
0.0278	0.2	0.7313	-2.1106	0.2925	-0.6115	0.7413	-0.2766	1161	1340	440	5	1	0.008	0.4063	0	0.0278	1
0.0278	0.1059	0.6087	-1.9546	0.2201	-0.8711	-0.4531	-0.1892	1339	0	440	5	2	0.0022	0.25	0	0.0278	1
0.0374	0.0791	0.794	-2.2368	0.3555	-0.1178	-0.0844	0.9894	1161	1342	441	5	1	0.0271	0.3109	1	0.0535	1
0.0366	0.1369	0.7839	-2.2558	0.4238	-0.4296	-0.5534	0.7136	1341	1343	441	5	2	0.0308	0.2381	0	0.0535	1
0.0328	0.1824	0.74	-2.3121	0.5118	0.45	0.0967	0.8878	1342	1344	441	5	3	0.0092	0.1515	0	0.0405	1
0.0234	0.083	0.8076	-2.2957	0.6758	0.1474	-0.0504	0.9878	1343	1345	441	5	4	0.0032	0.2917	0	0.0234	1
0.0193	0.0623	0.8152	-2.2943	0.7547	-0.5299	0.0349	0.8473	1344	1346	441	5	5	0.0027	0.2917	0	0.0194	1
0.01	0.0827	0.793	-2.2958	0.8152	-0.6112	-0.4799	0.6293	1345	1347	441	5	6	0.01	0.05	0	0.01	1
0.0061	0.0572	0.7424	-2.3355	0.8673	-0.7772	-0.0478	0.6275	1346	0	441	5	7	0.01	0.05	0	0.01	1
0.0194	0.1937	0.8803	-2.3639	0.3	-0.3019	-0.0879	0.9493	1164	0	443	5	1	0.0072	0.2917	0	0.0194	1
0.0183	0.1324	0.9162	-2.3281	0.2431	-0.3749	-0.9022	0.2131	1164	0	1301	5	1	0.0169	0.3	0	0.0367	1
0.0344	0.0878	0.0229	-0.5985	0.124	-0.2365	-0.9692	0.0686	0	1351	1303	0	1	0.0091	0.5833	0	0.0344	0
0.0344	0.075	0.0108	-0.6584	0.1571	-0.8404	0.5034	-0.2008	1350	0	1303	0	2	0.0095	0.1039	0	0.0226	0
0.0229	0.0479	-0.5903	0.5247	0.7071	-0.7658	0.5931	-0.2487	1203	1353	1305	5	1	0.0083	0.3333	1	0.0274	1
0.0229	0.1681	-0.627	0.5531	0.6952	0.1878	-0.6098	-0.77	1352	1354	1305	5	2	0.0083	0.3333	0	0.0274	1
0.0135	0.0126	-0.5801	0.4659	0.5625	0.1061	-0.3055	-0.9463	1353	1355	1305	5	3	0.01	0.05	0	0.01	1
0.01	0.099	-0.5788	0.462	0.5506	-0.9198	-0.1827	-0.3473	1354	0	1305	5	4	0.01	0.05	0	0.01	1
0.0198	0.0516	-1.5107	-0.3676	0.425	0.6489	0.7195	-0.2476	1216	1357	1179	5	1	0.0091	0.5	1	0.0364	1
0.0198	0.1117	-1.4756	-0.3363	0.4121	0.5787	0.182	-0.795	1356	1358	1179	5	2	0.0166	0.4	0	0.0364	1
0.0198	0.0284	-1.3707	-0.3081	0.3635	0.7127	-0.1338	-0.6886	1357	1359	1179	5	3	0.0094	0.3	0	0.0284	1
0.0198	0.0685	-1.3238	-0.2916	0.3574	0.4724	-0.0396	-0.8805	1358	0	1179	5	4	0.0099	0.1333	0	0.01	1
0.0243	0.1083	-1.7496	0.1639	0.4115	0.4721	-0.856	-0.2106	1258	0	1312	5	1	0.0064	0.5	0	0.0243	1
0.021	0.2035	-1.6628	0.1761	0.6829	-0.822	0.5526	-0.1376	1263	1362	1080	5	1	0.0033	0.2917	0	0.0221	1
0.01	0.0376	-1.8342	0.2875	0.6571	0.4637	0.0218	0.8857	1361	0	1080	5	2	0.01	0.05	0	0.01	1
0.0279	0.3528	-1.8461	0.3218	0.2988	-0.4003	0.1617	-0.902	1268	0	129	5	1	0.0125	0.42	0	0.0279	1
0.0343	0.4704	-1.6977	0.3077	0.2622	-0.9954	-0.0414	-0.0867	1269	1365	1313	5	1	0.0532	0.1897	0	0.0964	1
0.0339	0.1809	-2.1419	0.2751	0.2265	-0.4402	-0.523	0.7299	1364	1366	1313	5	2	0.0172	0.4818	0	0.0453	1
0.0317	0.1274	-2.2574	0.1873	0.3551	-0.1097	-0.0836	0.9904	1365	1367	1313	5	3	0.0036	0.45	0	0.0317	1
0.0317	0.0635	-2.28	0.1686	0.475	-0.5056	-0.1214	0.8542	1366	1368	1313	5	4	0.0101	0.3	0	0.0252	1
0.0317	0.0468	-2.3065	0.1515	0.5131	-0.6049	-0.7611	0.2342	1367	0	1313	5	5	0.0075	0.15	0	0.01	1
0.0317	0.211	-1.6169	0.2955	0.2722	-0.0819	-0.0822	-0.9932	1269	1370	628	5	1	0.0094	0.4583	1	0.0317	1
0.0317	0.0672	-1.6341	0.2782	0.0626	-0.1488	-0.6345	-0.7585	1369	1371	628	5	2	0.0094	0.4583	0	0.0317	1
0.0328	0.0864	-1.635	0.2224	0.0033	0.577	0.6825	-0.4487	1370	1372	628	5	3	0.01	0.25	0	0.0379	1
0.0272	0.0884	-1.5468	0.2601	-0.0481	0.1523	-0.2887	0.9452	1371	1373	628	5	4	0.0033	0.4063	0	0.0272	1
0.0249	0.0547	-1.5173	0.2347	0.0156	0.773	-0.1259	0.6219	1372	0	628	5	5	0.0107	0.4667	0	0.0249	1
0.0104	0.1432	-1.873	0.2416	0.6788	-0.6861	-0.2933	0.6658	1276	1375	1314	5	1	0.0099	0.1625	0	0.0195	1
0.0102	0.0714	-1.9796	0.2113	0.7646	-0.4969	0.307	0.8117	1374	1376	1314	5	2	0.01	0.05	0	0.01	1
0.01	0.036	-2.0151	0.2332	0.8226	-0.1483	-0.8518	0.5025	1375	0	1314	5	3	0.01	0.05	0	0.01	1
0.01	0.1241	-0.1711	1.3224	0.3089	-0.8796	-0.2082	0.4277	1315	1378	1316	6	1	0.01	0.05	0	0.01	0
0.01	0.0454	-0.2803	1.2965	0.3619	-0.5486	0.192	0.8137	1377	0	1316	6	2	0.01	0.05	0	0.01	0
0.0025	0.0321	-0.9406	1.2222	0.6235	-0.7672	0.4982	-0.4039	1317	1380	1194	6	1	0.0064	0.375	1	0.0191	1
0.0025	0.0893	-0.9633	1.2395	0.6107	0.4711	-0.7808	0.4105	1379	1381	1194	6	2	0.0166	0.12	0	0.0191	1
0.0025	0.0651	-0.927	1.1731	0.651	0.108	-0.6411	0.7598	1380	0	1194	6	3	0.0178	0.24	0	0.0219	1
0.0253	0.1164	0.7508	-2.3401	0.5513	-0.4756	-0.2418	0.8458	1343	1383	1318	6	1	0.007	0.625	0	0.0253	1
0.0253	0.1033	0.7094	-2.3775	0.6491	0.2212	0.2652	0.9385	1382	1384	1318	6	2	0.004	0.2917	0	0.0238	1
0.0253	0.0293	0.7346	-2.382	0.771	0.9714	0.1877	0.1455	1383	0	1318	6	3	0.0053	0.15	0	0.01	1
0.0272	0.2199	-1.8228	0.2845	0.2806	-0.4878	-0.4892	0.723	1364	1386	138	6	1	0.0058	0.325	1	0.0294	1
0.0259	0.1351	-1.9301	0.1769	0.4396	-0.8113	0.3238	0.4868	1385	1387	138	6	2	0.0058	0.325	0	0.0294	1
0.0193	0.1323	-2.0465	0.225	0.497	-0.8099	-0.183	0.5573	1386	1388	138	6	3	0.0027	0.25	0	0.0177	1
0.0207	0.0569	-2.1558	0.2064	0.575	-0.8931	-0.4363	0.1101	1387	0	138	6	4	0.0071	0.375	0	0.0234	1
0.0156	0.036	-2.1646	0.2895	0.2611	-0.3178	0.8384	0.4428	1365	1390	140	6	1	0.0064	0.375	1	0.0291	1
0.0156	0.1519	-2.1763	0.3248	0.2784	0.5043	-0.1939	0.8415	1389	1391	140	6	2	0.0139	0.3625	0	0.0291	1
0.01	0.0806	-2.1108	0.3028	0.4142	0.6835	0.3264	0.6529	1390	0	140	6	3	0.01	0.05	0	0.01	1
0.0028	0.2402	-2.0098	0.2072	0.8396	0.9435	0.0037	-0.3315	1376	0	1321	6	1	0.0181	0.1667	0	0.0225	1
