radius (m)	length (m)	start_point	axis_direction	parent	extension	branch	branch_order	position_in_branch	mad	SurfCov	added	UnmodRadius (m)	Rama_podada
0.0571	0.2456	-0.3691	0.0708	-2.4815	-0.239	0.2138	0.9472	0	2	1	0	1	0.0122	0.713	0	0.0571	0
0.0549	0.1092	-0.4362	0.1063	-2.2459	0.1211	0.1128	0.9862	1	3	1	0	2	0.0075	0.8542	0	0.0549	0
0.0527	0.1589	-0.4426	0.1407	-2.1401	0.0503	0.1261	0.9907	2	4	1	0	3	0.0085	0.8194	0	0.0527	0
0.067	0.264	-0.4257	0.1269	-1.9811	0.0264	0.0498	0.9984	3	5	1	0	4	0.0092	0.7704	0	0.067	0
0.0507	0.2084	-0.4222	0.1558	-1.7202	-0.0905	0.146	0.9851	4	6	1	0	5	0.0087	0.8961	0	0.0507	0
0.051	0.1855	-0.4464	0.1971	-1.5132	0.1471	-0.0825	0.9857	5	7	1	0	6	0.0089	0.8442	0	0.051	0
0.0516	0.1481	-0.4625	0.2178	-1.3058	0.401	-0.1358	0.906	6	8	1	0	7	0.008	0.697	0	0.0519	0
0.0522	0.1688	-0.3887	0.2047	-1.1714	-0.0607	0.1034	0.9928	7	9	1	0	8	0.0087	0.8485	0	0.0522	0
0.051	0.2101	-0.4174	0.2589	-0.9873	0.3541	-0.231	0.9062	8	10	1	0	9	0.009	0.7386	0	0.051	0
0.0607	0.2144	-0.3831	0.259	-0.7691	0.4146	-0.1676	0.8944	9	11	1	0	10	0.0125	0.7115	0	0.0607	0
0.0673	0.4701	-0.2904	0.2647	-0.586	-0.424	0.22	0.8785	10	12	1	0	11	0.0266	0.5632	0	0.0769	0
0.0707	0.0994	-0.3568	0.2911	-0.0227	-0.5778	0.3959	0.7137	11	13	1	0	12	0.0267	0.6522	0	0.0757	0
0.069	0.0888	-0.3622	0.3407	0.0538	-0.0786	-0.1327	0.988	12	14	1	0	13	0.002	0.0053	0	0.0794	0
0.0675	0.2416	-0.4391	0.3674	0.0479	-0.4545	0.6516	0.6074	13	15	1	0	14	0.079	0.4973	0	0.145	0
0.0507	0.2861	-0.5202	0.4937	0.178	0.7664	0.4757	0.4317	14	0	1	0	15	0.0046	0.0125	0	0.01	0
0.0294	0.2971	-0.3287	0.3001	-0.7352	0.5253	0.8191	-0.2306	10	17	4	1	1	0.0044	0.4167	1	0.0288	1
0.0289	0.0658	-0.1726	0.5435	-0.8037	-0.2986	0.2232	0.9279	16	18	4	1	2	0.0044	0.4167	0	0.0288	1
0.0327	0.1708	-0.2003	0.5875	-0.755	-0.1632	0.3442	0.9246	17	19	4	1	3	0.012	0.2857	0	0.0405	1
0.0266	0.1226	-0.2305	0.6329	-0.5871	0.0122	0.5945	0.804	18	0	4	1	4	0.0048	0.4063	0	0.0266	1
0.01	0.4745	-0.2453	0.3078	-0.5555	0.6497	0.6205	0.4391	11	21	13	1	1	0.01	0.05	1	0.01	0
0.01	0.2035	0.063	0.6022	-0.3471	-0.53	0.1291	0.8381	20	0	13	1	2	0.01	0.05	0	0.01	0
0.0639	0.3055	-0.2727	0.2238	-0.5216	0.4901	-0.7253	0.4835	11	23	14	1	1	0.024	0.4646	1	0.0815	1
0.0636	0.6581	-0.1208	0.0031	-0.3781	0.8509	0.1897	0.4899	22	24	14	1	2	0.0373	0.5455	0	0.0815	1
0.0632	0.2201	0.4744	0.0676	-0.0549	0.8509	0.4982	0.1665	23	25	14	1	3	0.0331	0.6115	0	0.0807	1
0.0634	0.1447	0.7078	0.116	0.0296	0.7573	0.6458	0.0977	24	26	14	1	4	0.01	0.619	0	0.0648	1
0.0627	0.1553	0.7985	0.21	0.0735	0.8262	0.2152	0.5207	25	27	14	1	5	0.0093	0.5357	0	0.0648	1
0.0632	0.1011	0.9576	0.2351	0.132	0.6048	0.1322	0.7853	26	28	14	1	6	0.0102	0.625	0	0.0642	1
0.0602	0.1628	1.0305	0.2664	0.1939	0.8203	0.0231	0.5715	27	29	14	1	7	0.012	0.6154	0	0.0608	1
0.0616	0.2062	1.1982	0.2573	0.2714	0.4786	0.2491	0.842	28	30	14	1	8	0.0121	0.5268	0	0.0645	1
0.0597	0.2169	1.3224	0.2849	0.4318	0.3235	-0.1686	0.9311	29	31	14	1	9	0.0121	0.5962	0	0.061	1
0.0601	0.1578	1.4272	0.2909	0.6262	0.1284	0.0696	0.9893	30	32	14	1	10	0.0105	0.6154	0	0.0615	1
0.0547	0.1221	1.483	0.2718	0.7858	-0.0786	0.0235	0.9966	31	33	14	1	11	0.0095	0.5417	0	0.0567	1
0.046	0.1379	1.5553	0.2694	0.9027	0.0608	0.0207	0.9979	32	34	14	1	12	0.0086	0.6167	0	0.0461	1
0.0395	0.0659	1.6071	0.2305	1.029	0.5437	0.3598	0.7582	33	35	14	1	13	0.0042	0.5185	0	0.0395	1
0.0452	0.0989	1.639	0.251	1.0828	0.5078	0.3237	0.7984	34	36	14	1	14	0.0071	0.1222	0	0.0511	1
0.0395	0.0945	1.6946	0.2952	1.1494	0.011	0.7109	0.7032	35	37	14	1	15	0.0084	0.1923	0	0.0343	1
0.0395	0.0822	1.7079	0.3091	1.2344	0.4299	0.3839	0.8172	36	38	14	1	16	0.006	0.1731	0	0.0164	1
0.0395	0.213	1.6916	0.3379	1.3183	0.276	0.3154	0.9079	37	39	14	1	17	0.0102	0.0769	0	0.0161	1
0.0395	0.1002	1.759	0.4342	1.4981	0.2542	0.3447	0.9036	38	0	14	1	18	0.0033	0.0769	0	0.01	1
0.0416	0.301	-0.4322	0.4029	-0.164	0.9051	0.3758	-0.1987	11	41	18	1	1	0.012	0.4167	1	0.0416	0
0.0416	0.108	-0.1597	0.516	-0.2239	0.9939	0.0213	-0.1084	40	42	18	1	2	0.012	0.4167	0	0.0416	0
0.0416	0.1001	-0.074	0.5248	-0.2341	0.087	0.0642	0.9941	41	43	18	1	3	0.0118	0.1714	0	0.0363	0
0.0416	0.0884	-0.0485	0.5423	-0.1481	-0.1391	0.8423	0.5207	42	44	18	1	4	0.0051	0.2188	0	0.0371	0
0.0416	0.1352	-0.0813	0.6659	-0.0883	0.9065	0.2957	0.3013	43	45	18	1	5	0.0039	0.0357	0	0.01	0
0.0416	0.2333	0.0465	0.6884	-0.0655	0.9604	0.2784	0.0101	44	0	18	1	6	0.0119	0.0417	0	0.01	0
0.0253	0.4783	-0.3503	0.3533	-0.0557	0.0924	0.8794	-0.4669	12	47	25	1	1	0.0039	0.3333	1	0.0241	0
0.0243	0.078	-0.3061	0.7739	-0.279	0.6335	0.7414	0.2214	46	48	25	1	2	0.0039	0.3333	0	0.0241	0
0.0328	0.2411	-0.248	0.8469	-0.2701	-0.0832	0.5166	0.8521	47	49	25	1	3	0.0074	0.0758	0	0.0389	0
0.0344	0.194	-0.206	0.9819	-0.0307	-0.4762	-0.0216	0.8791	48	50	25	1	4	0.0147	0.0909	0	0.0666	0
0.0273	0.2576	-0.2664	0.9921	0.1309	0.1436	0.2747	0.9508	49	51	25	1	5	0.0031	0.125	0	0.0288	0
0.0222	0.1011	-0.2388	1.0764	0.3655	-0.1588	0.5237	0.837	50	52	25	1	6	0.0022	0.2813	0	0.0222	1
0.0172	0.1161	-0.2558	1.1244	0.4528	0.3655	0.3838	0.848	51	53	25	1	7	0.0025	0.25	0	0.0167	1
0.0163	0.1246	-0.2098	1.1644	0.5517	0.3623	0.3743	0.8536	52	54	25	1	8	0.0015	0.25	0	0.0163	1
0.0231	0.1398	-0.1585	1.1986	0.6617	0.4226	0.4419	0.7913	53	55	25	1	9	0.0064	0.1375	0	0.0347	1
0.0121	0.0925	-0.088	1.2682	0.7474	0.8034	0.3544	0.4785	54	56	25	1	10	0.01	0.05	0	0.01	1
0.016	0.0707	-0.0914	1.2883	0.8243	0.2983	0.4032	0.8651	55	57	25	1	11	0.0078	0.1429	0	0.0225	1
0.01	0.075	-0.0647	1.3103	0.8897	-0.0493	0.5081	0.8599	56	58	25	1	12	0.01	0.05	0	0.01	1
0.0077	0.1779	-0.0684	1.3484	0.9541	0.6023	0.4234	0.6768	57	0	25	1	13	0.01	0.05	0	0.01	1
0.0572	0.4323	-0.4878	0.4439	0.0323	-0.5295	0.8311	-0.1701	14	60	30	1	1	0.0087	0.1204	1	0.0572	0
0.0552	0.2404	-0.7167	0.8032	-0.0413	0.7446	0.6672	0.0209	59	61	30	1	2	0.0087	0.1204	0	0.0572	0
0.0418	0.1388	-0.6087	0.938	-0.0381	0.2089	-0.6339	0.7447	60	62	30	1	3	0.0043	0.25	0	0.0418	0
0.0404	0.0779	-0.6137	0.8815	0.0457	-0.7346	-0.6084	0.3005	61	63	30	1	4	0.0191	0.1833	0	0.0446	0
0.0259	0.1632	-0.6568	0.8424	0.0766	-0.5834	0.3222	0.7456	62	64	30	1	5	0.011	0.1944	0	0.0271	0
0.01	0.0682	-0.7491	0.9315	0.1773	-0.677	0.4046	0.6148	63	65	30	1	6	0.01	0.05	0	0.01	0
0.0068	0.0721	-0.76	0.8833	0.2106	-0.5379	-0.3384	0.7721	64	0	30	1	7	0.01	0.05	0	0.01	0
0.0264	0.6169	-0.4088	0.5488	0.1826	-0.4164	0.4619	-0.7831	15	67	31	1	1	0.0092	0.4167	0	0.0264	0
0.0264	0.0823	-0.6484	0.8203	-0.2695	-0.7109	0.4081	0.5727	66	0	31	1	2	0.0094	0.225	0	0.01	0
0.0421	0.5381	-0.5014	0.4904	0.0708	-0.1398	0.6959	-0.7044	14	69	32	1	1	0.0097	0.3556	1	0.0421	0
0.0415	0.1251	-0.5766	0.8649	-0.3083	0.4045	0.7773	0.4819	68	70	32	1	2	0.0097	0.3556	0	0.0421	0
0.0353	0.1504	-0.5594	1.0077	-0.2671	0.6973	0.6434	0.3158	69	71	32	1	3	0.0046	0.425	0	0.0353	0
0.0353	0.063	-0.4403	1.1247	-0.2459	0.8419	0.0961	0.5311	70	72	32	1	4	0.0088	0.2083	0	0.0228	0
0.0353	0.112	-0.4003	1.1466	-0.1438	-0.0022	0.9741	-0.2259	71	73	32	1	5	0.0075	0.1667	0	0.0259	0
0.0353	0.0619	-0.4408	1.2392	-0.1605	-0.2305	0.8287	0.51	72	74	32	1	6	0.0089	0.1458	0	0.01	0
0.0353	0.1552	-0.4571	1.3032	-0.1501	0.0987	0.8576	0.5048	73	75	32	1	7	0.0028	0.0556	0	0.01	0
0.0353	0.064	-0.4364	1.446	-0.0846	-0.382	0.806	0.4521	74	0	32	1	8	0.005	0.0556	0	0.01	0
0.0092	0.427	-0.4402	0.5708	0.1801	-0.3153	0.2723	-0.9091	15	77	35	1	1	0.0152	0.1333	1	0.1246	0
0.0092	0.2788	-0.563	0.7501	-0.2057	0.1711	-0.0701	0.9828	76	78	35	1	2	0.0924	0.2714	0	0.1246	0
0.0092	0.0002	-0.4417	0.7184	0.1026	-0.4428	-0.2338	0.8656	77	0	35	1	3	0.01	0.05	0	0.01	0
0.031	0.2478	-0.4295	0.3089	0.0927	-0.8957	-0.3921	0.2097	13	80	37	1	1	0.0078	0.325	1	0.0327	0
0.0283	0.1234	-0.6514	0.2117	0.1447	-0.8861	0.2482	0.3914	79	81	37	1	2	0.0078	0.325	0	0.0327	0
0.0195	0.0748	-0.7537	0.2463	0.2082	-0.3179	0.9431	-0.097	80	0	37	1	3	0.007	0.2	0	0.0195	0
0.0481	1.1491	-0.3105	0.6709	0.2734	-0.2205	-0.975	-0.0287	15	83	751	1	1	0.0375	0.2976	1	0.0683	0
0.0479	0.1147	-0.5226	-0.4537	0.3368	-0.1168	-0.9931	0.006	82	84	751	1	2	0.0245	0.4018	0	0.0683	0
0.0479	0.0705	-0.5377	-0.5419	0.3472	0.377	-0.3078	0.8736	83	85	751	1	3	0.0062	0.4242	0	0.0492	0
0.0355	0.0564	-0.5	-0.5846	0.4051	-0.7002	-0.4685	0.5387	84	86	751	1	4	0.0043	0.5833	0	0.0339	0
0.0354	0.101	-0.5254	-0.6485	0.4222	0.4895	-0.1206	0.8636	85	87	751	1	5	0.005	0.4063	0	0.0349	0
0.0442	0.1819	-0.4981	-0.6613	0.4843	-0.0016	-0.9997	0.0256	86	88	751	1	6	0.006	0.3167	0	0.0442	0
0.0464	0.1162	-0.4947	-0.8424	0.4855	0.1658	-0.9859	-0.0207	87	89	751	1	7	0.0067	0.575	0	0.0464	0
0.041	0.0737	-0.4806	-0.9556	0.4881	0.1501	-0.9027	0.4033	88	90	751	1	8	0.005	0.5556	0	0.041	0
0.047	0.0768	-0.4579	-1.0238	0.5131	-0.0931	-0.988	0.1236	89	91	751	1	9	0.0063	0.7	0	0.047	0
0.0476	0.1614	-0.4601	-1.0997	0.5192	0.0727	-0.99	0.1205	90	92	751	1	10	0.0088	0.5152	0	0.0494	0
0.0443	0.1123	-0.4595	-1.2663	0.5232	0.0685	-0.9303	0.3603	91	93	751	1	11	0.006	0.7	0	0.0443	0
0.0479	0.1069	-0.4434	-1.3549	0.5998	0.1189	-0.9188	0.3764	92	94	751	1	12	0.0081	0.6364	0	0.0511	0
0.0456	0.0904	-0.4325	-1.4894	0.6281	0.4027	-0.3029	0.8638	93	95	751	1	13	0.0056	0.675	0	0.0456	0
0.0481	0.1365	-0.4029	-1.5273	0.6986	-0.0747	-0.5505	0.8315	94	96	751	1	14	0.0226	0.6953	0	0.0636	0
0.048	0.0935	-0.4015	-1.6206	0.8001	-0.1336	-0.607	0.7834	95	97	751	1	15	0.0175	0.6	0	0.0568	0
0.0471	0.122	-0.3916	-1.675	0.8959	-0.168	-0.9487	0.268	96	98	751	1	16	0.0196	0.45	0	0.0577	0
0.047	0.2507	-0.4256	-1.755	0.9333	-0.1632	-0.1881	0.9685	97	99	751	1	17	0.0214	0.6	0	0.0529	0
0.0419	0.0871	-0.4655	-1.8979	1.1634	-0.274	-0.1292	0.953	98	100	751	1	18	0.0058	0.6667	0	0.0419	0
0.0454	0.1139	-0.4999	-1.8478	1.254	-0.4596	-0.1855	0.8685	99	101	751	1	19	0.0186	0.4	0	0.06	0
0.0353	0.0216	-0.5211	-1.8928	1.3719	-0.1603	0.4791	0.863	100	102	751	1	20	0.0137	0.3526	0	0.0353	0
0.0424	0.0425	-0.5121	-1.8881	1.3515	-0.2824	-0.9581	0.0486	101	103	751	1	21	0.0037	0.2667	0	0.0445	0
0.0339	0.1541	-0.5517	-1.9426	1.4436	-0.3498	-0.904	-0.2459	102	0	751	1	22	0.0009	0.0413	0	0.01	0
0.01	0.1211	-0.1928	0.6213	-0.6235	0.7311	-0.1729	0.66	18	105	752	2	1	0.01	0.05	1	0.01	1
0.01	0.1606	-0.1042	0.6004	-0.5435	0.1422	0.3486	-0.9264	104	0	752	2	2	0.01	0.05	0	0.01	1
0.0346	0.1092	-0.6185	0.5242	-0.3599	-0.8853	0.2049	0.4174	0	107	753	0	1	0.0129	0.375	0	0.0346	0
0.0308	0.1306	-0.7004	0.5955	-0.3302	-0.2053	0.3586	0.9106	106	108	753	0	2	0.0042	0.45	0	0.0308	0
0.0346	0.0804	-0.7221	0.6632	-0.2148	-0.091	0.189	0.9778	107	109	753	0	3	0.0044	0.375	0	0.0349	0
0.0308	0.0866	-0.72	0.68	-0.1622	-0.0012	0.998	0.0631	108	110	753	0	4	0.0085	0.28	0	0.0219	0
0.0329	0.0514	-0.6805	0.8059	-0.1217	-0.752	0.6483	0.1194	109	111	753	0	5	0.003	0.375	0	0.0329	0
0.0308	0.0556	-0.7121	0.8598	-0.1296	-0.9418	0.1077	-0.3185	110	0	753	0	6	0.0079	0.0833	0	0.01	0
0.0169	0.6191	0.6699	0.1633	0.011	-0.68	-0.7206	-0.1357	25	113	94	2	1	0.0132	0.1	0	0.0531	1
0.01	0.0606	0.3088	-0.3017	-0.1224	0.4599	-0.4857	0.7434	112	0	94	2	2	0.01	0.05	0	0.01	1
0.0338	0.5525	0.1185	0.001	-0.2853	0.9081	-0.4182	0.0203	23	115	102	2	1	0.0038	0.3438	1	0.0312	1
0.0312	0.1112	0.6203	-0.2301	-0.2741	0.8096	-0.5067	0.2963	114	116	102	2	2	0.0038	0.3438	0	0.0312	1
0.035	0.1303	0.7161	-0.3029	-0.2561	-0.8536	-0.4823	0.1968	115	117	102	2	3	0.0047	0.2813	0	0.0379	1
0.0296	0.0887	0.6065	-0.3647	-0.2266	0.2858	-0.9501	0.1247	116	118	102	2	4	0.0032	0.25	0	0.0313	1
0.032	0.1124	0.656	-0.4275	-0.1717	0.7707	-0.626	-0.1189	117	119	102	2	5	0.0172	0.2	0	0.0534	1
0.0249	0.0973	0.725	-0.4879	-0.1991	0.5853	-0.0948	-0.8053	118	120	102	2	6	0.0115	0.22	0	0.0354	1
0.01	0.0116	0.7908	-0.5133	-0.2551	0.8626	-0.1806	-0.4725	119	0	102	2	7	0.01	0.05	0	0.01	1
0.0331	0.3292	0.492	0.0098	-0.0809	0.2788	-0.8753	-0.395	24	122	106	2	1	0.0059	0.25	1	0.0357	1
0.0285	0.1691	0.5853	-0.2786	-0.2108	-0.211	-0.855	0.4737	121	123	106	2	2	0.0109	0.1778	0	0.0357	1
0.0189	0.0779	0.5355	-0.432	-0.1345	0.0794	-0.5023	0.8611	122	124	106	2	3	0.008	0.225	0	0.0251	1
0.01	0.1027	0.5398	-0.4697	-0.0672	-0.201	-0.4021	0.8933	123	0	106	2	4	0.01	0.05	0	0.01	1
0.0513	0.3958	0.477	0.096	0.0184	-0.5387	-0.7103	0.453	23	126	109	2	1	0.0119	0.5	1	0.0519	1
0.0512	0.4604	0.2638	-0.1851	0.1976	-0.2924	-0.9544	-0.06	125	127	109	2	2	0.0119	0.5	0	0.0519	1
0.0562	0.1002	0.1693	-0.6375	0.1938	-0.3818	-0.9127	0.1458	126	128	109	2	3	0.0094	0.5962	0	0.0575	1
0.053	0.1179	0.1376	-0.7379	0.1937	-0.1241	-0.8708	0.4757	127	129	109	2	4	0.0087	0.6167	0	0.0535	1
0.0561	0.109	0.1371	-0.8505	0.279	-0.3042	-0.9375	-0.1691	128	130	109	2	5	0.0082	0.6167	0	0.057	1
0.0532	0.0775	0.128	-0.9485	0.2514	0.3615	-0.6743	0.6439	129	131	109	2	6	0.0084	0.5	0	0.0549	1
0.0432	0.1944	0.1476	-1.0312	0.2994	0.4481	-0.1776	0.8761	130	132	109	2	7	0.0057	0.5714	0	0.0432	1
0.0365	0.0969	0.2379	-1.0676	0.4472	-0.1496	-0.9868	0.0627	131	133	109	2	8	0.0098	0.3125	0	0.0311	1
0.037	0.1661	0.221	-1.1632	0.4646	-0.011	-0.9999	0.0013	132	134	109	2	9	0.0045	0.425	0	0.037	1
0.0365	0.1044	0.2202	-1.324	0.4724	0.1069	-0.8203	0.5618	133	135	109	2	10	0.0047	0.5313	0	0.0365	1
0.0365	0.0955	0.2648	-1.399	0.5246	0.1974	-0.0313	0.9798	134	136	109	2	11	0.004	0.3438	0	0.0339	1
0.0368	0.0665	0.2879	-1.4076	0.6184	0.4506	0.3833	0.8062	135	137	109	2	12	0.0038	0.4167	0	0.0368	1
0.0365	0.0566	0.3313	-1.3936	0.688	0.2955	0.8758	0.3817	136	138	109	2	13	0.0077	0.2083	0	0.0292	1
0.0365	0.1558	0.3378	-1.3366	0.7062	0.426	0.7862	0.4476	137	139	109	2	14	0.003	0.2292	0	0.0332	1
0.0365	0.09	0.3916	-1.2185	0.7893	0.2638	0.8149	0.5161	138	140	109	2	15	0.0097	0.0833	0	0.0262	1
0.0365	0.1191	0.3881	-1.1753	0.8373	0.0811	-0.0239	0.9964	139	141	109	2	16	0.0034	0.0379	0	0.0183	1
0.0385	0.1139	0.4576	-1.1253	0.9001	0.5761	0.1871	0.7957	140	142	109	2	17	0.0207	0.1329	0	0.0385	1
0.0365	0.0905	0.5078	-1.1564	1.0267	0.7546	0.2057	0.6231	141	143	109	2	18	0.0199	0.1653	0	0.0336	1
0.0365	0.0565	0.5581	-1.1011	1.0694	0.5041	0.5094	0.6975	142	144	109	2	19	0.0074	0.0463	0	0.027	1
0.0365	0.0545	0.5946	-1.0746	1.1076	0.274	0.5781	0.7686	143	145	109	2	20	0.0092	0.125	0	0.01	1
0.0458	0.1119	0.5708	-1.0876	1.1206	0.0534	-0.5769	0.8151	144	146	109	2	21	0.0075	0.0833	0	0.0735	1
0.0365	0.1447	0.5943	-1.1291	1.2241	0.0799	-0.5169	0.8523	145	147	109	2	22	0.0071	0.05	0	0.0231	1
0.0365	0.0311	0.6115	-1.1998	1.3489	-0.0188	-0.3114	0.9501	146	148	109	2	23	0.0082	0.2639	0	0.0218	1
0.0365	0.1491	0.5995	-1.1799	1.3838	0.1215	-0.1295	0.9841	147	149	109	2	24	0.0031	0.1042	0	0.0156	1
0.0365	0.0858	0.6178	-1.1883	1.5296	0.1694	0.0746	0.9827	148	150	109	2	25	0.0025	0.0833	0	0.01	1
0.0417	0.1607	0.6038	-1.1915	1.6173	0.1381	-0.0727	0.9877	149	151	109	2	26	0.0102	0.0659	0	0.0572	1
0.0365	0.0273	0.5654	-1.1914	1.751	-0.2435	0.504	0.8287	150	152	109	2	27	0.0067	0.0463	0	0.01	1
0.0365	0.0633	0.551	-1.1669	1.782	-0.1551	-0.6743	0.722	151	153	109	2	28	0.0018	0.0833	0	0.01	1
0.0365	0.3916	0.5412	-1.2055	1.8325	-0.2226	-0.7518	0.6207	152	0	109	2	29	0.0055	0.0238	0	0.01	1
0.0492	0.3964	0.4489	0.1242	0.0218	-0.7099	-0.2466	0.6597	23	155	754	2	1	0.0197	0.2138	1	0.0705	1
0.049	0.8489	0.1711	0.0224	0.2982	0.8362	-0.4411	-0.3259	154	156	754	2	2	0.0311	0.2413	0	0.0705	1
0.0419	0.1688	0.8858	-0.3194	0.0174	0.703	-0.1914	-0.6849	155	157	754	2	3	0.0055	0.4815	0	0.0419	1
0.0352	0.0483	1.0018	-0.3568	-0.0987	0.842	-0.4587	0.2838	156	158	754	2	4	0.0101	0.2917	0	0.0287	1
0.0368	0.1318	1.0509	-0.3862	-0.0884	-0.1074	-0.5262	0.8436	157	159	754	2	5	0.0052	0.4375	0	0.0368	1
0.0422	0.0838	1.0415	-0.4511	0.0219	-0.1687	0.3486	0.9219	158	160	754	2	6	0.0053	0.5926	0	0.0422	1
0.0438	0.1311	1.0167	-0.4203	0.1032	0.2573	-0.458	0.8509	159	161	754	2	7	0.005	0.55	0	0.044	1
0.0361	0.0775	1.0378	-0.4618	0.2303	0.3001	-0.4831	0.8225	160	162	754	2	8	0.0045	0.625	0	0.0361	1
0.0392	0.0936	1.0515	-0.4889	0.2901	-0.4096	-0.0391	0.9114	161	163	754	2	9	0.0048	0.5	0	0.0392	1
0.0374	0.1017	1.0051	-0.485	0.3793	0.5363	0.1472	0.8311	162	164	754	2	10	0.005	0.5	0	0.0374	1
0.0352	0.1125	1.0504	-0.4821	0.4683	0.7833	-0.437	0.4422	163	165	754	2	11	0.0056	0.5625	0	0.0352	1
0.0424	0.0923	1.1389	-0.5299	0.5177	0.8808	-0.1313	0.455	164	166	754	2	12	0.0053	0.4815	0	0.0424	1
0.0374	0.2341	1.187	-0.572	0.5583	0.1078	-0.165	0.9804	165	167	754	2	13	0.0061	0.2857	0	0.0374	1
0.0352	0.1328	1.1948	-0.5986	0.7912	0.1	-0.1385	0.9853	166	168	754	2	14	0.0156	0.3377	0	0.0346	1
0.04	0.2341	1.1811	-0.5642	0.8088	0.6443	-0.6234	-0.443	167	169	754	2	15	0.0051	0.2698	0	0.04	1
0.0374	0.0626	1.3388	-0.6994	0.7226	0.8771	-0.4774	-0.0524	168	170	754	2	16	0.0038	0.25	0	0.0374	1
0.0352	0.1111	1.4169	-0.6872	0.713	0.7539	-0.3303	0.568	169	171	754	2	17	0.0084	0.0379	0	0.025	1
0.0362	0.0501	1.4947	-0.7582	0.7555	0.8665	-0.3572	0.3487	170	172	754	2	18	0.0117	0.1852	0	0.0362	1
0.0352	0.0818	1.5436	-0.7749	0.7425	0.9674	0.1757	0.1823	171	173	754	2	19	0.0094	0.1167	0	0.01	1
0.0455	0.1001	1.5635	-0.8124	0.7621	0.069	0.0096	0.9976	172	174	754	2	20	0.0061	0.1444	0	0.0587	1
0.0413	0.1949	1.5679	-0.8207	0.862	0.0169	0.0091	0.9998	173	175	754	2	21	0.0113	0.0769	0	0.0524	1
0.0352	0.1643	1.5408	-0.8406	1.0177	-0.6547	-0.3227	0.6835	174	176	754	2	22	0.0085	0.0463	0	0.01	1
0.0403	0.1311	1.5874	-0.8183	1.134	0.2682	-0.5901	0.7615	175	177	754	2	23	0.0495	0.0699	0	0.0946	1
0.0352	0.2088	1.6642	-0.8148	1.2493	0.0741	-0.224	0.9718	176	178	754	2	24	0.0129	0.053	0	0.01	1
0.0352	0.0879	1.6365	-0.8777	1.4253	-0.5422	0.0509	0.8387	177	0	754	2	25	0.0047	0.0556	0	0.01	1
0.039	0.149	0.6082	0.1544	0.0357	-0.2545	-0.0147	0.967	24	180	238	2	1	0.0053	0.2963	1	0.0403	1
0.0369	0.0735	0.5703	0.1522	0.1798	0.0435	-0.5136	0.8569	179	181	238	2	2	0.0053	0.2963	0	0.0403	1
0.0309	0.0538	0.58	0.1322	0.2437	-0.3805	0.0939	0.92	180	0	238	2	3	0.012	0.1875	0	0.0309	1
0.042	0.0998	0.8509	0.2593	0.1733	-0.7431	0.3576	0.5656	26	183	240	2	1	0.0124	0.3651	1	0.042	1
0.0415	0.2069	0.7768	0.295	0.2298	-0.7494	-0.6621	-0.0052	182	184	240	2	2	0.0124	0.3651	0	0.042	1
0.0237	0.1113	0.6286	0.185	0.2541	0.1628	-0.6985	0.6968	183	185	240	2	3	0.0167	0.075	0	0.01	1
0.0138	0.138	0.6454	0.1084	0.3347	0.9327	0.148	0.3289	184	186	240	2	4	0.01	0.05	0	0.01	1
0.0063	0.0523	0.7741	0.1289	0.3801	0.3517	0.1884	0.917	185	0	240	2	5	0.01	0.05	0	0.01	1
0.0263	0.2704	0.9037	0.187	0.1781	0.0312	0.0342	0.9989	26	188	242	2	1	0.0116	0.25	0	0.03	1
0.0166	0.1141	0.9171	0.1891	0.4264	0.9665	0.2045	0.1549	187	189	242	2	2	0.0031	0.1	0	0.01	1
0.01	0.0752	1.0249	0.2077	0.4495	0.7806	0.2487	0.5734	188	0	242	2	3	0.01	0.05	0	0.01	1
0.0424	0.313	1.2741	0.3124	0.4535	-0.0458	0.0124	-0.9989	30	191	244	2	1	0.0069	0.0476	0	0.0225	1
0.0424	0.2336	1.2789	0.283	0.182	0.8772	-0.0814	-0.4731	190	192	244	2	2	0.0071	0.3056	0	0.0424	1
0.0424	0.1576	1.4608	0.2367	0.0642	0.7453	-0.6563	0.1176	191	193	244	2	3	0.0061	0.463	0	0.0424	1
0.0424	0.1854	1.5629	0.1298	0.0723	0.2816	-0.9542	-0.1013	192	194	244	2	4	0.0142	0.3417	0	0.0352	1
0.0424	0.0786	1.5972	0.1782	0.1077	0.9043	-0.0304	0.4257	193	195	244	2	5	0.0106	0.2143	0	0.0336	1
0.0424	0.1943	1.6298	0.1143	0.1094	0.8523	-0.5226	-0.0193	194	196	244	2	6	0.0113	0.1071	0	0.0357	1
0.0424	0.2233	1.7677	-0.0103	0.0799	0.6462	-0.7631	-0.01	195	197	244	2	7	0.0105	0.0313	0	0.0289	1
0.0424	0.2081	1.9211	-0.1755	0.1383	0.5114	-0.8593	-0.0038	196	198	244	2	8	0.0047	0.0519	0	0.01	1
0.0424	0.0679	1.8759	-0.2206	0.0761	0.2292	-0.1794	-0.9567	197	0	244	2	9	0.0017	0.0893	0	0.01	1
0.0195	0.3612	1.2774	0.3176	0.4534	-0.4293	0.267	-0.8628	30	200	247	2	1	0.0048	0.2708	0	0.0195	1
0.0254	0.1184	1.1234	0.4097	0.1689	0.9324	0.3608	0.0227	199	201	247	2	2	0.002	0.2813	0	0.0273	1
0.0221	0.1244	1.2309	0.4535	0.1747	0.7206	0.4474	0.5297	200	202	247	2	3	0.0025	0.175	0	0.024	1
0.0137	0.0849	1.3098	0.5241	0.2413	0.6397	0.4294	0.6375	201	203	247	2	4	0.01	0.05	0	0.01	1
0.01	0.0413	1.3656	0.5334	0.3028	0.666	0.2288	0.71	202	204	247	2	5	0.01	0.05	0	0.01	1
0.0059	0.078	1.3931	0.5429	0.3321	0.5818	0.4525	0.6758	203	0	247	2	6	0.01	0.05	0	0.01	1
0.0426	0.3539	1.0767	0.3228	0.257	0.0446	0.5422	0.8391	28	206	249	2	1	0.0097	0.5185	0	0.0426	1
0.0426	0.0626	1.0965	0.5101	0.5572	0.5231	0.7519	0.4012	205	207	249	2	2	0.0041	0.3333	0	0.0398	1
0.0426	0.1336	1.0898	0.5553	0.6534	0.2959	0.9363	0.1891	206	208	249	2	3	0.0134	0.1531	0	0.0298	1
0.0467	0.0619	1.1356	0.7165	0.6474	0.0494	0.6478	0.7602	207	209	249	2	4	0.0026	0.2727	0	0.0486	1
0.0426	0.2273	1.1575	0.7803	0.6937	-0.2322	0.2145	0.9487	208	210	249	2	5	0.0115	0.1558	0	0.0345	1
0.0426	0.0106	1.144	0.8536	0.9187	-0.3186	0.1533	0.9354	209	211	249	2	6	0.0132	0.1717	0	0.0268	1
0.0426	0.0971	1.1164	0.859	0.9329	0.1497	0.988	-0.0382	210	212	249	2	7	0.0056	0.0952	0	0.0291	1
0.0426	0.0702	1.1563	0.9572	0.9229	0.0899	0.7606	0.643	211	213	249	2	8	0.0068	0.1071	0	0.01	1
0.0426	0.0742	1.2129	0.9732	0.9902	-0.1224	0.3774	0.9179	212	0	249	2	9	0.0023	0.0893	0	0.01	1
0.0601	0.3591	1.0347	0.2343	0.129	0.9992	-0.0103	-0.0391	27	215	257	2	1	0.0104	0.3357	1	0.0628	1
0.0601	0.2764	1.3935	0.2306	0.115	0.6514	0.1706	0.7393	214	216	257	2	2	0.0104	0.3357	0	0.0628	1
0.0275	0.0844	1.599	0.2749	0.3222	-0.1345	-0.2475	0.9595	215	217	257	2	3	0.009	0.0444	0	0.0368	1
0.01	0.0612	1.5925	0.2596	0.4014	0.4439	-0.0948	0.891	216	0	257	2	4	0.01	0.05	0	0.01	1
0.0504	0.3146	1.294	0.2466	0.3408	0.8263	-0.5451	-0.1417	29	219	259	2	1	0.0114	0.4675	1	0.0504	1
0.0504	0.1995	1.554	0.0751	0.2962	0.9069	0.2526	-0.3374	218	220	259	2	2	0.0114	0.4675	0	0.0504	1
0.0504	0.1883	1.7149	0.0987	0.2365	0.5514	-0.179	0.8148	219	221	259	2	3	0.0128	0.2188	0	0.0403	1
0.0504	0.1035	1.8699	0.0644	0.3268	0.7472	-0.2703	0.6072	220	222	259	2	4	0.0107	0.1125	0	0.0208	1
0.0525	0.266	1.9661	0.0457	0.438	0.3252	0.8973	-0.2984	221	223	259	2	5	0.0061	0.0362	0	0.0585	1
0.0504	0.1089	2.0212	0.3475	0.3502	0.1225	-0.0718	-0.9899	222	0	259	2	6	0.0026	0.0391	0	0.01	1
0.0408	0.2512	1.3954	0.2582	0.4673	0.9246	-0.2928	-0.2439	30	225	260	2	1	0.0096	0.4667	1	0.0408	1
0.0408	0.1404	1.6277	0.1846	0.4061	0.2898	-0.9563	-0.0401	224	226	260	2	2	0.0096	0.4667	0	0.0408	1
0.0464	0.2444	1.6738	0.1036	0.4095	0.8358	-0.1742	0.5207	225	227	260	2	3	0.01	0.1278	0	0.0533	1
0.0408	0.0808	1.8831	0.0555	0.5155	0.973	0.0012	0.231	226	228	260	2	4	0.0038	0.2963	0	0.0406	1
0.0408	0.0566	1.9509	0.044	0.5431	0.7416	-0.6704	0.0264	227	229	260	2	5	0.0126	0.2639	0	0.0234	1
0.0408	0.0704	1.9682	-0.0158	0.5608	0.4502	-0.8025	-0.3915	228	0	260	2	6	0.0076	0.0923	0	0.01	1
0.0258	0.0856	1.3864	0.2824	0.7589	-0.903	-0.2879	-0.3188	31	231	261	2	1	0.0041	0.2813	1	0.0242	1
0.0256	0.1172	1.3091	0.2577	0.7316	0.3614	0.7631	0.5358	230	232	261	2	2	0.0041	0.2813	0	0.0242	1
0.0338	0.2167	1.3672	0.3694	0.8221	-0.3515	0.8179	-0.4555	231	233	261	2	3	0.0057	0.375	0	0.0346	1
0.0335	0.111	1.2973	0.5169	0.7004	-0.5064	0.4583	-0.7305	232	234	261	2	4	0.0127	0.197	0	0.0398	1
0.0214	0.1198	1.2504	0.5382	0.6158	-0.6611	-0.1193	-0.7407	233	235	261	2	5	0.0025	0.25	0	0.0209	1
0.0221	0.0438	1.1876	0.5383	0.5171	-0.6116	0.1659	-0.7735	234	236	261	2	6	0.0072	0.3281	0	0.0221	1
0.0265	0.0938	1.1619	0.5498	0.5041	0.899	0.4178	-0.1311	235	237	261	2	7	0.0026	0.3438	0	0.0312	1
0.0226	0.0799	1.229	0.5967	0.4742	0.4694	0.8802	-0.0694	236	238	261	2	8	0.0033	0.2917	0	0.0274	1
0.0117	0.0144	1.2601	0.6517	0.4575	0.0025	0.5877	-0.8091	237	239	261	2	9	0.01	0.05	0	0.01	1
0.01	0.0524	1.2601	0.6602	0.4458	0.191	0.9806	0.0446	238	240	261	2	10	0.01	0.05	0	0.01	1
0.0083	0.0976	1.2701	0.7115	0.4481	0.5287	0.6344	-0.5639	239	0	261	2	11	0.01	0.05	0	0.01	1
0.053	0.1275	1.4753	0.2532	0.6428	0.7595	-0.5955	0.2616	31	242	262	2	1	0.0079	0.35	1	0.0538	1
0.0506	0.1473	1.5721	0.1773	0.6762	0.4938	-0.0029	0.8696	241	243	262	2	2	0.0079	0.35	0	0.0538	1
0.0301	0.0784	1.6764	0.1826	0.8056	-0.1091	0.3879	0.9152	242	244	262	2	3	0.0097	0.2	0	0.0187	1
0.0254	0.0651	1.6873	0.2298	0.8842	-0.2203	-0.1361	0.9659	243	245	262	2	4	0.003	0.25	0	0.021	1
0.0298	0.0759	1.6621	0.1863	0.9912	0.7907	0.3715	0.4865	244	246	262	2	5	0.015	0.1667	0	0.0761	1
0.01	0.0934	1.6918	0.2157	1.0389	0.2355	-0.6366	0.7344	245	0	262	2	6	0.01	0.05	0	0.01	1
0.0318	0.1045	1.4327	0.3109	0.9035	-0.1017	-0.5784	0.8094	32	248	264	2	1	0.0066	0.375	0	0.0331	1
0.01	0.128	1.4369	0.2508	1.0009	-0.6488	-0.0649	0.7582	247	0	264	2	2	0.01	0.05	0	0.01	1
0.0429	0.1916	1.6416	0.3036	1.1465	-0.8804	0.3835	-0.2791	35	250	265	2	1	0.011	0.2692	1	0.0593	1
0.0388	0.2382	1.4616	0.3872	1.0988	-0.3565	0.1263	-0.9257	249	251	265	2	2	0.0196	0.2756	0	0.0593	1
0.031	0.0722	1.3297	0.4359	0.9114	-0.6234	-0.2697	-0.7339	250	252	265	2	3	0.0044	0.375	0	0.0344	1
0.0281	0.066	1.2935	0.4134	0.8295	-0.743	0.6033	-0.2897	251	253	265	2	4	0.0079	0.275	0	0.0348	1
0.01	0.1016	1.2474	0.4352	0.7815	-0.8985	0.3266	-0.2933	252	0	265	2	5	0.01	0.05	0	0.01	1
0.011	0.2639	1.5423	0.3127	1.0604	-0.0597	0.2048	0.977	33	255	266	2	1	0.0038	0.1852	0	0.0417	1
0.01	0.1078	1.5528	0.3753	1.3262	-0.1462	-0.3925	0.9081	254	0	266	2	2	0.01	0.05	0	0.01	1
0.0338	0.1191	-0.2563	1.058	0.3783	-0.8143	0.511	0.2754	50	257	153	2	1	0.009	0.4	0	0.0338	0
0.0338	0.1245	-0.3445	1.1274	0.4113	-0.6959	0.7128	0.0876	256	258	153	2	2	0.0075	0.1039	0	0.0449	0
0.0338	0.185	-0.4189	1.2028	0.4572	-0.6348	-0.7693	-0.0721	257	259	153	2	3	0.0105	0.1636	0	0.0463	0
0.0338	0.0795	-0.5143	1.1066	0.4107	-0.4629	-0.3603	-0.8099	258	260	153	2	4	0.0134	0.3409	0	0.0392	0
0.0338	0.0524	-0.5882	1.1323	0.3702	-0.5235	0.0172	-0.8519	259	261	153	2	5	0.017	0.3636	0	0.0457	0
0.0338	0.1041	-0.5819	1.1344	0.3736	-0.6271	0.6526	0.4252	260	262	153	2	6	0.0052	0.5625	0	0.0375	0
0.0338	0.0568	-0.6489	1.21	0.4116	-0.0576	0.624	0.7793	261	263	153	2	7	0.0044	0.5417	0	0.0338	0
0.0338	0.0953	-0.6611	1.2489	0.4444	-0.4205	0.7214	0.5502	262	264	153	2	8	0.005	0.5833	0	0.0341	0
0.0338	0.0777	-0.6883	1.3187	0.5081	-0.5837	0.5258	0.6188	263	265	153	2	9	0.0052	0.2917	0	0.0361	0
0.0338	0.2333	-0.668	1.3922	0.5554	-0.3274	0.6712	0.665	264	266	153	2	10	0.0093	0.1136	0	0.0655	0
0.0338	0.0876	-0.7324	1.5592	0.6991	-0.3539	0.8477	0.3951	265	267	153	2	11	0.0038	0.1273	0	0.01	0
0.0338	0.0627	-0.7971	1.6219	0.6824	-0.4753	0.8721	0.1164	266	268	153	2	12	0.0055	0.101	0	0.0188	0
0.0338	0.1541	-0.8557	1.6633	0.7316	-0.3677	0.9289	0.0445	267	269	153	2	13	0.0071	0.1023	0	0.0673	0
0.0338	0.1157	-0.9474	1.7725	0.6899	-0.7234	0.6892	0.0414	268	270	153	2	14	0.0051	0.0909	0	0.01	0
0.0338	0.0775	-0.9745	1.8653	0.7517	-0.5698	0.717	0.4014	269	271	153	2	15	0.0071	0.2045	0	0.0183	0
0.0338	0.1163	-1.0263	1.9168	0.7409	-0.61	0.7916	0.0348	270	272	153	2	16	0.0031	0.1061	0	0.01	0
0.0338	0.0074	-1.0986	2.0052	0.7403	-0.7437	0.615	-0.2619	271	0	153	2	17	0.0045	0.0795	0	0.01	0
0.0327	0.136	-0.2686	0.96	0.0263	-0.3491	-0.4861	-0.8012	49	274	755	2	1	0.0066	0.3125	1	0.0352	0
0.0327	0.0937	-0.316	0.8939	-0.0826	0.4422	0.1905	0.8765	273	275	755	2	2	0.0066	0.3125	0	0.0352	0
0.031	0.176	-0.2754	0.9081	0.0047	-0.9835	0.1782	-0.0304	274	276	755	2	3	0.0035	0.2292	0	0.0284	0
0.031	0.0741	-0.4341	0.9201	-0.0097	-0.8213	-0.5619	-0.0989	275	277	755	2	4	0.0027	0.3333	0	0.0289	0
0.031	0.0905	-0.4819	0.8886	-0.0301	0.381	-0.8753	-0.2979	276	278	755	2	5	0.0035	0.4167	0	0.031	0
0.031	0.0184	-0.4587	0.8326	-0.0798	0.5441	-0.4353	-0.7172	277	279	755	2	6	0.0086	0.3929	0	0.021	0
0.031	0.077	-0.4264	0.8165	-0.0999	0.3069	0.0344	0.9511	278	280	755	2	7	0.0084	0.25	0	0.0213	0
0.0325	0.089	-0.4018	0.8087	-0.0015	-0.3593	0.8562	0.3713	279	281	755	2	8	0.0022	0.3333	0	0.0359	0
0.0314	0.1921	-0.4648	0.8478	0.0481	0.0295	0.386	0.922	280	282	755	2	9	0.0046	0.375	0	0.0314	0
0.031	0.0739	-0.4775	0.9107	0.2202	-0.3459	0.1504	0.9262	281	283	755	2	10	0.0034	0.2917	0	0.0283	0
0.031	0.0761	-0.5106	0.9281	0.2841	-0.409	0.1702	0.8965	282	284	755	2	11	0.0112	0.2875	0	0.0287	0
0.032	0.1551	-0.5311	0.9314	0.3706	-0.7128	0.3581	0.603	283	285	755	2	12	0.012	0.1364	0	0.0456	0
0.032	0.1084	-0.6101	0.9298	0.4951	-0.4324	0.2339	0.8708	284	286	755	2	13	0.0119	0.1818	0	0.0464	0
0.0317	0.0993	-0.6444	0.9341	0.574	0.3483	-0.4151	0.8404	285	287	755	2	14	0.0161	0.0444	0	0.0596	0
0.031	0.0343	-0.6112	0.8984	0.6053	0.5367	-0.8374	-0.1033	286	288	755	2	15	0.01	0.05	0	0.01	0
0.031	0.0857	-0.5746	0.8434	0.6069	0.0369	0.2144	0.9761	287	289	755	2	16	0.0067	0.0833	0	0.01	0
0.031	0.0445	-0.5576	0.8955	0.7101	-0.6415	0.5641	-0.5199	288	0	755	2	17	0.0033	0.075	0	0.01	0
0.021	0.1048	-0.2634	1.0975	0.4324	-0.4553	0.0543	0.8887	51	291	314	2	1	0.0032	0.4167	1	0.021	1
0.021	0.0798	-0.3111	1.1031	0.5255	-0.0357	0.282	0.9588	290	292	314	2	2	0.0032	0.4167	0	0.021	1
0.021	0.0902	-0.2841	1.1871	0.6106	0.638	-0.4005	0.6576	291	293	314	2	3	0.0251	0.26	0	0.0499	1
0.021	0.0879	-0.2227	1.1792	0.6575	0.0558	0.398	0.9157	292	294	314	2	4	0.014	0.2969	0	0.0184	1
0.021	0.0034	-0.2247	1.213	0.7428	0.5317	0.2322	0.8144	293	0	314	2	5	0.0081	0.175	0	0.01	1
0.0155	0.2412	-0.1735	1.1851	0.6052	0.7509	0.5606	0.3492	53	296	462	2	1	0.0077	0.0846	0	0.0329	1
0.0135	0.1369	0.0255	1.3024	0.6832	0.6528	0.4294	0.6241	295	297	462	2	2	0.0103	0.1143	0	1.2893	1
0.01	0.0843	0.1188	1.3754	0.7437	0.7867	0.4758	0.3933	296	298	462	2	3	0.01	0.05	0	0.01	1
0.009	0.124	0.1535	1.3842	0.8263	0.6778	0.3431	0.6503	297	299	462	2	4	0.01	0.05	0	0.01	1
0.0053	0.0131	0.082	1.3714	0.8481	-0.3752	0.0711	0.9242	298	0	462	2	5	0.01	0.05	0	0.01	1
0.01	0.2264	-0.2016	1.1209	0.542	0.7783	0.5474	0.3075	54	301	554	2	1	0.01	0.05	0	0.01	1
0.01	0.0713	-0.0254	1.2449	0.6116	0.8558	0.484	0.1824	300	302	554	2	2	0.01	0.05	0	0.01	1
0.01	0.0835	0.0356	1.2794	0.6246	0.7386	0.2132	-0.6396	301	0	554	2	3	0.01	0.05	0	0.01	1
0.0095	0.1163	-0.7645	0.9382	0.1779	0.7543	-0.5205	-0.4001	64	304	341	2	1	0.0215	0.1429	1	0.0295	0
0.0089	0.118	-0.666	0.8728	0.1868	0.7553	-0.6237	-0.2012	303	305	341	2	2	0.0186	0.1857	0	0.0295	0
0.0073	0.0777	-0.5969	0.8056	0.1452	0.5965	-0.2573	-0.7602	304	306	341	2	3	0.01	0.05	0	0.01	0
0.0059	0.0261	-0.5769	0.7904	0.1632	0.7868	-0.5375	0.3033	305	307	341	2	4	0.01	0.05	0	0.01	0
0.0041	0.0756	-0.5555	0.7739	0.1699	-0.3204	-0.5313	0.7843	306	0	341	2	5	0.0048	0.06	0	0.01	0
0.0118	0.1601	-0.5556	0.8752	-0.3425	-0.6786	-0.6707	-0.2994	69	309	171	2	1	0.0173	0.1	0	0.033	0
0.0106	0.1087	-0.6563	0.7714	-0.4109	-0.5155	-0.7865	-0.3401	308	310	171	2	2	0.01	0.05	0	0.01	0
0.01	0.0803	-0.7124	0.6859	-0.4479	-0.2989	-0.8701	0.3919	309	0	171	2	3	0.01	0.05	0	0.01	0
0.0336	0.2059	-0.4324	1.2548	-0.1559	0.4622	-0.8806	-0.1045	74	312	172	2	1	0.0159	0.1322	1	0.0481	0
0.0336	0.09	-0.3399	1.0747	-0.1792	-0.3443	-0.932	-0.1132	311	313	172	2	2	0.0161	0.3455	0	0.0481	0
0.0162	0.0262	-0.4056	1.0093	-0.1731	0.2024	-0.406	0.8912	312	314	172	2	3	0.009	0.16	0	0.01	0
0.01	0.0941	-0.4004	0.9991	-0.1491	0.956	0.2917	0.0314	313	0	172	2	4	0.01	0.05	0	0.01	0
0.0336	0.1747	-0.5452	1.0188	-0.2239	-0.9173	-0.3613	0.1674	70	316	757	2	1	0.0122	0.2188	0	0.0345	0
0.0314	0.0715	-0.7116	0.9528	-0.1767	0.0143	0.9869	0.161	315	317	757	2	2	0.0089	0.25	0	0.0416	0
0.0264	0.1377	-0.7305	1.0533	-0.1717	0.5304	0.5028	0.6825	316	318	757	2	3	0.0141	0.125	0	0.0446	0
0.0114	0.0358	-0.6722	1.1374	-0.1004	-0.395	0.6276	0.6709	317	319	757	2	4	0.01	0.05	0	0.01	0
0.0069	0.0722	-0.6864	1.1599	-0.0764	0.4478	-0.1011	0.8884	318	0	757	2	5	0.01	0.05	0	0.01	0
0.0324	0.2339	-0.4644	1.1573	-0.2619	-0.643	0.7534	0.1374	71	321	343	2	1	0.0046	0.084	0	0.0791	0
0.0283	0.1452	-0.621	1.3338	-0.2867	0.3356	0.9415	-0.0323	320	322	343	2	2	0.0022	0.2	0	0.0285	0
0.0171	0.0213	-0.5664	1.4606	-0.3244	0.4442	0.8768	-0.1841	321	323	343	2	3	0.01	0.05	0	0.01	0
0.0126	0.0869	-0.5569	1.4794	-0.3284	-0.441	0.8763	0.1937	322	324	343	2	4	0.01	0.05	0	0.01	0
0.0086	0.1163	-0.5952	1.5555	-0.3115	-0.8663	-0.499	0.0208	323	0	343	2	5	0.01	0.05	0	0.01	0
0.0367	0.1382	-0.3831	0.4728	0.2276	-0.5688	0.021	-0.8222	82	326	40	2	1	0.0104	0.102	1	0.1328	0
0.0366	0.1831	-0.4688	0.5298	0.0903	-0.3779	0.3294	0.8652	325	327	40	2	2	0.0737	0.1417	0	0.1328	0
0.0388	0.1592	-0.5508	0.5434	0.1813	-0.9841	0.0139	0.1773	326	328	40	2	3	0.0095	0.2308	0	0.0509	0
0.0352	0.2737	-0.7134	0.6082	0.1933	-0.0121	0.249	0.9684	327	329	40	2	4	0.0038	0.1875	0	0.0366	0
0.0347	0.158	-0.7126	0.6736	0.4583	0.2066	0.2845	0.9361	328	330	40	2	5	0.0043	0.175	0	0.0356	0
0.0301	0.0815	-0.6917	0.7074	0.6017	-0.6076	0.3498	0.7131	329	331	40	2	6	0.0038	0.375	0	0.0301	0
0.0255	0.111	-0.7376	0.7397	0.6583	-0.5504	0.7042	0.4486	330	332	40	2	7	0.0034	0.4688	0	0.0255	0
0.029	0.0881	-0.7935	0.7999	0.7184	-0.1197	0.4656	0.8768	331	333	40	2	8	0.0039	0.4167	0	0.029	0
0.0249	0.0884	-0.8123	0.834	0.7981	-0.0195	0.3403	0.9401	332	334	40	2	9	0.0038	0.4167	0	0.0236	0
0.0293	0.1295	-0.812	0.8586	0.8932	-0.5239	0.7428	0.4168	333	335	40	2	10	0.0049	0.5	0	0.0293	0
0.0282	0.0715	-0.8695	0.9501	0.964	-0.4316	0.7599	0.4861	334	336	40	2	11	0.0028	0.5	0	0.0282	0
0.0303	0.0692	-0.9007	1.0061	0.998	-0.0088	0.4109	0.9117	335	337	40	2	12	0.0035	0.4167	0	0.0303	0
0.0338	0.116	-0.8961	1.0392	1.0619	0.063	-0.2537	0.9652	336	338	40	2	13	0.0043	0.3438	0	0.0358	0
0.0283	0.187	-0.881	1.0181	1.1721	0.35	-0.1281	0.928	337	339	40	2	14	0.0033	0.1458	0	0.0283	0
0.0322	0.1234	-0.8156	1.0081	1.3539	0.0508	-0.5111	0.858	338	340	40	2	15	0.0093	0.1429	0	0.0383	0
0.0305	0.2248	-0.8216	0.9603	1.4592	-0.1863	-0.1095	0.9764	339	341	40	2	16	0.0081	0.0444	0	0.0434	0
0.0236	0.0994	-0.9132	0.9158	1.6377	-0.5395	-0.2837	0.7928	340	342	40	2	17	0.0062	0.14	0	0.01	0
0.0236	0.0379	-0.8549	0.9723	1.7087	-0.1088	0.233	0.9664	341	343	40	2	18	0.0098	0.0615	0	0.01	0
0.0236	0.0806	-0.8643	0.9946	1.7502	0.1678	-0.2753	0.9466	342	0	40	2	19	0.0133	0.0833	0	0.01	0
0.0136	0.5972	-0.3701	0.6099	0.2534	-0.6213	-0.7832	0.0263	82	345	43	2	1	0.027	0.0433	0	0.0429	0
0.0112	0.0549	-0.7452	0.1393	0.2684	0.59	-0.7807	-0.2061	344	346	43	2	2	0.01	0.05	0	0.01	0
0.01	0.0699	-0.715	0.096	0.2607	-0.7847	-0.3343	-0.522	345	0	43	2	3	0.01	0.05	0	0.01	0
0.0356	0.0709	-0.2825	0.5808	0.2612	0.9676	-0.1521	-0.2016	82	348	51	2	1	0.0085	0.35	1	0.0356	0
0.0356	0.137	-0.214	0.5701	0.2469	0.6355	-0.0355	0.7713	347	349	51	2	2	0.0085	0.35	0	0.0356	0
0.0299	0.0854	-0.1321	0.5617	0.3616	0.5634	-0.8261	0.0089	348	350	51	2	3	0.0028	0.375	0	0.0299	0
0.0315	0.0967	-0.1011	0.5171	0.3428	0.829	0.559	0.0174	349	351	51	2	4	0.0157	0.1948	0	0.0335	0
0.024	0.0345	-0.0193	0.5841	0.3752	0.716	0.6295	-0.3018	350	352	51	2	5	0.0107	0.2469	0	0.027	0
0.01	0.0285	-0.0034	0.5965	0.378	0.4391	0.5723	0.6926	351	353	51	2	6	0.01	0.05	0	0.01	0
0.0068	0.0473	0.0091	0.6129	0.3978	0.9718	-0.1758	0.1573	352	0	51	2	7	0.01	0.05	0	0.01	0
0.039	1.1252	-0.5182	-0.497	0.3409	0.3948	0.9099	-0.1277	84	355	53	2	1	0.0042	0.3611	1	0.0418	0
0.0348	0.1192	-0.0763	0.5256	0.2041	0.067	0.981	0.182	354	356	53	2	2	0.008	0.2879	0	0.0418	0
0.0206	0.1192	-0.0392	0.6089	0.2032	0.8062	0.5519	0.213	355	357	53	2	3	0.0024	0.25	0	0.0242	0
0.01	0.0838	0.0568	0.6707	0.2182	0.3319	0.8805	-0.3386	356	0	53	2	4	0.01	0.05	0	0.01	0
0.0443	0.2155	-0.3796	0.3812	0.3129	0.8135	0.2586	0.5209	82	359	56	2	1	0.0194	0.0844	1	0.1193	0
0.0437	0.3544	-0.1742	0.4861	0.3589	0.7496	0.3205	0.5792	358	360	56	2	2	0.0113	0.0526	0	0.1193	0
0.0342	0.1277	0.078	0.6035	0.5681	0.353	0.3398	0.8717	359	361	56	2	3	0.0041	0.175	0	0.0342	0
0.0311	0.0065	0.1029	0.6542	0.6828	0.3559	0.7185	0.5976	360	362	56	2	4	0.0046	0.15	0	0.01	0
0.0411	0.2135	0.1247	0.6387	0.6808	0.7286	0.6244	0.2816	361	363	56	2	5	0.0096	0.0839	0	0.0493	0
0.029	0.1269	0.2641	0.8008	0.6939	0.5152	0.7981	0.3125	362	364	56	2	6	0.0047	0.0714	0	0.01	0
0.0379	0.0026	0.3236	0.8232	0.8067	0.5073	0.5658	0.65	363	365	56	2	7	0.0028	0.25	0	0.0392	0
0.0265	0.1973	0.3388	0.7967	0.7903	0.5635	0.6263	-0.5387	364	366	56	2	8	0.0029	0.1607	0	0.024	0
0.0252	0.0713	0.4711	0.8824	0.6877	0.8164	0.4159	-0.4005	365	367	56	2	9	0.0073	0.125	0	0.01	0
0.0331	0.2135	0.5191	0.8906	0.6294	0.6586	0.4841	-0.5761	366	368	56	2	10	0.0227	0.0727	0	0.057	0
0.0298	0.0931	0.7021	0.9484	0.5398	0.7987	0.5136	-0.3137	367	369	56	2	11	0.0094	0.2	0	0.0363	0
0.028	0.1382	0.7816	0.9913	0.5044	0.7403	0.6671	0.0832	368	370	56	2	12	0.0081	0.1429	0	0.0363	0
0.0217	0.194	0.9002	1.0725	0.5449	0.8085	0.5311	-0.2535	369	371	56	2	13	0.0144	0.0389	0	0.0283	0
0.0114	0.1138	1.0646	1.1688	0.5138	0.8627	0.4698	-0.1873	370	372	56	2	14	0.01	0.05	0	0.01	0
0.01	0.1608	1.0943	1.2102	0.4185	0.6059	0.4739	-0.639	371	373	56	2	15	0.01	0.05	0	0.01	0
0.0085	0.1025	1.1237	1.2058	0.4995	0.7676	0.4318	0.4737	372	374	56	2	16	0.01	0.05	0	0.01	0
0.0063	0.0703	1.1396	1.2389	0.5722	0.26	0.4182	0.8703	373	0	56	2	17	0.01	0.05	0	0.01	0
0.0287	0.5494	-0.4634	-0.3236	0.3558	0.4105	0.9023	0.1318	83	376	57	2	1	0.0032	0.25	1	0.0287	0
0.0287	0.1009	-0.2379	0.1721	0.4282	0.0086	0.4826	0.8758	375	377	57	2	2	0.0032	0.25	0	0.0287	0
0.0265	0.3182	-0.1958	0.2091	0.5231	-0.0285	0.4063	0.9133	376	378	57	2	3	0.0276	0.0647	0	0.3918	0
0.0138	0.01	-0.2098	0.3245	0.8176	-0.0827	0.2962	0.9516	377	379	57	2	4	0.01	0.05	0	0.01	0
0.0157	0.1449	-0.1998	0.324	0.8185	-0.1517	0.8327	-0.5325	378	0	57	2	5	0.014	0.0385	0	0.0396	0
0.0233	0.5731	-0.5299	-0.6127	0.4219	-0.0777	0.9938	0.0791	86	381	65	2	1	0.0051	0.3333	1	0.023	0
0.0209	0.0818	-0.5745	-0.0431	0.4672	0.9915	-0.1177	-0.0557	380	382	65	2	2	0.0051	0.3333	0	0.023	0
0.0336	0.1515	-0.4789	-0.0658	0.4556	0.6444	0.7605	-0.08	381	383	65	2	3	0.0093	0.1136	0	0.0546	0
0.01	0.1972	-0.3833	0.0494	0.4667	-0.4154	0.9089	-0.0371	382	0	65	2	4	0.01	0.05	0	0.01	0
0.0405	0.1119	-0.5337	-0.3928	0.3808	-0.1455	0.8018	0.5796	83	385	66	2	1	0.0046	0.3333	1	0.0427	0
0.0355	0.0884	-0.5518	-0.3071	0.4473	0.5051	0.1244	0.8541	384	386	66	2	2	0.0093	0.2	0	0.0427	0
0.0188	0.0821	-0.4976	-0.3026	0.5191	0.3333	-0.0443	0.9418	385	387	66	2	3	0.0138	0.0571	0	0.01	0
0.01	0.0619	-0.4541	-0.31	0.5906	0.2321	0.9727	0	386	0	66	2	4	0.01	0.05	0	0.01	0
0.0454	0.2888	-0.5501	-0.3399	0.3616	-0.2294	0.9509	0.2077	83	389	67	2	1	0.0101	0.25	1	0.0454	0
0.0454	0.091	-0.6163	-0.0654	0.4216	-0.3307	-0.2887	0.8985	388	390	67	2	2	0.0101	0.25	0	0.0454	0
0.0437	0.185	-0.6511	-0.1074	0.4897	-0.6694	-0.3619	0.6487	389	391	67	2	3	0.0064	0.2429	0	0.0437	0
0.0416	0.0997	-0.7792	-0.1494	0.6179	-0.1551	-0.3305	0.931	390	392	67	2	4	0.0052	0.6667	0	0.0416	0
0.0453	0.0831	-0.8209	-0.1976	0.6893	-0.479	-0.3226	0.8164	391	393	67	2	5	0.0058	0.4242	0	0.0495	0
0.0438	0.1153	-0.8567	-0.199	0.7494	-0.987	0.1255	-0.1008	392	394	67	2	6	0.0052	0.3	0	0.0438	0
0.0416	0.1476	-0.9697	-0.1863	0.8045	-0.9657	-0.2597	0.0036	393	395	67	2	7	0.0103	0.0982	0	0.0363	0
0.0416	0.1448	-1.1134	-0.2197	0.8003	-0.9865	-0.1028	0.1275	394	396	67	2	8	0.0028	0.2667	0	0.0396	0
0.0436	0.2125	-1.2689	-0.2894	0.8026	-0.9001	0.0811	0.428	395	397	67	2	9	0.0052	0.1375	0	0.044	0
0.0432	0.0873	-1.438	-0.2799	0.9031	-0.4504	-0.2223	0.8647	396	398	67	2	10	0.0044	0.2333	0	0.0433	0
0.0416	0.0569	-1.5083	-0.3621	0.9592	-0.0266	-0.284	0.9585	397	399	67	2	11	0.0069	0.0714	0	0.01	0
0.0416	0.0292	-1.5525	-0.3584	0.9779	-0.6562	-0.0566	0.7524	398	400	67	2	12	0.0048	0.0571	0	0.01	0
0.0416	0.3139	-1.5707	-0.2976	1.0093	0.399	-0.143	0.9057	399	0	67	2	13	0.0032	0.0268	0	0.01	0
0.0291	0.174	-0.5192	-0.5898	0.3756	-0.6398	-0.2252	-0.7348	85	402	70	2	1	0.0097	0.3125	0	0.0291	0
0.028	0.178	-0.6505	-0.6284	0.2553	0.1706	-0.8419	0.512	401	403	70	2	2	0.0045	0.2708	0	0.028	0
0.027	0.1224	-0.6263	-0.7825	0.3349	-0.4591	-0.726	0.5121	402	404	70	2	3	0.004	0.2813	0	0.027	0
0.0281	0.0931	-0.6777	-0.8728	0.4043	0.417	0.9036	-0.0976	403	405	70	2	4	0.0077	0.28	0	0.0336	0
0.0203	0.0246	-0.6207	-0.803	0.4067	0.6754	0.7158	-0.1774	404	406	70	2	5	0.0193	0.1619	0	0.0452	0
0.0088	0.0043	-0.6116	-0.7956	0.4047	0.8139	-0.5784	0.0546	405	0	70	2	6	0.01	0.05	0	0.01	0
0.0403	0.2484	-0.5594	-1.9055	1.3657	0.0043	0.0424	0.9991	102	408	71	2	1	0.0144	0.3086	0	0.041	0
0.0347	0.0796	-0.5662	-1.9223	1.6179	0.1848	0.0905	0.9786	407	409	71	2	2	0.0041	0.4167	0	0.0341	0
0.0341	0.0503	-0.5772	-1.9073	1.6969	-0.0731	-0.3747	0.9243	408	410	71	2	3	0.01	0.05	0	0.01	0
0.0341	0.0941	-0.5667	-1.9005	1.7361	-0.1529	0.3494	0.9244	409	0	71	2	4	0.0041	0.0909	0	0.01	0
0.0455	0.2891	-0.5422	-0.4976	0.3648	-0.7882	0.0867	0.6093	84	412	759	2	1	0.044	0.2844	1	0.0583	0
0.0455	0.2158	-0.6761	-0.5458	0.4735	-0.258	-0.8125	0.5228	411	413	759	2	2	0.0199	0.4222	0	0.0583	0
0.0455	0.088	-0.7131	-0.7323	0.5662	-0.0357	-0.8857	0.4629	412	414	759	2	3	0.0211	0.5467	0	0.0554	0
0.0455	0.1524	-0.7242	-0.7761	0.6423	0.066	-0.7096	0.7015	413	415	759	2	4	0.0082	0.5303	0	0.0498	0
0.044	0.1378	-0.7423	-0.9302	0.724	-0.2272	-0.3577	0.9058	414	416	759	2	5	0.0066	0.44	0	0.044	0
0.0453	0.2153	-0.7364	-0.9276	0.8597	-0.2824	-0.0001	0.9593	415	417	759	2	6	0.0194	0.2182	0	0.0587	0
0.044	0.013	-0.7287	-0.9661	1.0527	0.2976	0.2003	0.9334	416	418	759	2	7	0.0167	0.2792	0	0.0343	0
0.045	0.1407	-0.7566	-0.9774	1.0451	-0.5849	0.6553	0.478	417	419	759	2	8	0.0104	0.1	0	0.0779	0
0.044	0.2369	-0.8273	-0.8957	1.1046	-0.1392	-0.6823	0.7177	418	420	759	2	9	0.0078	0.0786	0	0.0363	0
0.0448	0.1379	-0.8581	-1.0558	1.2761	-0.2419	-0.5168	0.8212	419	421	759	2	10	0.0045	0.0857	0	0.0502	0
0.044	0.1092	-0.9038	-1.1301	1.3864	-0.0979	-0.4573	0.8839	420	422	759	2	11	0.0102	0.119	0	0.0228	0
0.044	0.0751	-0.8787	-1.1778	1.5088	-0.5123	-0.4296	0.7436	421	423	759	2	12	0.0086	0.1071	0	0.01	0
0.044	0.0332	-0.9159	-1.1894	1.5659	0.2716	-0.0764	0.9594	422	424	759	2	13	0.0116	0.1548	0	0.0271	0
0.044	0.0596	-0.8642	-1.1407	1.5818	-0.3746	0.5464	0.7491	423	425	759	2	14	0.0086	0.1071	0	0.01	0
0.044	0.2207	-0.9505	-1.1507	1.5753	0.1335	-0.8374	0.53	424	426	759	2	15	0.0075	0.0779	0	0.0314	0
0.044	0.0008	-0.9111	-1.3411	1.6807	-0.0681	-0.9199	0.3861	425	427	759	2	16	0.0062	0.0714	0	0.01	0
0.044	0.0938	-0.9332	-1.367	1.6887	0.3042	0.025	0.9523	426	428	759	2	17	0.0034	0.2	0	0.0468	0
0.044	0.0929	-0.8022	-1.4634	1.7854	-0.2364	-0.1741	0.9559	427	429	759	2	18	0.0529	0.1327	0	0.1329	0
0.044	0.103	-0.8027	-1.4676	1.8479	0.518	-0.8547	0.0332	428	430	759	2	19	0.0109	0.0476	0	0.01	0
0.044	0.084	-0.7811	-1.5598	1.8361	-0.3492	-0.4152	0.84	429	0	759	2	20	0.0039	0.0714	0	0.01	0
0.0293	0.0863	-0.514	-0.4342	0.3841	0.1663	0.3753	0.9119	83	432	200	2	1	0.0102	0.3333	1	0.0293	0
0.0293	0.0625	-0.4996	-0.4018	0.4628	0.6696	-0.1645	0.7243	431	433	200	2	2	0.0102	0.3333	0	0.0293	0
0.0322	0.1958	-0.4349	-0.4106	0.5122	-0.1531	-0.2814	0.9473	432	434	200	2	3	0.0037	0.1964	0	0.0343	0
0.0297	0.0973	-0.4665	-0.4726	0.6921	-0.4642	-0.4851	0.7411	433	435	200	2	4	0.0121	0.2	0	0.0474	0
0.0123	0.017	-0.5265	-0.5233	0.7297	-0.4944	-0.8182	0.2935	434	436	200	2	5	0.01	0.05	0	0.01	0
0.0086	0.0396	-0.5394	-0.5417	0.7355	0.6344	-0.7011	-0.3255	435	0	200	2	6	0.01	0.05	0	0.01	0
0.0305	0.0874	-0.3628	-1.4848	0.7141	0.6509	0.7591	0.0074	94	438	205	2	1	0.0088	0.2188	1	0.0305	0
0.0305	0.2201	-0.3059	-1.4185	0.7148	0.2494	-0.288	-0.9246	437	0	205	2	2	0.0088	0.2188	0	0.0305	0
0.0264	0.1352	-0.3702	-1.6878	0.9408	0.5407	0.6042	0.5853	97	440	207	2	1	0.0059	0.2813	1	0.028	0
0.0233	0.115	-0.2971	-1.6061	1.02	-0.0385	0.8275	0.5601	439	441	207	2	2	0.0059	0.2813	0	0.028	0
0.0147	0.0772	-0.2603	-1.5152	1.0759	0.2063	0.7452	0.6341	440	442	207	2	3	0.01	0.05	0	0.01	0
0.01	0.3698	-0.2444	-1.4576	1.1249	0.4205	0.6296	0.6533	441	0	207	2	4	0.01	0.05	0	0.01	0
0.0133	0.2353	-0.459	-1.8573	1.1716	-0.0817	0.7814	0.6186	99	444	212	2	1	0.017	0.0667	1	0.0373	0
0.0133	0.0978	-0.4857	-1.6741	1.3189	0.1966	0.2504	0.948	443	445	212	2	2	0.0143	0.2	0	0.0373	0
0.01	0.0882	-0.4571	-1.6469	1.4189	-0.5644	-0.2074	0.799	444	0	212	2	3	0.01	0.05	0	0.01	0
0.0275	0.081	-0.5286	-1.8326	1.3673	0.4626	0.7768	0.4273	100	447	214	2	1	0.0052	0.3438	1	0.0284	0
0.0274	0.1117	-0.4911	-1.7697	1.402	-0.6733	0.7297	-0.1196	446	448	214	2	2	0.0052	0.3438	0	0.0284	0
0.0209	0.1176	-0.591	-1.6895	1.3779	-0.2347	0.869	0.4357	447	449	214	2	3	0.0028	0.4375	0	0.0209	0
0.0225	0.1027	-0.6011	-1.5884	1.4408	-0.1139	0.9567	0.2679	448	450	214	2	4	0.0029	0.25	0	0.0225	0
0.0218	0.1969	-0.6198	-1.4914	1.4689	-0.1799	0.9407	-0.2876	449	451	214	2	5	0.0015	0.1429	0	0.0218	0
0.0209	0.0975	-0.6295	-1.301	1.408	-0.2355	0.9248	-0.2987	450	452	214	2	6	0.0033	0.12	0	0.01	0
0.0209	0.1205	-0.667	-1.2106	1.4024	-0.1154	0.9901	-0.0799	451	453	214	2	7	0.0033	0.0571	0	0.01	0
0.0209	0.0714	-0.6491	-1.2155	1.3716	0.1332	-0.1332	0.9821	452	0	214	2	8	0.0099	0.15	0	0.01	0
0.0364	0.1854	0.2521	-0.3961	0.1935	0.4189	-0.2141	0.8824	126	455	267	3	1	0.0123	0.5	0	0.0364	1
0.0364	0.0809	0.3302	-0.4436	0.3557	0.4545	-0.138	0.88	454	456	267	3	2	0.0038	0.3333	0	0.0328	1
0.0364	0.2137	0.3956	-0.4325	0.4201	0.5692	-0.5462	0.6146	455	457	267	3	3	0.0071	0.0758	0	0.0247	1
0.0364	0.0263	0.5138	-0.5418	0.5585	0.5087	-0.4621	0.7264	456	458	267	3	4	0.0092	0.05	0	0.01	1
0.0364	0.0728	0.4949	-0.5728	0.5938	0.2189	0.3916	0.8937	457	459	267	3	5	0.0092	0.1	0	0.01	1
0.0364	0.1007	0.5204	-0.5712	0.6649	0.1754	0.2772	0.9447	458	0	267	3	6	0.0022	0.0694	0	0.01	1
0.0325	0.1659	0.2125	-0.6445	0.2295	0.2252	0.2771	0.9341	127	461	270	3	1	0.0064	0.4167	0	0.0325	1
0.0325	0.1355	0.3069	-0.6058	0.3612	0.3382	-0.2444	0.9088	460	462	270	3	2	0.0031	0.375	0	0.0304	1
0.0325	0.1226	0.3644	-0.6351	0.4841	0.1685	-0.4559	0.8739	461	463	270	3	3	0.0031	0.3438	0	0.0281	1
0.0325	0.0532	0.4115	-0.6991	0.5634	0.5691	-0.4699	0.6748	462	464	270	3	4	0.003	0.3333	0	0.0281	1
0.0387	0.0977	0.4331	-0.7192	0.6086	0.7549	0.1203	0.6447	463	465	270	3	5	0.0026	0.2593	0	0.0417	1
0.0325	0.0856	0.4879	-0.7525	0.6828	0.4558	0.0287	0.8896	464	466	270	3	6	0.0088	0.2	0	0.0213	1
0.0325	0.0566	0.5198	-0.735	0.7525	0.4004	0.512	0.76	465	467	270	3	7	0.0081	0.1591	0	0.01	1
0.0325	0.1059	0.5326	-0.7334	0.7357	-0.2186	-0.873	0.4359	466	468	270	3	8	0.0021	0.3125	0	0.0313	1
0.0335	0.0687	0.5132	-0.8344	0.7883	0.6819	0.6056	0.4101	467	469	270	3	9	0.0041	0.2917	0	0.0335	1
0.0426	0.1142	0.5739	-0.8436	0.8347	-0.0187	0.333	0.9427	468	470	270	3	10	0.0127	0.1786	0	0.0693	1
0.0352	0.1276	0.5766	-0.8384	0.9271	-0.1249	-0.4339	0.8922	469	471	270	3	11	0.0057	0.25	0	0.0352	1
0.0378	0.0164	0.56	-0.8961	1.0405	0.0662	-0.2052	0.9765	470	472	270	3	12	0.0109	0.1587	0	0.043	1
0.0376	0.1671	0.5688	-0.9013	1.0531	0.3539	-0.2084	0.9117	471	473	270	3	13	0.004	0.0938	0	0.0438	1
0.0325	0.0604	0.6324	-0.9325	1.2048	0.2878	-0.2	0.9366	472	0	270	3	14	0.001	0.0779	0	0.01	1
0.024	0.2474	0.1517	-0.906	0.3182	0.6871	0.1844	0.7027	129	475	273	3	1	0.0059	0.3438	0	0.0257	1
0.0171	0.1636	0.3287	-0.8905	0.5152	0.8805	0.4002	0.2542	474	476	273	3	2	0.0016	0.1875	0	0.0196	1
0.01	0.0381	0.4732	-0.8195	0.5527	0.7702	0.3387	0.5404	475	0	273	3	3	0.01	0.05	0	0.01	1
0.0261	0.1978	0.046	-0.9958	0.2884	-0.0581	-0.663	0.7464	129	478	761	3	1	0.0036	0.2917	0	0.0261	1
0.0296	0.186	-0.0051	-1.1398	0.4913	0.16	-0.9806	-0.1131	477	479	761	3	2	0.0043	0.2321	0	0.0296	1
0.0239	0.1107	0.0099	-1.3235	0.4891	-0.1226	-0.9792	-0.1619	478	480	761	3	3	0.01	0.05	0	0.01	1
0.0331	0.0959	0.0543	-1.3478	0.5043	0.1568	-0.4539	0.8771	479	481	761	3	4	0.0019	0.25	0	0.0382	1
0.0302	0.0871	0.0164	-1.4154	0.541	-0.037	-0.8742	0.4842	480	482	761	3	5	0.0253	0.1349	0	0.0392	1
0.0217	0.0405	0.0295	-1.4939	0.6248	-0.1877	-0.9821	0.0166	481	483	761	3	6	0.0112	0.225	0	0.0217	1
0.0193	0.1451	0.0313	-1.5121	0.6489	0.0589	-0.7459	0.6635	482	484	761	3	7	0.015	0.1538	0	0.0208	1
0.0103	0.0881	0.022	-1.6307	0.6761	-0.0371	-0.9867	0.1583	483	485	761	3	8	0.01	0.05	0	0.01	1
0.0097	0.0998	0.0266	-1.6218	0.6998	0.1601	-0.1138	0.9805	484	486	761	3	9	0.01	0.05	0	0.01	1
0.0056	0.0697	0.0426	-1.6331	0.7976	-0.015	-0.7749	0.6319	485	0	761	3	10	0.01	0.05	0	0.01	1
0.0224	0.2698	0.2643	-1.1368	0.4521	0.5059	-0.0958	0.8573	132	488	434	3	1	0.0059	0.2083	0	0.0252	1
0.0192	0.0914	0.3986	-1.1849	0.6646	0.3267	-0.6278	0.7065	487	489	434	3	2	0.0106	0.25	0	0.0223	1
0.0135	0.0737	0.4133	-1.2515	0.7052	0.0348	-0.9397	0.3403	488	490	434	3	3	0.01	0.05	0	0.01	1
0.01	0.0515	0.4176	-1.2382	0.7201	0.2391	0.1137	0.9643	489	0	434	3	4	0.01	0.05	0	0.01	1
0.0217	0.1199	0.2588	-1.386	0.6245	-0.2984	-0.6633	-0.6862	136	492	438	3	1	0.0072	0.2917	0	0.0217	1
0.0287	0.2045	0.2225	-1.4655	0.5335	-0.3129	-0.9497	0.0163	491	493	438	3	2	0.0088	0.1636	0	0.0343	1
0.0151	0.0127	0.1671	-1.6518	0.5104	0.1354	-0.9606	-0.2429	492	494	438	3	3	0.0031	0.1167	0	0.01	1
0.0101	0.1014	0.1753	-1.6635	0.5059	0.1958	0.1807	0.9639	493	495	438	3	4	0.01	0.05	0	0.01	1
0.0063	0.0664	0.1951	-1.6451	0.6036	0.7557	-0.0234	0.6545	494	0	438	3	5	0.01	0.05	0	0.01	1
0.0277	0.0118	0.3683	-1.385	0.7146	0.7827	-0.449	0.4309	137	497	441	3	1	0.0036	0.375	1	0.0277	1
0.0277	0.0571	0.3776	-1.3903	0.7197	-0.6002	-0.1979	0.775	496	498	441	3	2	0.0036	0.375	0	0.0277	1
0.0329	0.1063	0.4413	-1.3748	0.7809	-0.3039	0.7107	0.6345	497	499	441	3	3	0.0039	0.325	0	0.0345	1
0.0297	0.0817	0.4263	-1.3095	0.8501	-0.0425	0.0956	0.9945	498	500	441	3	4	0.0118	0.22	0	0.0418	1
0.0139	0.0217	0.4439	-1.3188	0.9114	0.0106	-0.7532	0.6577	499	501	441	3	5	0.01	0.05	0	0.01	1
0.0086	0.0848	0.4441	-1.3351	0.9256	-0.0616	0.1574	0.9856	500	0	441	3	6	0.01	0.05	0	0.01	1
0.0124	0.0855	0.4138	-1.1505	0.8177	0.6877	0.6439	-0.3353	140	503	531	3	1	0.0129	0.25	1	0.046	1
0.0124	0.1192	0.4936	-1.11	0.8157	-0.6504	0.3226	0.6877	502	0	531	3	2	0.0179	0.1833	0	0.046	1
0.0229	0.046	0.5146	-1.1468	0.9528	0.5289	-0.8459	0.0686	141	505	534	3	1	0.0045	0.1667	1	0.0229	1
0.0229	0.1727	0.5389	-1.1857	0.956	-0.1589	-0.5841	0.796	504	506	534	3	2	0.0045	0.1667	0	0.0229	1
0.0253	0.1407	0.5775	-1.329	1.1129	-0.3879	-0.1899	0.9019	505	507	534	3	3	0.0227	0.1143	0	0.0679	1
0.0124	0.0663	0.5498	-1.3762	1.2381	0.3271	0.3532	0.8765	506	508	534	3	4	0.01	0.05	0	0.01	1
0.0086	0.0886	0.5715	-1.3528	1.2961	-0.2502	-0.522	0.8154	507	0	534	3	5	0.01	0.05	0	0.01	1
0.0199	0.0296	0.6316	-1.2058	1.4071	0.5712	-0.4213	-0.7045	148	510	708	3	1	0.0031	0.225	1	0.0199	1
0.0199	0.1346	0.6485	-1.2183	1.3862	0.0296	0.6001	0.7994	509	511	708	3	2	0.0031	0.225	0	0.0199	1
0.0186	0.0378	0.6573	-1.1492	1.5036	0.7851	0.553	0.279	510	512	708	3	3	0.0116	0.175	0	0.01	1
0.018	0.0541	0.7251	-1.1402	1.5214	0.2088	0.9012	0.3799	511	513	708	3	4	0.0083	0.1	0	0.01	1
0.026	0.1429	0.707	-1.0854	1.5491	-0.2179	0.0765	-0.973	512	514	708	3	5	0.0069	0.1429	0	0.0343	1
0.0205	0.1182	0.6697	-1.0697	1.4128	-0.1002	0.4012	-0.9105	513	515	708	3	6	0.0091	0.1667	0	0.1261	1
0.0108	0.0904	0.6508	-1.0228	1.3065	-0.1958	0.3689	-0.9086	514	516	708	3	7	0.01	0.05	0	0.01	1
0.01	0.0651	0.6505	-0.963	1.2428	-0.0623	0.6001	-0.7975	515	517	708	3	8	0.01	0.05	0	0.01	1
0.0069	0.1294	0.6739	-1.0013	1.2807	-0.9048	0.144	0.4007	516	0	708	3	9	0.01	0.05	0	0.01	1
0.0099	0.2012	0.6261	-1.215	1.42	0.8189	-0.1068	0.5639	148	519	721	3	1	0.0216	0.1545	0	0.0473	1
0.0099	0.0256	0.7613	-1.2307	1.553	0.5652	0.1693	0.8074	518	0	721	3	2	0.0075	0.2	0	0.0498	1
0.0185	0.2657	0.4819	-0.1658	0.1265	-0.4461	-0.2591	-0.8566	155	521	112	3	1	0.0095	0.2778	1	0.0531	1
0.0185	0.1767	0.3645	-0.2199	-0.0807	-0.3875	-0.7353	0.556	520	0	112	3	2	0.0257	0.2778	0	0.0531	1
0.032	0.7013	0.874	-0.2855	-0.0042	-0.7566	0.3631	0.5437	156	523	115	3	1	0.0043	0.4167	0	0.032	1
0.032	0.108	0.3768	0.001	0.4121	-0.7756	0.6006	0.1944	522	0	115	3	2	0.0113	0.1061	0	0.01	1
0.0313	0.2802	0.2516	0.0512	0.2717	0.7509	0.2051	0.6278	154	525	116	3	1	0.0105	0.3214	0	0.0313	1
0.0363	0.129	0.4568	0.0958	0.4279	0.835	0.3351	-0.4364	524	526	116	3	2	0.0117	0.0606	0	0.0481	1
0.0277	0.1607	0.5483	0.1559	0.3844	0.7723	0.6123	0.1691	525	527	116	3	3	0.0152	0.15	0	0.0281	1
0.0154	0.1153	0.6736	0.2569	0.3829	0.7867	0.6111	0.0878	526	528	116	3	4	0.007	0.1333	0	0.01	1
0.0107	0.1366	0.7496	0.3356	0.4201	0.7464	0.6308	0.2123	527	529	116	3	5	0.01	0.05	0	0.01	1
0.0069	0.1294	0.8335	0.4313	0.3839	0.6988	0.7096	-0.0903	528	0	116	3	6	0.01	0.05	0	0.01	1
0.0416	0.4158	0.9768	-0.4378	0.108	-0.9083	-0.0597	-0.414	160	531	117	3	1	0.0107	0.1735	1	0.0652	1
0.0416	0.2033	0.609	-0.4422	-0.0614	0.8554	-0.4451	0.2651	530	532	117	3	2	0.0167	0.1039	0	0.0652	1
0.0176	0.1239	0.7455	-0.5617	-0.0586	0.837	-0.3759	-0.3977	531	533	117	3	3	0.0052	0.1	0	0.01	1
0.01	0.0673	0.8445	-0.6097	-0.1199	0.9323	-0.0313	-0.3604	532	0	117	3	4	0.01	0.05	0	0.01	1
0.0416	0.6387	0.9666	-0.4059	0.0889	-0.9914	0.1209	0.0491	160	535	118	3	1	0.0158	0.1538	1	0.0584	1
0.0416	0.4659	0.3334	-0.3225	0.1051	0.9475	-0.2951	-0.1235	534	536	118	3	2	0.0176	0.128	0	0.0584	1
0.0218	0.26	0.764	-0.4805	0.0221	-0.1061	-0.7522	0.6504	535	537	118	3	3	0.0102	0.0917	0	0.0404	1
0.01	0.0908	0.7442	-0.6687	0.1728	0.4959	-0.8583	-0.1318	536	0	118	3	4	0.01	0.05	0	0.01	1
0.0304	0.1982	0.8866	-0.3384	-0.0398	-0.9724	-0.1175	-0.2015	156	539	119	3	1	0.0046	0.4688	1	0.0304	1
0.0304	0.0914	0.6938	-0.3616	-0.0797	0.7568	-0.5623	-0.3332	538	540	119	3	2	0.0046	0.4688	0	0.0304	1
0.0304	0.0581	0.7647	-0.4097	-0.117	0.565	-0.7879	-0.245	539	541	119	3	3	0.0028	0.3333	0	0.027	1
0.0304	0.133	0.8288	-0.4246	-0.1386	0.6039	-0.7024	-0.3769	540	0	119	3	4	0.0039	0.0714	0	0.01	1
0.0197	0.7144	0.8676	-0.2923	-0.0088	-0.6581	0.168	0.734	156	543	123	3	1	0.0035	0.3333	0	0.021	1
0.0139	0.0503	0.3969	-0.1683	0.5164	-0.2049	-0.2447	0.9477	542	544	123	3	2	0.01	0.05	0	0.01	1
0.01	0.0513	0.3866	-0.1806	0.5641	-0.7911	0.389	-0.472	543	0	123	3	3	0.01	0.05	0	0.01	1
0.0335	0.4505	0.3264	0.0513	0.1975	0.4965	-0.4258	0.7564	154	546	126	3	1	0.0104	0.25	1	0.0363	1
0.0288	0.1583	0.5461	-0.145	0.5377	-0.4757	0.5394	-0.6948	545	547	126	3	2	0.0118	0.2	0	0.0363	1
0.0168	0.0347	0.4914	-0.0502	0.4559	0.3704	0.7663	-0.525	546	548	126	3	3	0.0055	0.1	0	0.01	1
0.01	0.2221	0.5031	-0.0242	0.4375	-0.4069	0.8703	-0.2775	547	0	126	3	4	0.01	0.05	0	0.01	1
0.0331	0.0845	1.6093	-0.8116	0.7642	-0.5396	-0.2882	-0.7911	173	550	127	3	1	0.0078	0.3438	0	0.0339	1
0.0224	0.1346	1.5955	-0.8102	0.6951	-0.3755	0.3903	-0.8406	549	551	127	3	2	0.0057	0.1667	0	0.0166	1
0.0272	0.1279	1.5578	-0.753	0.5728	-0.6303	0.3539	-0.691	550	552	127	3	3	0.0044	0.15	0	0.0329	1
0.0122	0.0859	1.49	-0.7289	0.4566	-0.6278	0.4512	-0.6343	551	553	127	3	4	0.01	0.05	0	0.01	1
0.0079	0.0749	1.4361	-0.6901	0.4021	0.447	0.1134	-0.8873	552	0	127	3	5	0.01	0.05	0	0.01	1
0.0466	0.2876	0.5603	-0.1668	0.1823	0.6111	-0.4611	0.6434	155	555	762	3	1	0.0486	0.1911	0	0.072	1
0.046	0.1083	0.7188	-0.2886	0.3473	-0.6181	0.3313	0.7128	554	556	762	3	2	0.0219	0.2133	0	0.0637	1
0.0444	0.3214	0.6391	-0.289	0.4557	-0.5004	0.6589	0.5616	555	557	762	3	3	0.0114	0.0536	0	0.0559	1
0.0326	0.191	0.4857	-0.0503	0.6303	-0.7023	0.3295	0.6311	556	558	762	3	4	0.0025	0.2083	0	0.0326	1
0.039	0.1243	0.3657	0.0287	0.7518	-0.5719	0.4661	0.675	557	559	762	3	5	0.0038	0.1667	0	0.0394	1
0.0276	0.0022	0.291	0.0484	0.8202	-0.7214	-0.2	0.663	558	560	762	3	6	0.0044	0.1	0	0.01	1
0.0327	0.3349	0.3378	-0.0551	0.8704	0.5818	0.5547	0.5948	559	561	762	3	7	0.0867	0.0657	0	0.1479	1
0.0166	0.0907	0.5408	-0.0121	1.0196	0.7368	-0.1859	0.6501	560	562	762	3	8	0.0247	0.0263	0	0.01	1
0.0094	0.2732	0.6006	-0.0297	1.0754	-0.4271	0.2988	0.8534	561	0	762	3	9	0.01	0.05	0	0.01	1
0.0204	0.209	1.08	-0.4953	0.2487	0.4007	0.0665	-0.9138	161	564	286	3	1	0.0049	0.3125	1	0.0204	1
0.0204	0.0982	1.1638	-0.4814	0.0577	-0.4697	-0.3242	0.8211	563	565	286	3	2	0.0049	0.3125	0	0.0204	1
0.0184	0.1484	1.1517	-0.5336	0.1444	-0.2346	-0.1017	0.9668	564	566	286	3	3	0.0029	0.275	0	0.0188	1
0.0107	0.0047	1.1154	-0.5671	0.282	-0.1538	-0.2902	0.9445	565	567	286	3	4	0.01	0.05	0	0.01	1
0.01	0.0347	1.1171	-0.5719	0.2939	-0.6535	-0.7462	-0.1268	566	568	286	3	5	0.01	0.05	0	0.01	1
0.0064	0.1153	1.0945	-0.5978	0.2895	-0.5683	-0.7904	0.2286	567	0	286	3	6	0.01	0.05	0	0.01	1
0.0245	0.0685	1.1317	-0.5508	0.4877	0.4781	-0.8088	-0.3425	164	570	291	3	1	0.0036	0.4167	1	0.0245	1
0.0245	0.0627	1.1644	-0.6062	0.4643	0.9613	-0.2573	-0.0989	569	571	291	3	2	0.0036	0.4167	0	0.0245	1
0.0327	0.1468	1.2212	-0.6289	0.4555	0.8945	-0.3924	-0.2142	570	572	291	3	3	0.0103	0.2121	0	0.0378	1
0.0329	0.0912	1.3062	-0.6935	0.4162	0.2156	-0.8001	-0.5597	571	573	291	3	4	0.0042	0.4167	0	0.0371	1
0.0331	0.0818	1.3578	-0.7559	0.3989	0.4034	-0.91	-0.0957	572	574	291	3	5	0.0131	0.4318	0	0.0394	1
0.0326	0.1326	1.4003	-0.8213	0.3813	0.6708	-0.7407	-0.0371	573	575	291	3	6	0.0062	0.4	0	0.0336	1
0.029	0.0642	1.4934	-0.9335	0.3836	0.9373	0.1077	-0.3314	574	576	291	3	7	0.0032	0.2917	0	0.029	1
0.0245	0.0953	1.5499	-0.9319	0.3548	0.8496	-0.5262	-0.0368	575	577	291	3	8	0.0037	0.2188	0	0.0227	1
0.0317	0.083	1.6346	-0.9948	0.3036	0.6733	-0.6996	0.2392	576	578	291	3	9	0.0038	0.3125	0	0.0338	1
0.0312	0.1079	1.6874	-1.0666	0.2912	-0.1416	-0.9064	0.3979	577	579	291	3	10	0.0029	0.375	0	0.0324	1
0.0263	0.0897	1.6834	-1.1592	0.3285	0.3763	-0.9219	-0.0923	578	580	291	3	11	0.0037	0.375	0	0.0263	1
0.0266	0.0725	1.7049	-1.252	0.3244	0.6266	-0.777	-0.0601	579	581	291	3	12	0.0032	0.3333	0	0.0266	1
0.0275	0.0816	1.7566	-1.3364	0.3288	0.9089	0.0766	-0.4099	580	582	291	3	13	0.0028	0.3333	0	0.0275	1
0.0245	0.0465	1.8392	-1.3097	0.2816	0.9465	-0.2717	0.174	581	583	291	3	14	0.013	0.15	0	0.01	1
0.0245	0.0952	1.8916	-1.3099	0.3134	-0.085	-0.8698	0.4861	582	0	291	3	15	0.0047	0.0625	0	0.01	1
0.0379	0.1585	1.5476	-0.7851	1.0725	-0.6984	0.4883	0.5232	174	585	455	3	1	0.0073	0.125	0	0.0379	1
0.0289	0.1099	1.4411	-0.701	1.1536	-0.5436	0.5181	0.6604	584	586	455	3	2	0.0071	0.1167	0	0.01	1
0.038	0.024	1.3783	-0.6946	1.1956	-0.6655	-0.356	0.656	585	587	455	3	3	0.0071	0.125	0	0.0442	1
0.0377	0.1034	1.3664	-0.6878	1.2146	-0.7674	0.0704	0.6372	586	588	455	3	4	0.0042	0.3333	0	0.0427	1
0.0348	0.1297	1.2607	-0.6543	1.2513	-0.6617	0.1504	0.7345	587	589	455	3	5	0.0154	0.1667	0	0.0374	1
0.0292	0.1712	1.2042	-0.6348	1.3634	-0.4968	0.0558	0.8661	588	590	455	3	6	0.0057	0.0429	0	0.0962	1
0.0159	0.1855	1.135	-0.6088	1.5143	-0.2768	0.1156	0.954	589	591	455	3	7	0.0091	0.08	0	0.01	1
0.0111	0.1457	1.2071	-0.694	1.6171	0.1895	-0.403	0.8954	590	592	455	3	8	0.01	0.05	0	0.01	1
0.0074	0.198	1.3181	-0.753	1.6175	0.7125	-0.5321	0.4574	591	0	455	3	9	0.01	0.05	0	0.01	1
0.0267	0.2294	1.5026	0.3338	0.0514	-0.8743	-0.2736	-0.4008	193	594	392	3	1	0.0044	0.3438	0	0.0289	1
0.0168	0.0144	1.3242	0.2658	-0.0438	-0.2298	-0.428	-0.8741	593	595	392	3	2	0.01	0.05	0	0.01	1
0.01	0.0746	1.3209	0.2596	-0.0564	-0.9974	0.0036	-0.0725	594	0	392	3	3	0.01	0.05	0	0.01	1
0.0211	0.1225	1.5524	0.1187	0.0311	-0.7401	-0.0801	-0.6677	193	597	395	3	1	0.0029	0.0667	0	0.0449	1
0.0231	0.1708	1.4637	0.1247	-0.0443	-0.0246	-0.3694	0.9289	596	0	395	3	2	0.0125	0.2222	0	0.0273	1
0.0353	0.1431	1.6022	0.1185	0.0948	0.8609	0.16	-0.4829	193	599	764	3	1	0.0072	0.4286	0	0.0353	1
0.0353	0.0494	1.7339	0.1393	0.0286	0.3696	0.3407	-0.8645	598	600	764	3	2	0.0121	0.2083	0	0.0289	1
0.0353	0.2131	1.7797	0.1898	-0.0087	0.4188	-0.1975	-0.8863	599	0	764	3	3	0.008	0.0556	0	0.01	1
0.01	0.245	1.8821	-0.021	0.0648	0.1454	-0.1173	-0.9824	195	602	593	3	1	0.01	0.05	0	0.01	1
0.01	0.0254	1.8971	-0.0343	-0.158	0.1958	-0.6198	0.7599	601	0	593	3	2	0.01	0.05	0	0.01	1
0.0332	0.0759	1.1212	0.7738	0.858	0.0828	-0.9958	0.039	209	604	766	3	1	0.0083	0.3	1	0.0353	1
0.0291	0.1399	1.1256	0.7025	0.8596	-0.6717	-0.4909	-0.5548	603	605	766	3	2	0.0099	0.2429	0	0.0353	1
0.0167	0.0484	1.0385	0.6139	0.7969	0.0174	-0.598	-0.8013	604	606	766	3	3	0.0027	0.14	0	0.01	1
0.01	0.0799	1.0414	0.5771	0.7681	-0.2157	-0.7843	-0.5817	605	0	766	3	4	0.01	0.05	0	0.01	1
0.0209	0.3999	1.9394	0.1229	0.4074	-0.4591	-0.2136	-0.8623	222	608	406	3	1	0.0062	0.3	0	0.0227	1
0.0144	0.0394	1.7605	0.0352	0.0593	-0.4677	0.2201	-0.856	607	609	406	3	2	0.01	0.05	0	0.01	1
0.01	0.0916	1.7421	0.0439	0.0256	0.3137	0.1711	-0.934	608	0	406	3	3	0.01	0.05	0	0.01	1
0.0132	0.1233	1.8577	0.1009	0.3594	0.3708	-0.5513	-0.7474	221	611	767	3	1	0.0214	0.2375	0	0.0369	1
0.0111	0.0626	1.8971	0.0373	0.2442	0.6077	-0.7334	-0.3047	610	612	767	3	2	0.01	0.05	0	0.01	1
0.01	0.1113	1.9351	-0.0086	0.2251	0.8078	0.1915	-0.5575	611	0	767	3	3	0.01	0.05	0	0.01	1
0.0142	0.1302	1.9838	0.0288	0.5614	-0.8502	0.4289	0.3052	227	614	768	3	1	0.0195	0.1857	0	0.0368	1
0.01	0.0814	1.8355	0.0677	0.6255	-0.5256	0.8131	-0.2501	613	0	768	3	2	0.01	0.05	0	0.01	1
0.023	0.0851	1.3158	0.563	0.7397	0.7227	-0.271	0.6358	232	616	413	3	1	0.0035	0.375	1	0.023	1
0.023	0.0835	1.3773	0.5399	0.7938	-0.2604	0.5712	-0.7784	615	0	413	3	2	0.0035	0.375	0	0.023	1
0.0109	0.1401	1.2053	0.5139	0.5822	-0.4104	-0.8126	0.4138	234	0	417	3	1	0.0121	0.1625	0	0.0252	1
0.0214	0.067	1.695	0.2253	0.8725	0.615	0.5886	0.5248	243	619	419	3	1	0.0071	0.25	1	0.0228	1
0.0191	0.1012	1.7362	0.2647	0.9076	0.0599	-0.8049	-0.5904	618	620	419	3	2	0.0071	0.25	0	0.0228	1
0.0133	0.0855	1.7596	0.1538	0.864	0.6027	-0.081	-0.7939	619	621	419	3	3	0.01	0.05	0	0.01	1
0.01	0.0563	1.8111	0.1469	0.7961	0.932	-0.3614	0.0285	620	0	419	3	4	0.01	0.05	0	0.01	1
0.0101	0.0677	-0.3362	1.0801	0.376	-0.2049	-0.6433	-0.7377	256	623	315	3	1	0.0029	0.2917	1	0.0243	0
0.0101	0.0861	-0.3435	1.0269	0.3291	-0.3699	0.0381	0.9283	622	624	315	3	2	0.0091	0.2	0	0.0243	0
0.01	0.0729	-0.3868	1.029	0.4088	-0.0577	0.3841	0.9215	623	0	315	3	3	0.01	0.05	0	0.01	0
0.0345	0.1571	-0.4951	1.1509	0.4727	-0.6698	0.4639	0.5798	258	626	316	3	1	0.0092	0.425	0	0.0345	0
0.0345	0.0186	-0.5863	1.2129	0.5561	0.45	-0.0476	0.8918	625	0	316	3	2	0.0084	0.3333	0	0.0308	0
0.0242	0.1999	-0.5337	1.0872	0.4304	0.437	0.2525	0.8633	259	628	317	3	1	0.0066	0.375	0	0.0245	0
0.0321	0.2328	-0.4568	1.0575	0.5853	-0.8135	-0.0216	0.5812	627	629	317	3	2	0.007	0.0985	0	0.0466	0
0.0143	0.0199	-0.646	1.0289	0.7177	-0.6201	-0.1034	0.7776	628	630	317	3	3	0.01	0.05	0	0.01	0
0.01	0.1219	-0.6584	1.0269	0.7331	-0.5383	0.2691	0.7986	629	0	317	3	4	0.01	0.05	0	0.01	0
0.0328	0.3727	-0.6733	1.2134	0.4654	0.7697	-0.6187	0.1573	261	632	318	3	1	0.004	0.4375	0	0.0328	0
0.0328	0.0162	-0.3805	0.975	0.527	-0.455	-0.0085	0.8904	631	633	318	3	2	0.01	0.05	0	0.01	0
0.0328	0.0508	-0.3861	0.9732	0.5413	0.6974	0.7094	-0.1018	632	0	318	3	3	0.01	0.05	0	0.01	0
0.0321	0.107	-0.6227	1.1835	0.3374	0.3157	-0.3185	-0.8938	262	635	320	3	1	0.0042	0.375	1	0.0361	0
0.0308	0.0792	-0.5895	1.1481	0.2448	0.9131	-0.4075	0.0159	634	636	320	3	2	0.0056	0.25	0	0.0361	0
0.0282	0.1003	-0.5079	1.1211	0.2563	0.7342	0.0104	-0.6788	635	637	320	3	3	0.007	0.2	0	0.0335	0
0.0121	0.0648	-0.4215	1.1173	0.1992	0.3802	-0.6032	-0.7011	636	638	320	3	4	0.01	0.05	0	0.01	0
0.0064	0.0446	-0.3969	1.0782	0.1538	-0.8123	-0.4982	-0.3033	637	0	320	3	5	0.01	0.05	0	0.01	0
0.01	0.2269	-0.6107	1.16	0.3377	0.3936	-0.5146	-0.7618	262	640	322	3	1	0.01	0.05	1	0.01	0
0.01	0.0896	-0.5214	1.0432	0.1648	0.5697	-0.6197	-0.5398	639	0	322	3	2	0.01	0.05	0	0.01	0
0.0076	0.2538	-0.6078	1.0756	0.2951	-0.6886	-0.692	-0.2167	259	642	323	3	1	0.0023	0.1667	0	0.0445	0
0.0078	0.1244	-0.8235	0.9092	0.2412	-0.2006	-0.8201	-0.536	641	0	323	3	2	0.01	0.05	0	0.01	0
0.0321	0.1253	-0.6193	1.1352	0.384	-0.9108	0.0842	0.4041	260	644	324	3	1	0.0079	0.2917	1	0.0361	0
0.0321	0.0654	-0.7334	1.1458	0.4346	-0.3636	0.5393	0.7596	643	645	324	3	2	0.0079	0.2917	0	0.0361	0
0.0179	0.0936	-0.7453	1.1961	0.4649	-0.201	0.8292	0.5216	644	646	324	3	3	0.0023	0.3333	0	0.0204	0
0.01	0.0542	-0.7602	1.2677	0.5424	-0.982	0.1065	0.1559	645	0	324	3	4	0.01	0.05	0	0.01	0
0.0225	0.0898	-0.697	1.3494	0.5666	0.4808	0.2	0.8537	264	648	771	3	1	0.0016	0.1094	1	0.0198	0
0.0216	0.228	-0.6539	1.3674	0.6432	-0.3386	0.8259	0.4509	647	649	771	3	2	0.0016	0.1094	0	0.0198	0
0.0268	0.1145	-0.7213	1.5524	0.7805	-0.4335	0.878	0.2029	648	650	771	3	3	0.0035	0.2188	0	0.029	0
0.0229	0.1567	-0.7884	1.6442	0.7858	-0.5795	0.7967	0.1719	649	651	771	3	4	0.0125	0.0583	0	0.0397	0
0.0108	0.1046	-0.8801	1.6956	0.7837	-0.9753	0.0915	-0.2013	650	652	771	3	5	0.01	0.05	0	0.01	0
0.01	0.0473	-0.8722	1.7118	0.803	-0.2813	0.7057	0.6503	651	653	771	3	6	0.01	0.05	0	0.01	0
0.0061	0.0645	-0.8855	1.7452	0.8338	-0.5159	0.1487	0.8436	652	0	771	3	7	0.01	0.05	0	0.01	0
0.0311	0.3292	-0.245	1.0486	0.1459	-0.9544	-0.2984	-0.0134	273	655	155	3	1	0.0049	0.375	0	0.0341	0
0.0278	0.0698	-0.5705	0.9566	0.1383	0.0493	0.5161	0.8551	654	656	155	3	2	0.0036	0.375	0	0.0295	0
0.0259	0.0064	-0.5815	0.9906	0.1935	-0.322	0.5027	0.8022	655	657	155	3	3	0.0106	0.3667	0	0.0275	0
0.0225	0.0429	-0.5855	0.9875	0.1979	-0.9379	0.2676	0.221	656	0	155	3	4	0.0062	0.375	0	0.0225	0
0.0287	0.1253	-0.4339	0.8657	0.1237	0.5642	0.601	0.5661	281	659	160	3	1	0.0051	0.4688	0	0.0285	0
0.0298	0.1662	-0.3586	0.925	0.2014	-0.1698	0.3424	0.9241	658	660	160	3	2	0.0045	0.25	0	0.032	0
0.0298	0.0029	-0.3979	0.964	0.3453	-0.4707	-0.1776	0.8642	659	661	160	3	3	0.0102	0.3273	0	0.0316	0
0.0285	0.0784	-0.4097	0.9734	0.3541	0.4442	-0.0978	0.8906	660	0	160	3	4	0.0072	0.15	0	0.0255	0
0.0309	0.0663	-0.4204	0.878	0.0604	0.4172	-0.8007	-0.4299	280	663	772	3	1	0.0141	0.3	0	0.0451	0
0.0241	0.1501	-0.3946	0.8092	0.0567	-0.9377	-0.257	-0.2338	662	664	772	3	2	0.0034	0.325	0	0.0241	0
0.0268	0.0676	-0.5219	0.7891	0.0037	-0.8338	0.0778	-0.5465	663	665	772	3	3	0.0026	0.3333	0	0.0268	0
0.0285	0.0923	-0.5711	0.7785	-0.0063	-0.942	0.1121	0.3164	664	666	772	3	4	0.0064	0.16	0	0.0349	0
0.0199	0.1306	-0.669	0.7929	0.0064	-0.8327	-0.0203	0.5533	665	667	772	3	5	0.008	0.3214	0	0.0199	0
0.0254	0.052	-0.7179	0.7434	-0.005	-0.4494	-0.8772	0.1691	666	668	772	3	6	0.0087	0.25	0	0.0345	0
0.0239	0.0445	-0.746	0.6871	-0.0336	0.0122	-0.9613	0.2754	667	669	772	3	7	0.0091	0.225	0	0.0362	0
0.0105	0.025	-0.7497	0.6556	-0.0326	-0.966	-0.1898	0.1754	668	670	772	3	8	0.01	0.05	0	0.01	0
0.0089	0.0905	-0.7739	0.6509	-0.0282	-0.2146	-0.174	0.9611	669	0	772	3	9	0.01	0.05	0	0.01	0
0.01	0.0533	-0.5116	0.8965	0.241	-0.8517	-0.4861	0.1957	282	672	336	3	1	0.01	0.05	1	0.01	1
0.01	0.0742	-0.557	0.8706	0.2514	-0.7735	0.4414	0.4548	671	673	336	3	2	0.01	0.05	0	0.01	1
0.01	0.0587	-0.6144	0.9034	0.2851	-0.0419	-0.43	0.9019	672	0	336	3	3	0.01	0.05	0	0.01	1
0.0334	0.1695	-0.3343	1.1205	0.588	-0.7895	-0.5301	-0.3093	291	675	773	3	1	0.0094	0.35	0	0.0317	1
0.0334	0.04	-0.4757	1.0353	0.5508	-0.9045	-0.1365	-0.4041	674	676	773	3	2	0.0106	0.4697	0	0.0334	1
0.0334	0.0328	-0.5197	1.0355	0.5423	-0.6234	0.1744	-0.7622	675	0	773	3	3	0.011	0.1591	0	0.0248	1
0.0194	0.2275	-0.5058	0.5456	0.0875	-0.9177	0.391	-0.0696	326	678	174	3	1	0.0031	0.2917	1	0.0198	0
0.0167	0.0669	-0.7146	0.6345	0.0716	-0.2782	0.2408	0.9299	677	679	174	3	2	0.0031	0.2917	0	0.0198	0
0.01	0.0701	-0.7377	0.6545	0.1342	0.1356	0.0775	0.9877	678	0	174	3	3	0.01	0.05	0	0.01	0
0.0329	0.0417	-0.7115	0.7156	0.4788	-0.1346	0.9754	-0.1743	329	681	345	3	1	0.0111	0.2813	1	0.0337	0
0.0328	0.1139	-0.7171	0.7563	0.4716	-0.8816	0.3518	0.3147	680	682	345	3	2	0.0111	0.2813	0	0.0337	0
0.0239	0.1653	-0.7842	0.8262	0.5102	-0.6324	0.6693	0.39	681	683	345	3	3	0.003	0.1875	0	0.0212	0
0.0306	0.077	-0.8913	0.9415	0.5371	-0.6841	0.7166	0.1362	682	684	345	3	4	0.0135	0.1818	0	0.0328	0
0.0268	0.1086	-0.9097	0.9839	0.5133	-0.5057	0.5101	-0.6958	683	685	345	3	5	0.0067	0.0333	0	0.0396	0
0.0163	0.0769	-0.9478	1.0062	0.4301	-0.0928	0.1783	-0.9796	684	686	345	3	6	0.0029	0.15	0	0.01	0
0.0225	0.2155	-0.971	0.9637	0.4249	-0.2508	0.7828	0.5695	685	687	345	3	7	0.0112	0.125	0	0.0339	0
0.0101	0.0038	-1.0294	1.0975	0.5603	-0.2675	0.3575	0.8948	686	688	345	3	8	0.01	0.05	0	0.01	0
0.0077	0.1533	-1.0304	1.0989	0.5636	-0.4343	0.6825	0.5878	687	0	345	3	9	0.01	0.05	0	0.01	0
0.0347	0.17	-0.8458	0.9286	0.8993	-0.1234	-0.1144	-0.9857	334	690	346	3	1	0.0111	0.2121	0	0.0264	0
0.0347	0.0531	-0.8852	0.9431	0.7044	0.6455	-0.2338	-0.7271	689	691	346	3	2	0.0029	0.4063	0	0.0347	0
0.0347	0.0747	-0.8706	0.9263	0.6563	-0.4694	0.4544	0.7571	690	692	346	3	3	0.0115	0.2273	0	0.0205	0
0.0347	0.1342	-0.9342	0.9585	0.7328	-0.1731	0.9709	-0.1653	691	693	346	3	4	0.0047	0.3056	0	0.0396	0
0.0347	0.0479	-0.9659	1.0876	0.7341	-0.6375	0.7457	-0.1938	692	694	346	3	5	0.004	0.0568	0	0.01	0
0.0347	0.0979	-1.0239	1.0909	0.7398	-0.3552	0.6235	0.6965	693	0	346	3	6	0.008	0.0606	0	0.01	0
0.0214	0.1616	-0.6645	0.7045	0.6793	-0.0467	-0.3298	0.9429	329	696	482	3	1	0.0026	0.4583	0	0.0214	0
0.0214	0.0425	-0.6621	0.6444	0.8407	-0.7058	-0.1185	0.6984	695	697	482	3	2	0.01	0.05	0	0.01	0
0.0214	0.2325	-0.6924	0.6393	0.8707	0.6683	-0.5629	0.4863	696	0	482	3	3	0.01	0.05	0	0.01	0
0.0279	0.2361	-0.8076	0.8311	0.911	0.1831	0.0291	0.9827	334	699	569	3	1	0.0041	0.3438	0	0.035	0
0.0266	0.1593	-0.7589	0.8403	1.1416	0.3199	-0.1913	0.9279	698	700	569	3	2	0.0035	0.2292	0	0.0319	0
0.0235	0.0987	-0.7309	0.8448	1.2821	0.0751	0.2523	0.9647	699	701	569	3	3	0.0154	0.141	0	0.0352	0
0.0188	0.0523	-0.7088	0.8331	1.3939	0.1022	0.4436	0.8904	700	702	569	3	4	0.0128	0.2375	0	0.023	0
0.01	0.0675	-0.6919	0.8446	1.4315	0.248	-0.4253	0.8704	701	703	569	3	5	0.01	0.05	0	0.01	0
0.0099	0.0518	-0.711	0.8627	1.4718	-0.1479	0.263	0.9534	702	704	569	3	6	0.01	0.05	0	0.01	0
0.0062	0.034	-0.718	0.8684	1.5227	-0.1416	0.1804	0.9733	703	0	569	3	7	0.01	0.05	0	0.01	0
0.0068	0.3673	-0.8799	1.046	0.9412	0.8768	-0.1583	0.4541	337	706	571	3	1	0.0056	0.1481	0	0.0429	0
0.007	0.0568	-0.5815	0.9793	1.1086	0.2818	-0.819	-0.4999	705	0	571	3	2	0.01	0.05	0	0.01	0
0.0205	0.2522	-0.8545	0.9199	0.8952	-0.5692	0.8218	0.0262	334	708	572	3	1	0.0033	0.375	1	0.0199	0
0.0188	0.0579	-0.998	1.1272	0.9018	-0.2952	0.7136	0.6354	707	709	572	3	2	0.0033	0.375	0	0.0199	0
0.0279	0.1019	-1.0093	1.1569	0.9578	-0.349	0.7536	0.557	708	710	572	3	3	0.0038	0.25	0	0.0323	0
0.01	0.093	-1.0461	1.2244	1.0372	-0.6503	0.7156	0.2551	709	0	572	3	4	0.01	0.05	0	0.01	0
0.0367	0.0669	-0.3941	0.4078	0.3479	-0.5716	0.521	0.6339	358	712	183	3	1	0.0075	0.4375	1	0.0367	0
0.0367	0.1198	-0.4323	0.4426	0.3904	-0.0947	-0.8133	0.5742	711	713	183	3	2	0.0075	0.4375	0	0.0367	0
0.0373	0.1701	-0.4759	0.3345	0.4737	0.3139	0.29	0.9041	712	714	183	3	3	0.0079	0.2679	0	0.0373	0
0.0386	0.1082	-0.423	0.387	0.6286	-0.0846	-0.324	0.9423	713	715	183	3	4	0.0052	0.1944	0	0.0387	0
0.0367	0.1574	-0.4258	0.4003	0.7318	0.1637	-0.0466	0.9854	714	716	183	3	5	0.0182	0.1364	0	0.0322	0
0.0367	0.001	-0.4001	0.3924	0.8872	0.2556	0.4311	0.8653	715	0	183	3	6	0.01	0.05	0	0.01	0
0.0361	0.1635	-0.4266	0.3925	0.3306	-0.9132	0.2185	0.3439	358	718	184	3	1	0.0074	0.5417	1	0.0361	0
0.0361	0.0703	-0.576	0.4282	0.3868	0.0254	0.6444	0.7642	717	719	184	3	2	0.0074	0.5417	0	0.0361	0
0.0402	0.063	-0.5179	0.5072	0.4422	-0.2794	0.5063	-0.8159	718	720	184	3	3	0.009	0.2308	0	0.046	0
0.0361	0.1475	-0.4783	0.5441	0.3887	-0.0734	0.4772	-0.8757	719	721	184	3	4	0.0179	0.1346	0	0.036	0
0.0361	0.0851	-0.4948	0.6293	0.2771	0.4529	0.7476	-0.4857	720	0	184	3	5	0.0072	0.15	0	0.01	0
0.0409	0.2456	-0.4012	0.3728	0.3507	0.8501	0.386	0.3582	358	723	778	3	1	0.0159	0.1346	0	0.0515	0
0.0401	0.1581	-0.2364	0.4966	0.4325	-0.3792	-0.3972	0.8357	722	724	778	3	2	0.0229	0.1442	0	0.07	0
0.0288	0.122	-0.3201	0.5088	0.5685	0.7117	0.1904	0.6762	723	725	778	3	3	0.0053	0.125	0	0.0218	0
0.028	0.1665	-0.2103	0.5159	0.6604	0.618	0.7584	-0.2071	724	726	778	3	4	0.0024	0.2083	0	0.028	0
0.0271	0.1	-0.1016	0.6509	0.6221	0.2637	0.2376	0.9349	725	727	778	3	5	0.0021	0.25	0	0.0233	0
0.0369	0.1197	-0.0731	0.6558	0.7397	0.912	0.3588	0.1986	726	728	778	3	6	0.0043	0.2222	0	0.041	0
0.0344	0.1209	0.0476	0.7297	0.7612	0.6537	-0.191	0.7323	727	729	778	3	7	0.0103	0.0364	0	0.0404	0
0.031	0.2149	0.0752	0.6645	0.7875	-0.5335	-0.4265	0.7304	728	730	778	3	8	0.0245	0.04	0	0.0721	0
0.0203	0.1062	-0.0403	0.609	0.8828	-0.9942	-0.0984	-0.0443	729	731	778	3	9	0.0065	0.0833	0	0.01	0
0.0277	0.0747	-0.1338	0.5763	0.8855	-0.8077	-0.5247	-0.2689	730	732	778	3	10	0.011	0.1222	0	0.0371	0
0.0169	0.0814	-0.2096	0.5554	0.8857	-0.8622	-0.2198	-0.4564	731	733	778	3	11	0.0156	0.1	0	0.01	0
0.0252	0.1405	-0.2673	0.5496	0.846	0.2546	-0.0536	0.9656	732	734	778	3	12	0.0134	0.1833	0	0.0351	0
0.0138	0.0334	-0.2495	0.5349	0.9844	0.2296	-0.2097	0.9504	733	735	778	3	13	0.01	0.05	0	0.01	0
0.0107	0.2361	-0.2419	0.5279	1.0161	0.4337	0.2719	0.859	734	736	778	3	14	0.01	0.05	0	0.01	0
0.0081	0.0966	-0.1395	0.5921	1.2189	-0.0697	-0.0349	0.997	735	0	778	3	15	0.01	0.05	0	0.01	0
0.0086	0.1503	0.4619	0.879	0.7195	0.6089	0.7827	0.129	366	738	717	3	1	0.0029	0.25	0	0.0399	0
0.0089	0.2307	0.5817	1.0115	0.7071	0.5971	0.3771	0.708	737	739	717	3	2	0.01	0.05	0	0.01	0
0.0087	0.0915	0.7195	1.0985	0.8705	0.2113	0.1622	0.9639	738	0	717	3	3	0.01	0.05	0	0.01	0
0.0283	0.1254	0.7529	0.9895	0.494	0.1777	0.075	-0.9812	368	741	741	3	1	0.0074	0.2	0	0.0382	0
0.0264	0.1471	0.783	0.9917	0.3588	0.8521	0.435	0.2911	740	742	741	3	2	0.0093	0.175	0	0.0348	0
0.0157	0.0451	0.9062	1.0566	0.3926	0.8163	0.5583	-0.1483	741	743	741	3	3	0.0164	0.175	0	0.01	0
0.0125	0.0152	0.9336	1.0592	0.3826	0.6426	-0.1578	-0.7498	742	744	741	3	4	0.01	0.05	0	0.01	0
0.0083	0.0457	0.9503	1.0483	0.3528	0.8052	0.5923	0.03	743	0	741	3	5	0.01	0.05	0	0.01	0
0.0232	0.1775	-0.8142	-0.2393	0.7561	-0.2108	-0.6496	0.7304	392	746	194	3	1	0.0056	0.15	0	0.0208	0
0.0231	0.1297	-0.86	-0.3566	0.8892	0.429	-0.5732	0.6981	745	747	194	3	2	0.0078	0.1571	0	0.0346	0
0.0143	0.0578	-0.8043	-0.4284	0.9506	0.1109	-0.9901	-0.086	746	748	194	3	3	0.01	0.05	0	0.01	0
0.01	0.0832	-0.7979	-0.4856	0.9456	-0.4046	-0.9025	0.1478	747	0	194	3	4	0.01	0.05	0	0.01	0
0.0141	0.1963	-0.8922	-0.237	0.7343	-0.3631	-0.5001	0.7861	393	750	195	3	1	0.0131	0.17	0	0.0364	0
0.0114	0.01	-0.9651	-0.3569	0.8689	-0.6848	-0.4611	0.5643	749	751	195	3	2	0.01	0.05	0	0.01	0
0.01	0.0883	-0.9719	-0.3615	0.8745	-0.2491	-0.7718	0.585	750	0	195	3	3	0.01	0.05	0	0.01	0
0.01	0.1885	-0.5828	-1.8837	1.7022	0.1957	0.7481	-0.6341	410	753	780	3	1	0.01	0.05	0	0.01	0
0.01	0.0651	-0.5459	-1.7426	1.5826	0.476	0.4914	-0.7294	752	0	780	3	2	0.01	0.05	0	0.01	0
0.0259	0.2925	-0.7573	-0.8859	0.7192	-0.2806	0.9396	-0.1961	415	755	74	3	1	0.0057	0.2	1	0.0244	0
0.0254	0.1484	-0.8394	-0.6111	0.6618	-0.0752	-0.9896	0.123	754	756	74	3	2	0.0057	0.2	0	0.0244	0
0.025	0.1422	-0.8618	-0.7556	0.6912	-0.1909	-0.9815	0.0139	755	757	74	3	3	0.0032	0.2917	0	0.0248	0
0.027	0.1036	-0.8863	-0.8952	0.698	-0.7059	-0.5796	0.4071	756	758	74	3	4	0.0045	0.25	0	0.027	0
0.0333	0.099	-0.9766	-0.9584	0.7404	0.1754	-0.9095	0.377	757	759	74	3	5	0.0049	0.375	0	0.0341	0
0.0234	0.1614	-0.9651	-1.065	0.7373	-0.4969	-0.7755	0.3895	758	760	74	3	6	0.0027	0.3125	0	0.0217	0
0.0309	0.0592	-1.0497	-1.1879	0.8001	-0.4081	-0.7615	0.5036	759	761	74	3	7	0.0027	0.3333	0	0.0318	0
0.0324	0.1015	-1.0632	-1.2374	0.843	-0.7216	-0.5718	0.3903	760	762	74	3	8	0.0091	0.1212	0	0.0438	0
0.0297	0.2554	-1.1466	-1.2935	0.881	-0.2092	-0.9685	0.135	761	763	74	3	9	0.0096	0.1231	0	0.0379	0
0.0264	0.1086	-1.2332	-1.5325	0.9071	-0.2929	-0.9282	0.2293	762	764	74	3	10	0.0123	0.0308	0	0.0434	0
0.0231	0.0753	-1.2636	-1.634	0.932	-0.4322	-0.8588	0.2752	763	765	74	3	11	0.0153	0.05	0	0.0563	0
0.0127	0.094	-1.2918	-1.6995	0.9533	-0.1816	-0.9833	-0.0125	764	766	74	3	12	0.01	0.05	0	0.01	0
0.022	0.0135	-1.2962	-1.7489	1.0009	-0.3711	-0.6465	0.6665	765	767	74	3	13	0.0046	0.1833	0	0.0327	0
0.01	0.0535	-1.3012	-1.7708	0.9928	-0.368	-0.7361	0.5681	766	768	74	3	14	0.01	0.05	0	0.01	0
0.01	0.052	-1.3209	-1.8101	1.0231	-0.259	0.1499	0.9542	767	0	74	3	15	0.01	0.05	0	0.01	0
0.0292	0.2781	-0.7135	-0.8993	0.6025	0.1717	-0.599	-0.7822	413	770	77	3	1	0.0036	0.375	0	0.0316	0
0.0208	0.0931	-0.6398	-1.0854	0.4011	-0.5903	-0.1268	0.7972	769	0	77	3	2	0.0089	0.3393	0	0.0208	0
0.0145	0.2683	-0.7054	-0.8855	0.5971	0.0498	-0.979	0.1977	413	772	79	3	1	0.01	0.05	1	0.01	1
0.0122	0.0614	-0.692	-1.1482	0.6502	-0.0372	-0.899	0.4363	771	773	79	3	2	0.01	0.05	0	0.01	1
0.0117	0.0892	-0.6984	-1.2109	0.6758	0.1096	0.0916	-0.9897	772	0	79	3	3	0.0069	0.1143	0	0.018	1
0.0117	0.2148	-0.7849	-0.899	0.9	-0.0766	0.8253	0.5595	416	775	80	3	1	0.0243	0.1364	1	0.0638	0
0.0117	0.0454	-0.7857	-0.7486	1.028	-0.4668	-0.0161	0.8842	774	776	80	3	2	0.0201	0.275	0	0.0638	0
0.01	0.0373	-0.8078	-0.7544	1.0779	0.1522	0.8711	0.467	775	0	80	3	3	0.01	0.05	0	0.01	0
0.0172	0.1227	-0.7362	-0.9789	0.7319	0.1216	-0.9799	0.158	415	778	81	3	1	0.0072	0.375	1	0.0321	0
0.0172	0.075	-0.7368	-1.0802	0.7513	-0.1521	-0.1309	0.9797	777	0	81	3	2	0.0072	0.1	0	0.0321	0
0.0454	0.31	-0.782	-0.9691	0.95	0.0882	-0.9551	-0.2828	416	780	781	3	1	0.0081	0.2991	0	0.0405	0
0.0454	0.1149	-0.7473	-1.2619	0.8506	0.3417	-0.9383	-0.0532	779	781	781	3	2	0.0065	0.475	0	0.0454	0
0.0454	0.1164	-0.7113	-1.3718	0.8655	0.325	-0.9445	-0.0484	780	782	781	3	3	0.0119	0.2111	0	0.0376	0
0.0454	0.0193	-0.699	-1.4804	0.8332	0.2617	-0.918	-0.2981	781	783	781	3	4	0.0136	0.1462	0	0.0297	0
0.0454	0.1518	-0.7194	-1.5067	0.8162	0.2651	-0.9554	0.1304	782	0	781	3	5	0.0126	0.0533	0	0.01	0
0.0239	0.1061	-0.9047	-1.2402	1.5291	0.4723	-0.0904	-0.8768	422	785	506	3	1	0.0056	0.3125	0	0.022	0
0.0316	0.1417	-0.8299	-1.2676	1.4382	0.1797	0.1275	-0.9754	784	786	506	3	2	0.0036	0.225	0	0.0352	0
0.0269	0.1551	-0.8532	-1.238	1.2962	0.1894	0.5272	-0.8284	785	787	506	3	3	0.0048	0.125	0	0.0786	0
0.0127	0.0134	-0.8093	-1.1393	1.1878	0.1073	0.7189	-0.6867	786	788	506	3	4	0.01	0.05	0	0.01	0
0.0085	0.1095	-0.8079	-1.1296	1.1786	0.324	0.6062	-0.7264	787	0	506	3	5	0.01	0.05	0	0.01	0
0.0126	0.0248	-0.4715	-1.6643	1.3294	0.8612	0.4778	-0.1732	444	790	783	3	1	0.0087	0.4074	1	0.0396	0
0.0126	0.0713	-0.463	-1.6465	1.3204	0.4619	0.8706	-0.1696	789	791	783	3	2	0.0203	0.275	0	0.0396	0
0.0126	0.0424	-0.4488	-1.591	1.2819	0.4107	0.7727	-0.484	790	792	783	3	3	0.0154	0.125	0	0.0508	0
0.0126	0.0861	-0.3635	-1.5454	1.285	0.1993	0.4977	-0.8441	791	0	783	3	4	0.0043	0.1071	0	0.0725	0
0.0214	0.0292	-0.6	-1.5482	1.4293	0.1733	0.5965	-0.7837	449	794	370	3	1	0.0088	0.3438	1	0.0304	0
0.0213	0.1012	-0.5984	-1.5364	1.4039	-0.5476	0.5939	-0.5894	793	795	370	3	2	0.0111	0.1667	0	0.0304	0
0.0203	0.1198	-0.6133	-1.4606	1.3417	0.0911	-0.3804	-0.9203	794	796	370	3	3	0.0086	0.2	0	0.0937	0
0.019	0.1105	-0.6041	-1.5144	1.237	-0.0099	-0.5527	-0.8333	795	797	370	3	4	0.0093	0.15	0	0.0264	0
0.0117	0.0775	-0.6186	-1.5829	1.1624	-0.2871	-0.7824	-0.5527	796	798	370	3	5	0.01	0.05	0	0.01	0
0.0153	0.085	-0.6195	-1.5776	1.1294	-0.3186	0.241	-0.9167	797	799	370	3	6	0.0079	0.1667	0	0.0235	0
0.0071	0.1328	-0.6238	-1.5598	1.0498	-0.1138	-0.3781	-0.9188	798	0	370	3	7	0.01	0.05	0	0.01	0
0.0199	0.1197	-0.6004	-1.6649	1.4137	0.0269	-0.7382	0.674	448	801	784	3	1	0.0045	0.3	0	0.0238	0
0.0199	0.107	-0.6011	-1.7694	1.4915	0.9723	-0.2324	-0.0252	800	802	784	3	2	0.006	0.24	0	0.0275	0
0.0199	0.0781	-0.514	-1.7871	1.5037	0.574	-0.2649	0.7748	801	803	784	3	3	0.0092	0.25	0	0.0276	0
0.0199	0.0507	-0.4688	-1.8158	1.5845	0.9982	0.0592	0.0047	802	0	784	3	4	0.0083	0.0833	0	0.0307	0
0.0242	0.0702	0.435	-0.6802	0.6237	-0.0602	-0.9761	0.2088	464	805	527	4	1	0.005	0.2	0	0.0168	1
0.032	0.1266	0.4697	-0.7946	0.652	-0.6393	-0.659	-0.3962	804	806	527	4	2	0.005	0.2188	0	0.0332	1
0.0316	0.0902	0.4313	-0.9288	0.6359	-0.5187	-0.7316	-0.4424	805	807	527	4	3	0.0148	0.18	0	0.0583	1
0.0244	0.2038	0.3892	-0.9886	0.599	0.2488	-0.5713	0.7821	806	808	527	4	4	0.0145	0.1709	0	0.0274	1
0.0152	0.0107	0.4562	-1.0915	0.7854	-0.0233	-0.8862	0.4628	807	0	527	4	5	0	0.0222	0	0.0603	1
0.0153	0.1208	0.6027	-0.8452	0.976	0.1576	0.9364	0.3137	470	810	690	4	1	0.0047	0.25	0	0.0181	1
0.0085	0.1538	0.6626	-0.7213	1.0135	-0.2232	0.8203	-0.5267	809	811	690	4	2	0.024	0.1125	0	0.0389	1
0.0086	0.0801	0.6534	-0.6037	0.9167	-0.1468	0.7505	-0.6444	810	0	690	4	3	0.01	0.05	0	0.01	1
0.0344	0.1173	0.6246	-0.9106	1.0933	0.9982	0.0109	-0.0591	472	813	691	4	1	0.0071	0.1667	1	0.0547	1
0.0331	0.1324	0.7202	-0.9001	1.097	-0.5444	-0.6232	-0.5614	812	814	691	4	2	0.0086	0.0909	0	0.0547	1
0.0219	0.0573	0.6259	-0.985	1.0283	-0.163	-0.4933	-0.8545	813	815	691	4	3	0.0094	0.1	0	0.01	1
0.018	0.1243	0.6085	-1.0193	0.9522	0.9057	-0.3822	-0.1832	814	816	691	4	4	0.0214	0.0875	0	0.01	1
0.0129	0.0901	0.7199	-1.0494	0.9476	0.9908	-0.0579	0.1222	815	817	691	4	5	0.01	0.05	0	0.01	1
0.0088	0.143	0.8091	-1.0546	0.9586	0.5494	0.7066	-0.4459	816	0	691	4	6	0.01	0.05	0	0.01	1
0.0382	0.1022	0.0654	-1.0565	0.3414	0.9171	-0.3484	-0.1939	477	819	275	4	1	0.011	0.4063	1	0.0382	1
0.0382	0.0963	0.1592	-1.0921	0.3215	-0.3181	-0.9142	-0.2512	818	820	275	4	2	0.011	0.4063	0	0.0382	1
0.0382	0.1455	0.124	-1.1761	0.2831	-0.4103	-0.9034	-0.1243	819	0	275	4	3	0.0083	0.0625	0	0.01	1
0.0329	0.1078	0.0364	-1.0775	0.4197	0.0052	0.98	0.1989	477	822	788	4	1	0.0057	0.1634	1	0.0773	1
0.0329	0.2681	-0.0003	-0.9543	0.4113	-0.3213	-0.9355	-0.1468	821	823	788	4	2	0.011	0.2143	0	0.0773	1
0.0329	0.1944	-0.085	-1.2026	0.3769	-0.5712	-0.6505	0.5006	822	824	788	4	3	0.0135	0.3838	0	0.0394	1
0.0329	0.0759	-0.1969	-1.3311	0.4732	-0.2451	-0.3454	0.9059	823	825	788	4	4	0.0041	0.625	0	0.0329	1
0.0329	0.125	-0.2147	-1.3403	0.5448	-0.2728	-0.1445	0.9511	824	826	788	4	5	0.0139	0.3896	0	0.04	1
0.0329	0.0011	-0.2736	-1.3675	0.6549	-0.3615	0.0898	0.9281	825	827	788	4	6	0.0104	0.3651	0	0.0233	1
0.0329	0.0937	-0.2502	-1.3497	0.6601	0.0002	-0.2274	0.9738	826	0	788	4	7	0.0087	0.1558	0	0.1273	1
0.0311	0.0636	0.425	-0.3717	0.1426	-0.0601	-0.7586	0.6488	534	829	279	4	1	0.0067	0.3	1	0.0327	1
0.0273	0.1378	0.421	-0.4188	0.1831	-0.1121	-0.5624	-0.8193	828	830	279	4	2	0.0074	0.2286	0	0.0327	1
0.0211	0.0608	0.4106	-0.4779	0.0853	0.5023	-0.6259	0.5966	829	831	279	4	3	0.0069	0.25	0	0.0273	1
0.01	0.1178	0.4341	-0.5165	0.1229	0.1823	-0.7872	0.5891	830	0	279	4	4	0.01	0.05	0	0.01	1
0.0117	0.1418	0.4517	-0.0787	0.4436	0.532	0.4065	0.7428	546	833	795	4	1	0.0162	0.1125	0	0.0321	1
0.01	0.1168	0.565	-0.0305	0.5321	0.4163	0.0463	0.9081	832	0	795	4	2	0.01	0.05	0	0.01	1
0.0213	0.0378	1.5861	-0.8043	0.6374	0.5632	-0.754	-0.338	550	835	796	4	1	0.003	0.375	1	0.0225	1
0.0212	0.0845	1.6075	-0.8329	0.6246	0.9109	0.0548	0.4089	834	836	796	4	2	0.003	0.375	0	0.0225	1
0.0205	0.2191	1.6994	-0.8201	0.6577	0.397	-0.6069	0.6885	835	837	796	4	3	0.0155	0.18	0	0.036	1
0.0196	0.059	1.7687	-0.9428	0.8035	-0.3251	-0.0961	0.9408	836	838	796	4	4	0.0192	0.325	0	0.0527	1
0.0193	0.0945	1.7583	-0.9422	0.865	-0.5281	-0.0709	0.8462	837	839	796	4	5	0.0097	0.28	0	0.0334	1
0.0164	0.1362	1.703	-0.9497	0.9415	-0.5248	-0.1372	0.8401	838	840	796	4	6	0.0173	0.1429	0	0.0379	1
0.0099	0.0242	1.6152	-0.9691	1.0289	-0.8299	-0.2298	0.5084	839	841	796	4	7	0.01	0.05	0	0.01	1
0.0052	0.0807	1.5951	-0.9746	1.0411	-0.9952	0.047	0.0862	840	0	796	4	8	0.01	0.05	0	0.01	1
0.0295	0.0404	1.4592	-0.7184	0.441	-0.8166	-0.3663	0.446	552	843	546	4	1	0.0078	0.4583	1	0.0295	1
0.0295	0.0834	1.4262	-0.7332	0.459	-0.3718	0.8219	0.4316	842	844	546	4	2	0.0078	0.4583	0	0.0295	1
0.0295	0.1028	1.3838	-0.6497	0.4646	-0.9082	0.1227	0.4002	843	0	546	4	3	0.0074	0.2	0	0.01	1
0.0409	0.4424	0.6884	-0.2119	0.2625	0.6472	-0.6053	-0.4634	554	846	128	4	1	0.0126	0.044	1	0.1735	1
0.0332	0.1442	0.8745	-0.5274	0.0258	0.2101	-0.8074	0.5513	845	847	128	4	2	0.0096	0.1136	0	0.1735	1
0.0201	0.0228	0.8959	-0.6004	0.1029	-0.0645	0.0423	0.997	846	848	128	4	3	0.0039	0.1	0	0.01	1
0.0153	0.1076	0.9245	-0.5928	0.1271	0.0903	-0.5892	0.803	847	849	128	4	4	0.0034	0.0714	0	0.01	1
0.0097	0.1882	0.9218	-0.6572	0.2066	-0.3195	-0.6638	0.6762	848	0	128	4	5	0.01	0.05	0	0.01	1
0.0372	0.0866	0.5588	-0.1666	0.5026	-0.1342	0.5534	-0.822	556	851	129	4	1	0.0056	0.2188	1	0.0372	1
0.0372	0.0991	0.5472	-0.1186	0.4314	0.8043	0.3611	0.4719	850	852	129	4	2	0.0056	0.2188	0	0.0372	1
0.0352	0.15	0.626	-0.0888	0.4765	0.3652	-0.306	0.8792	851	853	129	4	3	0.0034	0.225	0	0.0368	1
0.0224	0.0261	0.6464	-0.1232	0.5654	-0.2549	0.8632	0.4357	852	854	129	4	4	0.0074	0.15	0	0.01	1
0.017	0.1488	0.6261	-0.1084	0.5963	0.8083	-0.4429	0.388	853	855	129	4	5	0.0019	0.0556	0	0.01	1
0.0098	0.1218	0.7451	-0.1733	0.6415	0.9776	-0.1782	-0.112	854	0	129	4	6	0.01	0.05	0	0.01	1
0.0421	0.3666	0.6048	-0.2912	0.4277	0.2422	0.0803	0.9669	556	857	797	4	1	0.032	0.261	0	0.068	1
0.0419	0.2158	0.7093	-0.364	0.7595	0.1434	-0.193	0.9707	856	858	797	4	2	0.0184	0.3357	0	0.0474	1
0.0379	0.1309	0.7319	-0.3797	0.9854	0.3422	-0.4217	0.8397	857	859	797	4	3	0.006	0.625	0	0.0379	1
0.0414	0.1316	0.7943	-0.4106	1.0821	0.7491	-0.1966	0.6326	858	860	797	4	4	0.0167	0.2418	0	0.0518	1
0.0394	0.0773	0.8894	-0.4592	1.1526	0.974	-0.2045	0.097	859	861	797	4	5	0.0048	0.4444	0	0.0394	1
0.0379	0.0279	0.9481	-0.4969	1.1427	0.8605	-0.3958	-0.3208	860	862	797	4	6	0.0139	0.2479	0	0.0335	1
0.0379	0.0843	0.9779	-0.4903	1.1335	0.474	-0.1444	0.8686	861	863	797	4	7	0.0054	0.1667	0	0.0237	1
0.0379	0.0897	0.9968	-0.5643	1.1943	0.3373	-0.2952	0.8939	862	864	797	4	8	0.0047	0.1167	0	0.01	1
0.0379	0.0777	1.0434	-0.5626	1.2759	0.809	-0.4854	0.3317	863	0	797	4	9	0.0285	0.0556	0	0.01	1
0.037	0.0915	0.3205	0.0336	0.7459	-0.5989	0.518	-0.6107	558	866	548	4	1	0.013	0.2333	0	0.0511	1
0.0266	0.1081	0.234	0.0555	0.703	-0.6435	0.5072	-0.5733	865	867	548	4	2	0.0026	0.1875	0	0.0232	1
0.0244	0.0813	0.1992	0.11	0.6281	-0.2865	0.5583	-0.7786	866	868	548	4	3	0.0056	0.12	0	0.01	1
0.0331	0.0462	0.1497	0.1215	0.6129	-0.7888	-0.2097	-0.5777	867	869	548	4	4	0.0042	0.1818	0	0.0425	1
0.0176	0.0718	0.1014	0.1247	0.5969	-0.6462	0.0427	-0.762	868	870	548	4	5	0.0044	0.12	0	0.01	1
0.0124	0.1007	0.057	0.1363	0.5488	-0.8629	0.418	-0.2841	869	871	548	4	6	0.01	0.05	0	0.01	1
0.0079	0.0833	-0.0299	0.1784	0.5201	-0.9188	-0.1677	-0.3573	870	0	548	4	7	0.01	0.05	0	0.01	1
0.037	0.0564	0.3377	0.0755	0.7523	-0.1556	0.7441	-0.6497	558	873	549	4	1	0.0082	0.0972	1	0.1132	1
0.0356	0.1759	0.321	0.0487	0.7683	0.8128	0.2919	0.5041	872	874	549	4	2	0.0151	0.1019	0	0.1132	1
0.0327	0.1233	0.4609	0.1122	0.7479	0.9986	0.0472	-0.0233	873	875	549	4	3	0.0242	0.2	0	0.0712	1
0.0182	0.0203	0.5752	0.1055	0.6993	0.8553	-0.5176	-0.0227	874	876	549	4	4	0	0.025	0	0.01	1
0.01	0.176	0.5947	0.0827	0.7023	0.6504	0.3056	0.6954	875	0	549	4	5	0.01	0.05	0	0.01	1
0.0109	0.1224	1.278	-0.6455	0.4268	0.8341	0.1414	-0.5331	571	878	448	4	1	0.0285	0.1286	0	0.0422	1
0.0103	0.0803	1.399	-0.6375	0.3641	0.0982	-0.0776	-0.9921	877	0	448	4	2	0.0135	0.1714	0	0.0263	1
0.0233	0.2899	1.1019	-0.5264	0.4789	-0.2632	-0.873	0.4105	569	880	799	4	1	0.0041	0.1299	0	0.0503	1
0.0138	0.0743	1.0704	-0.783	0.6146	-0.3538	-0.1092	0.9289	879	881	799	4	2	0.01	0.05	0	0.01	1
0.0119	0.1099	1.0441	-0.7911	0.6836	0.2321	-0.8691	0.4368	880	882	799	4	3	0.01	0.05	0	0.01	1
0.01	0.1122	1.0696	-0.8866	0.7316	-0.1552	-0.9095	0.3856	881	0	799	4	4	0.01	0.05	0	0.01	1
0.0161	0.1086	1.6329	-0.9888	0.3347	-0.7406	-0.4866	0.4635	577	884	541	4	1	0.0165	0.0833	0	0.0366	1
0.0123	0.1461	1.5846	-1.0407	0.4106	-0.6166	-0.1105	0.7795	883	885	541	4	2	0.01	0.05	0	0.01	1
0.01	0.1149	1.4945	-1.0568	0.5245	-0.0288	0.2755	0.9609	884	0	541	4	3	0.01	0.05	0	0.01	1
0.0123	0.1559	1.3965	-0.8595	0.3838	-0.407	-0.1538	0.9004	574	887	613	4	1	0.0073	0.1	0	0.0306	1
0.0108	0.142	1.3298	-0.8905	0.5199	0.0633	-0.5323	0.8442	886	888	613	4	2	0.01	0.05	0	0.01	1
0.01	0.0702	1.3388	-0.9661	0.6398	-0.4201	-0.5598	0.7142	887	0	613	4	3	0.01	0.05	0	0.01	1
0.0283	0.1229	1.7476	-1.316	0.3126	-0.8565	-0.0671	0.5117	581	890	665	4	1	0.0083	0.4583	0	0.0283	1
0.0283	0.0919	1.6484	-1.3301	0.3605	-0.8134	-0.5718	-0.1068	889	0	665	4	2	0.0082	0.175	0	0.0244	1
0.0253	0.1324	1.6414	-1.1618	0.3294	-0.641	-0.6897	0.3367	578	892	666	4	1	0.0078	0.4167	0	0.0253	1
0.0253	0.1748	1.5499	-1.2292	0.3798	-0.9455	-0.2951	0.1375	891	893	666	4	2	0.0073	0.1111	0	0.04	1
0.0253	0.1067	1.3949	-1.2824	0.4388	-0.6423	-0.751	0.1529	892	0	666	4	3	0.0044	0.075	0	0.01	1
0.0144	0.0682	1.6655	0.2866	0.0006	-0.8619	0.2516	-0.4402	0	895	800	0	1	0.0136	0.3	0	0.0302	0
0.01	0.0436	1.6079	0.3028	-0.0298	-0.187	0.185	-0.9648	894	0	800	0	2	0.01	0.05	0	0.01	0
0.0086	0.1726	1.7477	0.1839	-0.0224	-0.4004	0.5903	0.7009	600	897	396	4	1	0.0185	0.1111	0	0.0608	1
0.0089	0.2183	1.7175	0.2587	0.0747	0.6594	0.3664	0.6565	896	898	396	4	2	0.01	0.05	0	0.01	1
0.0087	0.0808	1.8563	0.3438	0.2169	0.1008	-0.116	-0.9881	897	0	396	4	3	0.01	0.05	0	0.01	1
0.0198	0.0516	1.8133	0.0462	0.1319	0.9008	-0.4191	-0.1131	607	900	516	4	1	0.0043	0.25	1	0.0244	1
0.0198	0.0888	1.8597	0.0246	0.126	0.7872	0.6166	0.0131	899	901	516	4	2	0.0043	0.25	0	0.0244	1
0.0125	0.0531	1.9296	0.0798	0.1262	0.9579	0.2648	0.1112	900	902	516	4	3	0.01	0.05	0	0.01	1
0.01	0.0675	1.9805	0.0939	0.1321	-0.3008	0.017	0.9535	901	0	516	4	4	0.01	0.05	0	0.01	1
0.0042	0.1792	1.7596	0.0556	-0.0017	0.3644	0.3676	0.8556	609	904	801	4	1	0.0085	0.3125	1	0.0339	1
0.0042	0.1008	1.8251	0.132	0.145	-0.1553	-0.5238	-0.8376	903	905	801	4	2	0.0266	0.2333	0	0.0339	1
0.0029	0.1377	1.8288	0.0649	0.0583	0.5015	0.7455	-0.439	904	0	801	4	3	0.0317	0.1889	0	0.0484	1
0.0036	0.0876	1.8697	0.0719	0.3423	-0.0446	-0.7796	0.6247	610	907	804	4	1	0.008	0.2	1	0.0527	1
0.0036	0.1208	1.8604	0.0284	0.3581	0.9813	0.192	-0.012	906	908	804	4	2	0.0147	0.1	0	0.0527	1
0.0031	0.1593	1.9057	-0.0683	0.3708	0.7443	-0.391	0.5414	907	0	804	4	3	0.0299	0.1667	0	0.0602	1
0.0097	0.0908	-0.5027	1.078	0.6285	0.8801	-0.3213	0.3496	628	910	806	4	1	0.0132	0.14	0	0.0404	0
0.0058	0.188	-0.3972	1.0393	0.6605	0.1504	0.4214	0.8943	909	911	806	4	2	0.0185	0.1111	0	0.0279	0
0.0061	0.0694	-0.3764	1.1166	0.8299	-0.0353	0.6658	0.7453	910	0	806	4	3	0.01	0.05	0	0.01	0
0.0073	0.0984	-0.7602	0.9333	0.2481	-0.2456	0.9689	0.0315	641	913	471	4	1	0.0089	0.1746	1	0.0426	1
0.0069	0.2005	-0.781	1.0254	0.2487	-0.4908	-0.789	0.3696	912	914	471	4	2	0.0337	0.1182	0	0.0426	1
0.0062	0.1284	-0.8656	0.8799	0.3249	0.6502	-0.7372	0.1837	913	915	471	4	3	0.0166	0.1571	0	0.0226	1
0.0046	0.0154	-0.7844	0.7826	0.3392	0.6164	-0.784	0.0727	914	916	471	4	4	0.0177	0.1333	0	0.01	1
0.0034	0.0607	-0.7785	0.7678	0.3413	0.1532	0.1362	0.9788	915	0	471	4	5	0.017	0.12	0	0.01	1
0.0214	0.0672	-0.6726	1.352	0.5642	0.9898	0.1036	-0.0979	647	918	328	4	1	0.0088	0.1389	1	0.0292	0
0.0199	0.2647	-0.6048	1.3676	0.5568	0.6671	-0.0252	0.7445	917	919	328	4	2	0.0103	0.1	0	0.0292	0
0.011	0.0083	-0.4383	1.3507	0.757	0.5345	-0.2785	0.798	918	920	328	4	3	0.01	0.05	0	0.01	0
0.01	0.1052	-0.4271	1.3504	0.7845	0.6196	-0.7745	-0.1271	919	921	328	4	4	0.01	0.05	0	0.01	0
0.0051	0.0672	-0.3619	1.2689	0.7711	0.0175	-0.4378	-0.8989	920	0	328	4	5	0.01	0.05	0	0.01	0
0.0321	0.0973	-0.4047	0.9516	0.2979	-0.4206	-0.9025	-0.0924	659	923	335	4	1	0.0079	0.4375	0	0.0321	0
0.0321	0.0043	-0.432	0.8606	0.2984	0.0332	-0.9343	-0.355	922	924	335	4	2	0.01	0.05	0	0.01	0
0.0321	0.0474	-0.4197	0.8606	0.3015	0.4041	-0.1967	-0.8933	923	0	335	4	3	0.0104	0.1212	0	0.01	0
0.0401	0.0966	-0.3448	0.9524	0.2015	0.316	0.8824	0.3487	659	926	808	4	1	0.0068	0.4074	1	0.0401	0
0.0401	0.0704	-0.3143	1.0376	0.2352	0.2342	0.2526	0.9388	925	927	808	4	2	0.0068	0.4074	0	0.0401	0
0.0401	0.0606	-0.301	1.0458	0.2767	-0.5099	0.8214	-0.2557	926	0	808	4	3	0.0075	0.0513	0	0.0294	0
0.0271	0.0673	-0.5779	0.7905	0.0241	0.336	0.3493	0.8747	665	929	163	4	1	0.0112	0.3333	1	0.0279	0
0.0269	0.053	-0.5553	0.814	0.083	-0.097	-0.9128	0.3967	928	930	163	4	2	0.0112	0.3333	0	0.0279	0
0.0197	0.0692	-0.5243	0.7711	0.0972	0.1991	-0.9298	0.3096	929	931	163	4	3	0.0229	0.2	0	0.01	0
0.019	0.0234	-0.4974	0.6975	0.1145	0.2519	-0.0765	0.9647	930	932	163	4	4	0.0038	0.1	0	0.01	0
0.0245	0.1504	-0.4766	0.7171	0.1331	-0.087	0.2377	0.9674	931	933	163	4	5	0.0071	0.15	0	0.0318	0
0.0212	0.1763	-0.4987	0.7513	0.2767	-0.2697	0.4999	0.823	932	934	163	4	6	0.0174	0.125	0	0.0397	0
0.0109	0.1092	-0.5276	0.8435	0.3747	0.1962	0.9672	0.1612	933	935	163	4	7	0.01	0.05	0	0.01	0
0.01	0.0841	-0.5301	0.8397	0.3779	-0.4196	-0.0284	0.9073	934	936	163	4	8	0.01	0.05	0	0.01	0
0.0058	0.0846	-0.5654	0.8374	0.4541	0.4722	-0.1798	0.8629	935	0	163	4	9	0.01	0.05	0	0.01	0
0.0271	0.0332	-0.6532	0.76	0.015	-0.6833	-0.5325	-0.4996	665	938	165	4	1	0.0043	0.5833	0	0.0279	0
0.0271	0.0699	-0.6599	0.7154	0.0151	0.1268	-0.4656	-0.8759	937	939	165	4	2	0.0033	0.3333	0	0.0277	0
0.0271	0.0402	-0.6771	0.6775	-0.0411	0.2701	-0.6473	0.7128	938	940	165	4	3	0.0069	0.2	0	0.01	0
0.0271	0.0554	-0.6511	0.6546	-0.0284	0.7252	-0.2564	0.639	939	0	165	4	4	0.0077	0.2	0	0.01	0
0.01	0.1337	-0.7607	0.6971	0.0246	-0.0541	-0.0167	0.9984	667	0	809	4	1	0.01	0.05	0	0.01	0
0.0238	0.1119	-0.7802	0.8118	0.9568	0.4838	-0.3403	0.8063	698	943	639	4	1	0.0026	0.2188	1	0.0258	0
0.0208	0.0925	-0.726	0.7737	1.047	0.3249	-0.1327	0.9364	942	944	639	4	2	0.0026	0.2188	0	0.0258	0
0.014	0.0035	-0.6999	0.7554	1.1353	0.5683	-0.1554	0.808	943	945	639	4	3	0.01	0.05	0	0.01	0
0.01	0.0384	-0.6979	0.7549	1.1381	0.276	0.2622	0.9247	944	0	639	4	4	0.01	0.05	0	0.01	0
0.0253	0.076	-0.7522	0.8424	1.1978	-0.5419	0.7041	-0.4588	699	947	640	4	1	0.004	0.2	0	0.0311	0
0.0162	0.0672	-0.7942	0.882	1.1427	-0.723	0.5821	-0.372	946	948	640	4	2	0.0035	0.175	0	0.01	0
0.0131	0.0419	-0.8509	0.9191	1.1193	-0.0362	0.6883	0.7245	947	949	640	4	3	0.01	0.05	0	0.01	0
0.01	0.0685	-0.8524	0.9479	1.1496	-0.6249	-0.0146	0.7805	948	0	640	4	4	0.01	0.05	0	0.01	0
0.0044	0.1129	0.9599	1.093	0.367	-0.1414	-0.1374	-0.9804	742	951	750	4	1	0.0035	0.2083	0	0.0243	0
0.0057	0.0891	0.9417	1.0745	0.2607	-0.6301	-0.4623	-0.6239	950	952	750	4	2	0.01	0.05	0	0.01	0
0.0048	0.0643	0.8856	1.0334	0.2051	-0.4561	-0.2781	0.8454	951	0	750	4	3	0.01	0.05	0	0.01	0
0.0138	0.1381	-1.2199	-1.5077	0.8978	-0.6289	-0.2065	0.7495	762	954	222	4	1	0.0031	0.2813	0	0.0148	0
0.0119	0.1072	-1.3091	-1.536	0.9989	-0.6277	0.4794	0.6133	953	955	222	4	2	0.01	0.05	0	0.01	0
0.011	0.0971	-1.3764	-1.4846	1.0646	-0.5446	-0.2708	0.7938	954	956	222	4	3	0.01	0.05	0	0.01	0
0.01	0.1354	-1.4293	-1.5109	1.1417	0.0074	-0.9611	0.2762	955	0	222	4	4	0.01	0.05	0	0.01	0
0.0065	0.2015	-0.8584	-0.7559	0.6797	-0.4983	0.6498	0.574	755	958	819	4	1	0.0246	0.1273	0	0.036	0
0.0067	0.1146	-0.947	-0.613	0.8253	-0.9307	-0.0046	0.3658	957	0	819	4	2	0.01	0.05	0	0.01	0
0.0333	0.0383	-0.8978	-0.8176	0.7009	-0.9116	0.2167	0.3492	756	960	373	4	1	0.0041	0.5	1	0.0333	0
0.0333	0.0793	-0.9326	-0.8093	0.7143	-0.6356	0.1734	0.7523	959	961	373	4	2	0.0041	0.5	0	0.0333	0
0.0333	0.1393	-0.9793	-0.7949	0.777	-0.6358	0.0391	0.7709	960	962	373	4	3	0.0095	0.1136	0	0.0387	0
0.0333	0.0303	-1.055	-0.7903	0.8764	-0.1106	-0.9908	-0.0777	961	963	373	4	4	0.0084	0.1091	0	0.01	0
0.0333	0.1788	-1.1297	-0.7894	0.8524	-0.2359	0.1318	0.9628	962	964	373	4	5	0.0154	0.0909	0	0.0829	0
0.0333	0.0597	-1.2121	-0.7511	0.9613	-0.2446	0.8982	0.3653	963	965	373	4	6	0.0056	0.0909	0	0.01	0
0.0333	0.2317	-1.1663	-0.6856	0.9981	-0.3002	0.5756	0.7607	964	0	373	4	7	0.0174	0.0455	0	0.01	0
0.0248	0.1046	-0.9806	-1.0616	0.7592	-0.864	-0.2617	0.4302	759	967	376	4	1	0.0057	0.4167	0	0.0284	0
0.0248	0.1219	-1.0512	-1.0934	0.8173	-0.4535	-0.7903	0.412	966	968	376	4	2	0.0036	0.4375	0	0.0248	0
0.0248	0.2616	-1.119	-1.2277	0.827	-0.6899	-0.4102	0.5965	967	969	376	4	3	0.0059	0.1077	0	0.0457	0
0.0248	0.116	-1.3004	-1.3432	0.973	-0.7829	-0.4449	0.4349	968	970	376	4	4	0.0088	0.1167	0	0.01	0
0.0248	0.0222	-1.3179	-1.3383	1.0422	-0.4522	0.3099	0.8363	969	971	376	4	5	0.0046	0.1	0	0.01	0
0.0248	0.0648	-1.3481	-1.3153	1.0351	-0.6186	0.3464	0.7052	970	0	376	4	6	0.0012	0.125	0	0.01	0
0.0356	0.1568	-0.7362	-1.0948	0.9431	0.2123	-0.4114	0.8864	779	973	83	4	1	0.0124	0.3125	0	0.0356	0
0.0283	0.1591	-0.6962	-1.1584	1.0761	0.1489	-0.9887	0.0185	972	974	83	4	2	0.0032	0.1667	0	0.0283	0
0.0172	0.061	-0.6501	-1.3115	1.0798	0.1762	-0.9779	0.1123	973	975	83	4	3	0.0079	0.1143	0	0.01	0
0.0102	0.0869	-0.6495	-1.3732	1.0852	0.1515	-0.9491	0.2761	974	976	83	4	4	0.01	0.05	0	0.01	0
0.006	0.053	-0.6364	-1.4556	1.1091	0.319	-0.8544	0.4101	975	0	83	4	5	0.01	0.05	0	0.01	0
0.0306	0.3372	-0.7244	-1.3741	0.8221	-0.554	0.8187	0.1507	781	978	86	4	1	0.0071	0.0875	0	0.1107	0
0.0201	0.0656	-0.921	-1.1052	0.8525	-0.825	0.5261	0.2063	977	979	86	4	2	0.007	0.15	0	0.01	0
0.0219	0.0691	-0.9272	-1.078	0.8646	0.1539	0.9493	0.2741	978	980	86	4	3	0.0025	0.175	0	0.0219	0
0.0213	0.1347	-0.9176	-1.0123	0.8828	-0.2605	0.8161	0.5159	979	981	86	4	4	0.0032	0.15	0	0.0213	0
0.0145	0.0364	-0.9647	-0.9173	0.9469	-0.7606	0.4439	0.4738	980	982	86	4	5	0.01	0.05	0	0.01	0
0.0113	0.127	-0.9924	-0.9011	0.9641	-0.815	-0.5237	0.248	981	983	86	4	6	0.01	0.05	0	0.01	0
0.0078	0.2287	-1.0959	-0.9676	0.9956	-0.9318	-0.3401	0.127	982	0	86	4	7	0.01	0.05	0	0.01	0
0.0189	0.0211	-0.6116	-1.7582	1.5166	-0.744	0.5468	0.384	800	985	820	4	1	0.0053	0.2917	1	0.0201	0
0.0188	0.0559	-0.6273	-1.7466	1.5248	0.3633	0.9198	0.1482	984	986	820	4	2	0.0053	0.2917	0	0.0201	0
0.0173	0.1521	-0.6029	-1.6768	1.52	-0.0922	0.5902	0.802	985	987	820	4	3	0.0193	0.2	0	0.3115	0
0.0105	0.0652	-0.6308	-1.5792	1.6183	-0.2646	0.8596	0.4372	986	988	820	4	4	0.01	0.05	0	0.01	0
0.0095	0.1353	-0.6292	-1.5288	1.6587	-0.1026	0.8277	0.5518	987	989	820	4	5	0.01	0.05	0	0.01	0
0.0045	0.0409	-0.6396	-1.5468	1.6884	-0.3314	-0.3164	0.8889	988	0	820	4	6	0.0076	0.075	0	0.01	0
0.0158	0.1182	0.145	-1.2097	0.2997	0.19	0.234	0.9535	820	0	822	5	1	0.0154	0.2333	0	0.0392	1
0.02	0.1278	0.4296	-0.4964	0.0798	0.7708	-0.6134	0.172	830	992	824	5	1	0.0143	0.1714	0	0.0333	1
0.02	0.162	0.5295	-0.5721	0.0907	-0.8713	-0.4411	-0.2149	991	993	824	5	2	0.0072	0.0667	0	0.0533	1
0.0126	0.1197	0.402	-0.5983	0.1059	-0.9485	-0.0584	0.3113	992	994	824	5	3	0.01	0.05	0	0.01	1
0.01	0.065	0.3187	-0.6311	0.1784	-0.8132	-0.2173	0.5398	993	0	824	5	4	0.01	0.05	0	0.01	1
0.0183	0.0611	1.7026	-0.9444	0.9183	-0.7482	0.1703	-0.6412	838	996	301	5	1	0.007	0.2	1	0.0261	1
0.0183	0.1469	1.6545	-0.9346	0.8784	-0.1063	0.9182	-0.3816	995	997	301	5	2	0.0091	0.1375	0	0.0261	1
0.0121	0.0301	1.6505	-0.8169	0.8016	0.071	0.787	-0.6128	996	998	301	5	3	0.01	0.05	0	0.01	1
0.01	0.0834	1.6526	-0.7931	0.7831	0.2596	-0.0293	-0.9653	997	0	301	5	4	0.01	0.05	0	0.01	1
0.0183	0.0613	1.7082	-0.9298	0.9475	-0.0048	0.9925	0.1224	838	1000	302	5	1	0.0034	0.4167	1	0.0373	1
0.0183	0.0777	1.7107	-0.8744	0.9414	-0.9508	0.1627	-0.2638	999	1001	302	5	2	0.0143	0.25	0	0.0373	1
0.0183	0.0315	1.6193	-0.8568	0.9148	-0.412	-0.5233	0.746	1000	1002	302	5	3	0.0104	0.175	0	0.01	1
0.0183	0.0542	1.596	-0.8791	0.9474	-0.7221	0.4209	-0.5491	1001	0	302	5	4	0.0109	0.1333	0	0.01	1
0.0113	0.1207	0.8929	-0.5026	0.0404	0.5384	0.7262	0.4275	846	1004	826	5	1	0.0103	0.25	1	0.0336	1
0.0113	0.2448	0.9609	-0.4259	0.0934	-0.124	0.0943	0.9878	1003	1005	826	5	2	0.0219	0.1692	0	0.0336	1
0.0097	0.1183	0.9204	-0.3922	0.3403	0.3341	-0.1317	0.9333	1004	0	826	5	3	0.0157	0.1	0	0.0271	1
0.0142	0.1944	0.6753	-0.3634	0.8089	-0.9433	0.2692	-0.1943	857	1007	136	5	1	0.0093	0.25	1	0.0456	1
0.0142	0.1585	0.5056	-0.2953	0.7811	-0.671	0.7119	-0.207	1006	1008	136	5	2	0.0221	0.1625	0	0.0456	1
0.0088	0.1869	0.3747	-0.2202	0.7637	-0.8129	0.572	0.1093	1007	0	136	5	3	0.0257	0.1	0	0.0368	1
0.0131	0.3438	0.738	-0.3717	0.6972	0.9417	-0.3115	-0.127	857	1010	141	5	1	0.0035	0.2813	0	0.0327	1
0.0192	0.0773	1.0409	-0.4784	0.6554	-0.0886	-0.0872	-0.9922	1009	1011	141	5	2	0.0044	0.25	0	0.0256	1
0.0167	0.0555	1.0317	-0.4982	0.5725	0.2169	0.3871	-0.8962	1010	0	141	5	3	0.0045	0.2963	0	0.0395	1
0.0374	0.296	0.9562	-0.4687	1.1198	-0.282	0.1632	-0.9454	860	1013	143	5	1	0.0069	0.3091	1	0.0512	1
0.0374	0.1437	0.8819	-0.4076	0.8446	0.2503	-0.4769	0.8426	1012	1014	143	5	2	0.0126	0.25	0	0.0512	1
0.0374	0.0481	0.9755	-0.505	0.9374	0.2882	-0.3101	0.9059	1013	1015	143	5	3	0.0067	0.1458	0	0.0449	1
0.025	0.0901	0.9966	-0.5199	0.9917	0.5418	-0.7592	-0.3605	1014	0	143	5	4	0.0031	0.225	0	0.025	1
0.0193	0.2165	0.7261	-0.4091	1.0702	-0.318	-0.0074	0.9481	858	1017	149	5	1	0.0069	0.375	0	0.0204	1
0.0138	0.1119	0.6576	-0.4053	1.276	-0.9428	0.0345	0.3315	1016	1018	149	5	2	0.01	0.05	0	0.01	1
0.01	0.1245	0.5521	-0.4015	1.3131	-0.9896	0.007	-0.1438	1017	0	149	5	3	0.01	0.05	0	0.01	1
0.0258	0.0346	0.1908	0.0742	0.7002	-0.5536	-0.1268	0.8231	866	1020	828	5	1	0.0056	0.4167	1	0.0258	1
0.0258	0.0772	0.1717	0.0698	0.7286	0.4221	0.4442	0.7903	1019	1021	828	5	2	0.0056	0.4167	0	0.0258	1
0.0258	0.0468	0.2034	0.1081	0.833	-0.9722	0.231	-0.039	1020	1022	828	5	3	0.0036	0.5	0	0.0285	1
0.0258	0.1673	0.141	0.1659	0.8358	-0.7817	-0.2234	-0.5822	1021	1023	828	5	4	0.0241	0.1444	0	0.0571	1
0.0258	0.0822	0.0207	0.1902	0.7375	-0.4424	0.0619	-0.8947	1022	1024	828	5	5	0.0035	0.2083	0	0.0292	1
0.0258	0.0624	-0.0053	0.1732	0.6426	-0.6309	0.369	-0.6825	1023	0	828	5	6	0.0054	0.1	0	0.01	1
0.0208	0.1209	1.0579	-0.6735	0.5225	-0.0059	-0.062	-0.9981	879	1026	449	5	1	0.0039	0.2813	1	0.0208	1
0.0208	0.1152	1.0572	-0.681	0.4018	-0.7782	-0.1711	0.6042	1025	1027	449	5	2	0.0039	0.2813	0	0.0208	1
0.0188	0.1849	0.9626	-0.6688	0.4364	-0.97	0.095	0.2237	1026	1028	449	5	3	0.011	0.1444	0	0.0315	1
0.01	0.0134	0.7928	-0.6417	0.4876	-0.7976	0.2248	0.5598	1027	1029	449	5	4	0.01	0.05	0	0.01	1
0.0063	0.0933	0.7821	-0.6386	0.4951	-0.8525	-0.52	0.0536	1028	0	449	5	5	0.01	0.05	0	0.01	1
0.0119	0.1648	1.6481	-1.1804	0.6907	0.8523	0.1175	-0.5097	0	1031	667	0	1	0.0178	0.1444	0	0.0363	0
0.0106	0.0698	1.7902	-1.1685	0.6071	0.8491	0.1538	-0.5054	1030	1032	667	0	2	0.01	0.05	0	0.01	0
0.01	0.0633	1.8495	-1.1578	0.5718	0.9126	-0.0165	-0.4085	1031	0	667	0	3	0.01	0.05	0	0.01	0
0.0155	0.1198	-0.6693	-1.1995	1.0965	0.0068	0.2149	0.9766	973	1034	225	5	1	0.0053	0.2	0	0.0155	0
0.0174	0.0607	-0.6708	-1.1245	1.1722	-0.0083	0.6425	0.7663	1033	1035	225	5	2	0.0364	0.16	0	0.3832	0
0.0113	0.0828	-0.6861	-1.0921	1.172	-0.2049	0.9762	-0.0716	1034	1036	225	5	3	0.01	0.05	0	0.01	0
0.01	0.0843	-0.6845	-1.0186	1.1396	-0.053	0.9515	-0.303	1035	1037	225	5	4	0.01	0.05	0	0.01	0
0.0091	0.1586	-0.6865	-1.0509	1.1065	0.0892	-0.0643	0.9939	1036	1038	225	5	5	0.01	0.05	0	0.01	0
0.005	0.0584	-0.674	-1.0611	1.2642	0.0164	-0.602	0.7983	1037	0	225	5	6	0.0063	0.125	0	0.01	0
0.01	0.1754	-0.6411	-1.3008	1.0923	-0.0386	0.0702	0.9968	974	1040	383	5	1	0.01	0.05	0	0.01	0
0.01	0.0814	-0.6479	-1.2885	1.2671	-0.1196	0.5613	0.8189	1039	0	383	5	2	0.01	0.05	0	0.01	0
0.0191	0.0652	-0.9356	-1.1189	0.8588	-0.6968	-0.6512	0.3007	978	1042	841	5	1	0.0043	0.25	1	0.0207	0
0.0188	0.0996	-0.9811	-1.1613	0.8784	-0.1662	0.9229	0.3474	1041	1043	841	5	2	0.0043	0.25	0	0.0207	0
0.0174	0.1995	-1.0336	-1.0632	0.8883	-0.5777	-0.2408	0.7799	1042	1044	841	5	3	0.0216	0.09	0	0.0526	0
0.0148	0.1646	-1.1457	-1.1555	0.9954	-0.4216	-0.6827	0.5967	1043	1045	841	5	4	0.0175	0.125	0	0.0473	0
0.0094	0.0038	-1.2072	-1.2598	1.1025	-0.338	-0.5221	0.7831	1044	1046	841	5	5	0.01	0.05	0	0.01	0
0.0052	0.0809	-1.2085	-1.2618	1.1055	-0.1834	0.6662	0.7229	1045	0	841	5	6	0.01	0.05	0	0.01	0
0.0062	0.3281	0.8748	-0.406	0.6872	0.6541	-0.4056	0.6385	1009	1048	311	6	1	0.0194	0.0765	0	0.038	1
0.0025	0.0906	1.0504	-0.5564	0.8855	0.0946	-0.6818	0.7254	1047	0	311	6	2	0.0156	0.0375	0	0.01	1
0.0319	0.1073	1.1611	-0.6046	0.2576	0.7906	0.2672	-0.5509	0	1050	847	0	1	0.0062	0.4063	0	0.0319	0
0.0319	0.0816	1.2677	-0.5522	0.227	-0.3952	-0.536	0.746	1049	1051	847	0	2	0.0068	0.2273	0	0.0183	0
0.0319	0.0403	1.2263	-0.5981	0.277	-0.7577	0.3118	0.5733	1050	0	847	0	3	0.0065	0.1591	0	0.01	0
0.0197	0.1479	1.0597	-0.6604	0.4005	-0.7696	0.2558	-0.585	1025	1053	849	6	1	0.0178	0.1571	0	0.0398	1
0.0131	0.0329	0.9292	-0.6079	0.3502	-0.2669	-0.9299	0.2531	1052	1054	849	6	2	0.01	0.05	0	0.01	1
0.0115	0.1545	0.9199	-0.6392	0.3582	-0.8403	0.473	0.2651	1053	1055	849	6	3	0.01	0.05	0	0.01	1
0.01	0.0947	0.7901	-0.5661	0.3991	-0.5668	0.6946	-0.4431	1054	0	849	6	4	0.01	0.05	0	0.01	1
0.012	0.1147	1.1287	-0.7014	0.4373	0.0277	0.1979	-0.9798	0	0	450	0	1	0.0148	0.25	0	0.0269	0
0.0307	0.0434	-1.0615	-1.09	0.9496	0.7644	-0.5543	0.3294	1043	1058	226	6	1	0.0092	0.4063	1	0.0307	0
0.0307	0.1027	-1.0283	-1.114	0.9639	-0.8386	-0.0136	-0.5445	1057	1059	226	6	2	0.0092	0.4063	0	0.0307	0
0.0307	0.0786	-1.1311	-1.1067	0.8871	-0.1273	0.875	0.4671	1058	1060	226	6	3	0.0091	0.2	0	0.0417	0
0.0307	0.0266	-1.1623	-1.0538	0.9363	-0.3706	0.8261	0.4246	1059	1061	226	6	4	0.0047	0.125	0	0.01	0
0.0307	0.0703	-1.1731	-1.0353	0.9417	0.8522	0.3724	-0.3674	1060	0	226	6	5	0.0058	0.1	0	0.01	0
