radius (m)	length (m)	start_point	axis_direction	parent	extension	branch	branch_order	position_in_branch	mad	SurfCov	added	UnmodRadius (m)	Rama_podada
0.052	0.2257	0.3879	-0.0958	-2.9905	-0.2409	0.0123	0.9705	0	2	1	0	1	0.011	0.8636	0	0.052	0
0.0495	0.2307	0.3366	-0.0957	-2.7709	-0.1	0.1208	0.9876	1	3	1	0	2	0.0079	0.9205	0	0.0495	0
0.0468	0.1631	0.3303	-0.0458	-2.5375	-0.2049	-0.087	0.9749	2	4	1	0	3	0.007	0.85	0	0.0468	0
0.0506	0.096	0.3106	-0.0644	-2.3771	-0.0926	0.0357	0.9951	3	5	1	0	4	0.007	0.8636	0	0.0506	0
0.0459	0.2082	0.2958	-0.0549	-2.2814	-0.0003	-0.0149	0.9999	4	6	1	0	5	0.0076	0.9	0	0.0459	0
0.047	0.1525	0.286	-0.0473	-2.0732	-0.0442	-0.0441	0.9981	5	7	1	0	6	0.0075	0.9	0	0.047	0
0.049	0.199	0.2848	-0.0545	-1.9206	-0.0678	-0.0087	0.9977	6	8	1	0	7	0.0085	0.8961	0	0.049	0
0.0481	0.1922	0.2816	-0.0612	-1.7203	-0.1501	0.0327	0.9881	7	9	1	0	8	0.0083	0.8182	0	0.0481	0
0.0498	0.1806	0.2871	-0.0628	-1.5209	-0.2839	-0.0798	0.9555	8	10	1	0	9	0.0091	0.8052	0	0.0498	0
0.046	0.1715	0.2604	-0.0701	-1.3453	-0.1239	-0.0005	0.9923	9	11	1	0	10	0.0076	0.9167	0	0.046	0
0.05	0.1255	0.2515	-0.066	-1.1708	-0.2856	-0.1332	0.9491	10	12	1	0	11	0.0091	0.7273	0	0.05	0
0.0494	0.1592	0.225	-0.0786	-1.0526	0.0559	0.0866	0.9947	11	13	1	0	12	0.0085	0.7273	0	0.0494	0
0.057	0.2573	0.2299	-0.0859	-0.8901	-0.2938	0.2406	0.9251	12	14	1	0	13	0.0112	0.7778	0	0.057	0
0.0623	0.2572	0.2448	-0.0317	-0.5805	-0.6211	-0.0184	0.7835	13	15	1	0	14	0.0242	0.6313	0	0.073	0
0.0585	0.2299	0.1871	0.0202	-0.3437	-0.0322	-0.4863	0.8732	14	16	1	0	15	0.0237	0.6278	0	0.0923	0
0.065	0.4089	0.1456	-0.0308	-0.132	0.0884	-0.1275	0.9879	15	17	1	0	16	0.1206	0.7148	0	0.257	0
0.064	0.4972	0.2603	-0.093	0.251	0.2383	-0.1371	0.9615	16	18	1	0	17	0.1178	0.65	0	0.2662	0
0.062	0.0709	0.7131	0.1444	-0.1085	0.8992	0.1461	0.4123	17	0	1	0	18	0.099	0.5505	0	0.2134	0
0.0406	0.461	0.2418	-0.0928	-0.7732	0.7954	-0.6061	-0.0004	13	20	2	1	1	0.007	0.3333	1	0.0406	0
0.0406	0.1482	0.6085	-0.3722	-0.7733	0.9703	-0.2265	-0.0846	19	21	2	1	2	0.007	0.3333	0	0.0406	0
0.0399	0.1756	0.7643	-0.3872	-0.803	0.8613	-0.5048	0.058	20	22	2	1	3	0.0056	0.7407	0	0.0399	0
0.046	0.1526	0.9066	-0.4949	-0.7835	0.8923	-0.448	-0.0554	21	23	2	1	4	0.0079	0.6167	0	0.046	0
0.0479	0.1318	1.0475	-0.561	-0.7901	0.488	-0.8332	-0.2603	22	24	2	1	5	0.0063	0.6	0	0.0479	0
0.0445	0.0824	1.1243	-0.6533	-0.8142	0.8502	-0.4523	-0.2694	23	25	2	1	6	0.0055	0.7667	0	0.0445	0
0.0398	0.0749	1.1873	-0.6971	-0.8438	0.7495	-0.6432	-0.1566	24	26	2	1	7	0.0049	0.7037	0	0.0398	0
0.0467	0.0845	1.2466	-0.7449	-0.8443	0.7459	-0.6389	-0.1882	25	27	2	1	8	0.0058	0.7	0	0.0467	0
0.0487	0.0689	1.3155	-0.7948	-0.8556	0.6647	-0.724	-0.1846	26	28	2	1	9	0.0058	0.5758	0	0.0489	0
0.0514	0.1539	1.3631	-0.842	-0.8749	0.8105	-0.5857	-0.0064	27	29	2	1	10	0.0162	0.2941	0	0.0628	0
0.0511	0.2485	1.4941	-0.9328	-0.8756	-0.11	-0.9491	0.2951	28	30	2	1	11	0.0079	0.4815	0	0.0532	0
0.0501	0.1277	1.5	-1.1776	-0.8078	-0.2598	-0.9656	0.0111	29	31	2	1	12	0.0069	0.6727	0	0.0503	0
0.0517	0.1447	1.4923	-1.2906	-0.7703	0.3069	-0.9501	0.0549	30	32	2	1	13	0.008	0.6727	0	0.052	0
0.0464	0.0987	1.5206	-1.44	-0.7656	0.5461	-0.8039	0.2359	31	33	2	1	14	0.0061	0.775	0	0.0464	0
0.0429	0.0907	1.5695	-1.5228	-0.7481	0.5211	-0.8512	0.0623	32	34	2	1	15	0.0061	0.525	0	0.0437	0
0.0393	0.0849	1.6092	-1.6035	-0.7183	0.365	-0.9309	-0.0167	33	35	2	1	16	0.0052	0.7778	0	0.0393	0
0.0362	0.0831	1.6479	-1.6849	-0.7238	0.0672	-0.8053	0.589	34	36	2	1	17	0.0053	0.9167	0	0.0362	0
0.039	0.0684	1.6292	-1.7663	-0.6493	0.7026	-0.6437	0.3032	35	37	2	1	18	0.0041	0.5185	0	0.039	0
0.0362	0.0897	1.6799	-1.8242	-0.6441	0.5728	-0.5624	0.5962	36	38	2	1	19	0.0045	0.375	0	0.0339	0
0.0362	0.2296	1.7122	-1.8808	-0.574	0.5631	-0.7364	0.375	37	39	2	1	20	0.0079	0.1181	0	0.0302	0
0.0362	0.0495	1.845	-2.0482	-0.4943	0.6137	-0.7789	0.1291	38	40	2	1	21	0.0108	0.157	0	0.0332	0
0.0362	0.0511	1.8937	-2.0813	-0.4855	0.2886	-0.9575	-0.0023	39	0	2	1	22	0.0063	0.0833	0	0.028	0
0.0504	0.2992	0.2791	-0.0703	-0.8607	0.9615	0.1899	0.1989	13	42	6	1	1	0.0098	0.3333	1	0.0504	0
0.0469	0.2453	0.5667	-0.0135	-0.8012	0.4243	-0.8922	0.1547	41	43	6	1	2	0.0098	0.3333	0	0.0504	0
0.0275	0.1177	0.7084	-0.236	-0.7396	-0.1625	0.9039	0.3956	42	44	6	1	3	0.0028	0.3333	0	0.0245	0
0.0244	0.1074	0.6836	-0.1137	-0.6977	0.7463	0.4152	0.5202	43	45	6	1	4	0.0028	0.375	0	0.0222	1
0.0285	0.1825	0.7948	-0.0237	-0.6677	-0.4596	0.6555	0.5992	44	46	6	1	5	0.0245	0.1	0	0.057	1
0.011	0.0029	0.7156	0.0772	-0.6076	-0.9641	0.2049	-0.1687	45	47	6	1	6	0.01	0.05	0	0.01	1
0.0071	0.0824	0.7128	0.0778	-0.6081	-0.6371	0.6807	0.3616	46	0	6	1	7	0.01	0.05	0	0.01	1
0.0311	0.3255	0.1415	0.0142	-0.708	-0.4279	0.8361	-0.3433	13	49	7	1	1	0.0095	0.45	1	0.0311	0
0.0311	0.1477	0.0022	0.2864	-0.8198	0.754	0.5708	0.3251	48	0	7	1	2	0.0095	0.45	0	0.0311	0
0.01	0.4091	0.1995	0.059	-0.533	0.9586	-0.0481	-0.2805	15	0	11	1	1	0.01	0.05	0	0.01	1
0.01	0.3881	-0.1312	-0.0727	-0.193	-0.5888	-0.6296	-0.5069	14	52	25	1	1	0.01	0.05	0	0.01	0
0.01	0.0554	-0.3597	-0.317	-0.3898	-0.6657	0.7225	-0.1867	51	0	25	1	2	0.01	0.05	0	0.01	0
0.0184	0.3156	0.1602	-0.1103	-0.2214	-0.3664	-0.8583	-0.3592	15	54	26	1	1	0.0053	0.375	1	0.0187	0
0.0165	0.0843	0.0446	-0.3812	-0.3348	-0.8927	-0.4397	-0.099	53	55	26	1	2	0.0053	0.375	0	0.0187	0
0.01	0.0946	-0.0242	-0.4305	-0.3283	-0.8897	-0.4563	0.0125	54	0	26	1	3	0.01	0.05	0	0.01	0
0.0175	0.5556	0.1767	-0.0079	-0.802	-0.4125	0.6037	0.6822	13	57	28	1	1	0.0121	0.2262	1	0.0548	0
0.0175	0.2065	-0.0622	0.3507	-0.4259	0.8694	0.3994	0.2911	56	0	28	1	2	0.028	0.2273	0	0.0548	0
0.0391	0.3792	0.2091	0.0061	-0.4586	0.752	0.6175	0.2307	14	59	30	1	1	0.0094	0.375	1	0.0378	0
0.0389	0.0854	0.4943	0.2403	-0.3711	0.9589	0.0152	0.2832	58	60	30	1	2	0.0094	0.375	0	0.0378	0
0.0544	0.3949	0.5985	0.3055	-0.3448	0.5308	-0.2121	0.8206	59	61	30	1	3	0.0074	0.4242	0	0.0563	0
0.0455	0.0746	0.7876	0.2594	0.0086	0.5588	-0.2994	0.7734	60	62	30	1	4	0.0058	0.6333	0	0.0455	0
0.0529	0.2596	0.8291	0.28	0.0448	0.5521	0.3742	0.7451	61	63	30	1	5	0.0087	0.5093	0	0.0539	0
0.0515	0.2154	1.0054	0.3758	0.2098	0.493	0.6838	0.538	62	64	30	1	6	0.0087	0.5227	0	0.0522	0
0.0473	0.0738	1.115	0.5017	0.3621	0.4621	0.7828	0.4166	63	65	30	1	7	0.0064	0.6667	0	0.0473	0
0.0546	0.1219	1.1426	0.534	0.4162	0.4728	0.5271	0.7061	64	66	30	1	8	0.0189	0.3056	0	0.0603	0
0.0353	0.1949	1.229	0.5695	0.493	0.6487	0.4479	0.6153	65	67	30	1	9	0.0061	0.3929	0	0.0318	0
0.0347	0.0763	1.3477	0.6522	0.6186	0.5519	0.102	0.8276	66	68	30	1	10	0.0046	0.5	0	0.0314	0
0.0532	0.2675	1.3751	0.6807	0.681	0.5701	0.4263	0.7024	67	69	30	1	11	0.0153	0.3193	0	0.0606	0
0.0431	0.0663	1.5337	0.7795	0.8731	0.5039	0.4142	0.758	68	70	30	1	12	0.0063	0.4333	0	0.0431	0
0.0474	0.118	1.5372	0.8094	0.9225	0.0152	0.5	0.8659	69	71	30	1	13	0.0055	0.3636	0	0.0514	0
0.043	0.097	1.6104	0.8618	1.0151	0.1472	0.8431	0.5172	70	72	30	1	14	0.0028	0.275	0	0.0441	0
0.0314	0.1629	1.6183	0.9297	1.0952	-0.0464	0.9091	0.4139	71	73	30	1	15	0.0043	0.375	0	0.0298	0
0.0336	0.1112	1.6095	1.0727	1.1672	0.3281	0.5862	0.7408	72	74	30	1	16	0.0052	0.4375	0	0.0336	0
0.0455	0.1258	1.6571	1.1512	1.2285	0.1714	0.7917	0.5864	73	75	30	1	17	0.0063	0.1714	0	0.0695	0
0.0314	0.008	1.6399	1.2572	1.2968	0.1465	0.9834	0.1074	74	76	30	1	18	0.01	0.05	0	0.01	0
0.0314	0.0892	1.6145	1.27	1.2989	0.1598	0.6618	0.7324	75	0	30	1	19	0.0045	0.1	0	0.01	0
0.0326	0.5235	0.2286	0.054	-0.3198	0.7075	0.5771	0.4079	15	78	32	1	1	0.0075	0.1667	1	0.0323	0
0.0323	0.2489	0.599	0.3562	-0.1062	0.554	0.0488	0.8311	77	79	32	1	2	0.0075	0.1667	0	0.0323	0
0.0305	0.146	0.6937	0.3514	0.1037	0.2238	-0.4166	0.8811	78	80	32	1	3	0.0116	0.1462	0	0.0305	0
0.0269	0.0566	0.7062	0.2824	0.225	-0.2029	-0.3256	0.9235	79	81	32	1	4	0.0144	0.08	0	0.0323	0
0.0221	0.0284	0.6927	0.2808	0.2926	-0.3899	-0.6451	0.6572	80	82	32	1	5	0.0112	0.3333	0	0.0267	0
0.01	0.0012	0.6811	0.262	0.311	-0.0699	-0.3781	0.9231	81	83	32	1	6	0.01	0.05	0	0.01	0
0.0087	0.0921	0.681	0.2615	0.3122	0.8353	-0.263	0.4827	82	0	32	1	7	0.01	0.05	0	0.01	0
0.0291	0.5119	0.2382	0.0129	-0.2795	0.6027	0.7834	0.1517	15	85	38	1	1	0.0069	0.3333	0	0.0313	0
0.0221	0.0872	0.5305	0.4145	-0.1574	0.8902	0.3239	0.3204	84	86	38	1	2	0.003	0.3438	0	0.0257	0
0.01	0.0491	0.5995	0.446	-0.1241	0.5056	0.7929	0.3403	85	0	38	1	3	0.01	0.05	0	0.01	0
0.038	0.7334	0.2139	-0.0332	-0.0974	0.9984	0.0377	-0.0431	16	88	40	1	1	0.0068	0.1481	1	0.0403	0
0.0373	0.0697	0.9461	-0.0055	-0.129	0.9789	0.2035	-0.0194	87	89	40	1	2	0.0068	0.1481	0	0.0403	0
0.0396	0.1046	1.0252	0.0728	-0.0872	0.8128	0.2235	-0.538	88	90	40	1	3	0.004	0.3	0	0.0441	0
0.0382	0.0968	1.1323	0.0703	-0.1252	0.7376	0.1664	-0.6544	89	91	40	1	4	0.0252	0.1857	0	0.0446	0
0.0313	0.0812	1.1853	0.031	-0.1901	0.7452	-0.2299	-0.6259	90	92	40	1	5	0.0045	0.4167	0	0.0313	0
0.0296	0.0083	1.2563	0.0039	-0.1445	0.9615	-0.244	-0.1262	91	93	40	1	6	0.0032	0.4583	0	0.0296	0
0.0261	0.0981	1.2598	-0.0063	-0.1467	0.8666	-0.4379	-0.2392	92	94	40	1	7	0.0077	0.2	0	0.0207	0
0.0257	0.1596	1.342	-0.0641	-0.1694	0.8666	-0.1882	-0.4622	93	95	40	1	8	0.0023	0.1667	0	0.0257	0
0.0257	0.1531	1.4824	-0.08	-0.2049	0.8971	-0.4283	0.1088	94	96	40	1	9	0.0037	0.2	0	0.0232	0
0.0257	0.0043	1.6173	-0.1479	-0.19	0.6971	-0.7146	-0.0583	95	97	40	1	10	0.0068	0.1167	0	0.01	0
0.0263	0.0843	1.6203	-0.1404	-0.1857	0.9226	-0.1514	0.3548	96	98	40	1	11	0.0024	0.4167	0	0.0263	0
0.0257	0.0592	1.6973	-0.1566	-0.1481	0.0424	-0.9172	-0.3961	97	99	40	1	12	0.0029	0.2083	0	0.0226	0
0.0257	0.0912	1.7035	-0.1964	-0.1637	0.8717	0.0422	-0.4882	98	100	40	1	13	0.0031	0.4167	0	0.0257	0
0.0257	0.003	1.7827	-0.1885	-0.2029	0.6825	0.5968	-0.4219	99	101	40	1	14	0.0045	0.14	0	0.01	0
0.0372	0.0691	1.802	-0.1514	-0.1989	0.892	-0.4465	0.0705	100	102	40	1	15	0.0072	0.1667	0	0.0637	0
0.0257	0.0161	1.8435	-0.1862	-0.2099	0.5834	-0.5441	-0.603	101	103	40	1	16	0.0054	0.125	0	0.01	0
0.0257	0.19	1.8425	-0.2295	-0.2185	0.8891	-0.278	-0.3637	102	104	40	1	17	0.0063	0.1	0	0.0157	0
0.0257	0.0201	2.0173	-0.2678	-0.2943	0.6497	-0.5185	-0.556	103	0	40	1	18	0.0026	0.1	0	0.01	0
0.0299	0.608	0.2152	-0.0757	-0.0109	0.896	-0.4419	-0.0446	16	106	42	1	1	0.0084	0.3125	1	0.0299	0
0.0285	0.1523	0.7599	-0.3443	-0.038	0.4721	-0.8805	-0.0421	105	107	42	1	2	0.0084	0.3125	0	0.0299	1
0.0222	0.1146	0.8346	-0.4784	-0.0159	0.8675	-0.4901	-0.0847	106	108	42	1	3	0.0042	0.1563	0	0.0228	1
0.0208	0.0713	0.9184	-0.5305	-0.0004	0.7136	-0.4729	0.5168	107	109	42	1	4	0.0062	0.25	0	0.0263	1
0.0101	0.0277	0.9587	-0.5761	0.0191	0.7531	-0.6579	-0.0083	108	110	42	1	5	0.01	0.05	0	0.01	1
0.0079	0.0869	0.9796	-0.5944	0.0189	0.8998	-0.3931	0.1894	109	0	42	1	6	0.01	0.05	0	0.01	1
0.0556	0.4637	0.1278	-0.032	-0.2062	0.4828	0.2465	0.8403	15	112	741	1	1	0.0973	0.4079	0	0.4118	0
0.0555	0.1017	0.1572	-0.1	0.2655	-0.2841	0.6288	0.7238	111	113	741	1	2	0.0657	0.5808	0	0.1204	0
0.0551	0.9772	0.1223	-0.0426	0.2701	-0.6737	0.7389	-0.0117	112	114	741	1	3	0.0337	0.485	0	0.0765	0
0.0538	0.2111	-0.5688	0.6732	0.2024	-0.5895	0.7656	0.2577	113	115	741	1	4	0.0374	0.6684	0	0.1367	1
0.0551	0.1386	-0.7273	0.7638	0.3397	-0.6651	0.6801	0.3085	114	116	741	1	5	0.0238	0.7014	0	0.0712	1
0.0524	0.255	-0.8448	0.8483	0.3488	-0.7195	0.5871	0.3709	115	117	741	1	6	0.0373	0.4353	0	0.1841	1
0.0549	0.1091	-1.0406	0.9536	0.4578	-0.9174	0.3273	0.2264	116	118	741	1	7	0.0079	0.6154	0	0.0583	1
0.0546	0.1355	-1.1453	0.9979	0.4688	-0.413	0.7056	0.5758	117	119	741	1	8	0.0229	0.4722	0	0.0691	1
0.0539	0.2071	-1.2081	1.0898	0.5174	-0.7652	0.636	0.1003	118	120	741	1	9	0.0308	0.5735	0	0.0836	1
0.0495	0.0971	-1.394	1.2001	0.5209	-0.694	0.6615	0.2841	119	121	741	1	10	0.0065	0.3409	0	0.0518	1
0.0435	0.1019	-1.46	1.2825	0.5083	-0.999	-0.0171	-0.0415	120	122	741	1	11	0.0042	0.475	0	0.0435	1
0.044	0.1074	-1.5577	1.2824	0.515	-0.9126	0.2852	0.293	121	123	741	1	12	0.0049	0.475	0	0.044	1
0.0458	0.1535	-1.6308	1.3479	0.5263	-0.6929	0.6617	0.2864	122	124	741	1	13	0.0067	0.3833	0	0.0462	1
0.0518	0.1161	-1.7619	1.415	0.5658	-0.6728	0.5478	-0.4973	123	125	741	1	14	0.0146	0.3361	0	0.0582	1
0.0435	0.1841	-1.8623	1.4791	0.5383	-0.7605	0.3168	-0.5668	124	126	741	1	15	0.0179	0.2933	0	0.0425	1
0.0435	0.0269	-1.9877	1.5778	0.4547	-0.8121	0.4696	-0.3464	125	127	741	1	16	0.0081	0.0357	0	0.01	1
0.0435	0.0273	-2.004	1.5925	0.5029	-0.0057	0.9994	-0.0345	126	0	741	1	17	0.0068	0.0714	0	0.01	1
0.0164	0.1032	0.6056	-0.3265	-0.7945	0.4818	0.7036	-0.5224	19	129	180	2	1	0.0065	0.375	1	0.0307	0
0.0164	0.1172	0.6544	-0.2474	-0.847	-0.1005	-0.2315	0.9676	128	0	180	2	2	0.0132	0.2833	0	0.0307	0
0.0281	0.0948	0.7699	-0.346	-0.793	0.0352	0.9755	0.217	21	131	181	2	1	0.0056	0.5	1	0.0281	0
0.0281	0.0623	0.7732	-0.2535	-0.7725	-0.0137	0.9607	-0.2772	130	132	181	2	2	0.0056	0.5	0	0.0281	0
0.0281	0.1343	0.7791	-0.2088	-0.7698	0.6298	0.7067	0.3225	131	0	181	2	3	0.0072	0.0889	0	0.01	0
0.0256	0.1769	0.9272	-0.4549	-0.7737	0.9127	0.3969	0.0973	22	0	184	2	1	0.0055	0.25	0	0.0256	0
0.035	0.3495	1.0579	-0.6435	-0.7566	0.6496	-0.7574	0.0662	24	135	186	2	1	0.005	0.45	0	0.0368	0
0.032	0.0625	1.2934	-0.9089	-0.7268	-0.2482	-0.9446	0.2148	134	136	186	2	2	0.0035	0.2917	0	0.0339	0
0.0284	0.0737	1.2687	-0.9715	-0.7106	0.3468	-0.9368	-0.0461	135	137	186	2	3	0.0032	0.375	0	0.0252	0
0.0284	0.0597	1.3003	-1.0417	-0.729	0.1604	-0.9772	0.1391	136	0	186	2	4	0.0086	0.4167	0	0.0284	0
0.0423	0.1211	1.1947	-0.6406	-0.826	0.4905	0.8677	0.0807	24	139	187	2	1	0.0122	0.2167	1	0.0434	0
0.0423	0.1554	1.2541	-0.5354	-0.8163	-0.0421	-0.5585	0.8284	138	140	187	2	2	0.0122	0.2167	0	0.0434	0
0.0287	0.0701	1.265	-0.6228	-0.7003	-0.1803	0.9415	-0.2847	139	141	187	2	3	0.008	0.1667	0	0.0414	0
0.0156	0.0899	1.269	-0.5567	-0.6838	-0.1795	0.9805	0.0797	140	0	187	2	4	0.0052	0.15	0	0.0156	0
0.0265	0.0227	1.2579	-0.7999	-0.8206	-0.3936	-0.6336	0.6661	26	143	188	2	1	0.0044	0.2813	1	0.0256	0
0.0231	0.1111	1.2489	-0.8143	-0.8056	0.3651	0.4885	0.7925	142	144	188	2	2	0.0044	0.2813	0	0.0256	0
0.0226	0.1072	1.2875	-0.7441	-0.7131	0.9714	0.0563	0.2307	143	145	188	2	3	0.0132	0.2	0	0.0334	0
0.01	0.0724	1.3955	-0.7268	-0.7081	0.8919	0.2966	0.3414	144	0	188	2	4	0.01	0.05	0	0.01	0
0.0315	0.2015	1.3721	-0.8967	-0.8417	-0.243	-0.7362	0.6317	28	147	189	2	1	0.0155	0.2286	1	0.03	0
0.0308	0.1323	1.3231	-1.045	-0.7145	0.3413	0.9147	-0.2164	146	148	189	2	2	0.0155	0.2286	0	0.03	0
0.0322	0.1343	1.3491	-0.9062	-0.7533	0.3137	0.7034	0.6378	147	0	189	2	3	0.0105	0.2321	0	0.0364	0
0.0329	0.1145	1.5223	-0.9741	-0.9049	0.5954	-0.4008	-0.6963	29	150	195	2	1	0.0083	0.375	1	0.0351	0
0.0298	0.0762	1.5852	-1.0254	-0.9768	0.8751	-0.293	0.3851	149	151	195	2	2	0.0089	0.175	0	0.0351	0
0.0182	0.0903	1.6638	-1.0374	-0.9796	0.1591	0.9212	0.3551	150	152	195	2	3	0.0034	0.25	0	0.0207	0
0.01	0.041	1.6822	-0.9499	-0.9464	-0.6085	0.3863	0.6932	151	0	195	2	4	0.01	0.05	0	0.01	0
0.023	0.2133	1.4912	-1.1763	-0.8473	0.631	0.3702	-0.6818	29	154	196	2	1	0.0028	0.375	0	0.0226	0
0.0257	0.0913	1.6234	-1.1501	-1.0117	0.9991	-0.0385	-0.0154	153	155	196	2	2	0.0038	0.3333	0	0.0257	0
0.0279	0.1233	1.7213	-1.1657	-1.0081	-0.1394	0.3089	0.9408	154	156	196	2	3	0.0038	0.3	0	0.0295	0
0.0258	0.006	1.7239	-1.1584	-0.8977	-0.1242	-0.254	0.9592	155	157	196	2	4	0.0134	0.2727	0	0.0296	0
0.0196	0.1551	1.7255	-1.137	-0.9103	0.925	-0.2908	-0.2446	156	158	196	2	5	0.0026	0.3	0	0.0209	0
0.01	0.0146	1.8605	-1.1824	-0.9685	0.9116	-0.1579	-0.3796	157	159	196	2	6	0.01	0.05	0	0.01	0
0.0069	0.0875	1.8738	-1.1847	-0.9741	0.909	0.2668	-0.3202	158	0	196	2	7	0.01	0.05	0	0.01	0
0.0263	0.0249	1.7248	-1.8649	-0.6442	0.4716	-0.3707	-0.8001	37	161	203	2	1	0.0078	0.5833	1	0.0263	0
0.0263	0.0783	1.7365	-1.8741	-0.6641	-0.8004	-0.564	-0.203	160	162	203	2	2	0.0078	0.5833	0	0.0263	0
0.0265	0.0558	1.6705	-1.9288	-0.6415	-0.1777	-0.9456	-0.2724	161	163	203	2	3	0.0034	0.5417	0	0.0265	0
0.0263	0.0999	1.6708	-1.9785	-0.6376	0.2616	-0.9651	0.0116	162	164	203	2	4	0.0036	0.1	0	0.01	0
0.0263	0.0435	1.6694	-2.0759	-0.6575	-0.2245	-0.9155	0.3339	163	0	203	2	5	0.0062	0.175	0	0.01	0
0.0042	0.3573	0.6674	-0.1038	-0.6824	0.0575	0.8996	0.4328	44	166	446	2	1	0.014	0.0389	1	0.0621	1
0.0042	0.194	0.6777	0.2266	-0.5172	0.7411	0.6496	0.1699	165	167	446	2	2	0.0188	0.1222	0	0.0621	1
0.0047	0.0668	0.8072	0.3497	-0.4748	0.323	-0.9238	0.2053	166	0	446	2	3	0.0145	0.2	0	0.01	1
0.0169	0.1073	0.5903	0.1969	-0.5796	0.164	-0.6863	-0.7086	0	169	742	0	1	0.015	0.25	0	0.0344	0
0.0125	0.039	0.6174	0.1192	-0.6449	-0.6999	-0.5958	0.3938	168	170	742	0	2	0.01	0.05	0	0.01	0
0.01	0.0843	0.5901	0.0959	-0.6295	0.6387	-0.6345	0.4353	169	0	742	0	3	0.01	0.05	0	0.01	0
0.0076	0.1507	-0.4771	0.0825	-0.4847	0.9995	-0.0046	-0.032	0	172	744	0	1	0.0121	0.075	0	0.0256	0
0.0155	0.0436	-0.3095	0.0987	-0.4879	0.7071	-0.7002	-0.0989	171	0	744	0	2	0.0099	0.175	0	0.0224	0
0.0072	0.2121	-0.0554	0.3396	-0.4353	0.6354	0.772	-0.0153	56	174	746	2	1	0.0328	0.26	0	0.0414	0
0.0074	0.112	0.0644	0.4956	-0.4179	-0.1396	0.9564	0.2566	173	175	746	2	2	0.0153	0.2167	0	0.0287	0
0.0074	0.0611	0.049	0.6022	-0.3878	-0.918	0.3198	0.2343	174	0	746	2	3	0.01	0.05	0	0.01	0
0.0303	0.1717	0.8631	0.2423	0.0278	0.6177	-0.7112	-0.3357	62	177	209	2	1	0.003	0.25	1	0.0338	0
0.0264	0.0744	0.9687	0.1194	-0.036	-0.292	-0.9438	0.1547	176	178	209	2	2	0.0086	0.225	0	0.0338	0
0.0157	0.0115	0.9484	0.0865	-0.0415	-0.9994	0.0291	-0.0187	177	179	209	2	3	0.006	0.175	0	0.01	0
0.0141	0.0795	0.9297	0.0824	-0.0325	0.4648	0.6024	0.6489	178	0	209	2	4	0.0063	0.1333	0	0.0215	0
0.0401	0.159	0.8955	0.358	0.087	0.1121	0.6832	-0.7215	62	181	211	2	1	0.0045	0.3	1	0.0196	0
0.0401	0.1375	0.9348	0.4844	-0.0317	0.6366	-0.6946	0.3351	180	182	211	2	2	0.0076	0.1319	0	0.0196	0
0.0401	0.1217	0.9836	0.3425	0.032	0.7053	-0.3545	0.6139	181	183	211	2	3	0.011	0.1667	0	0.0278	0
0.0401	0.1235	1.1261	0.2934	0.1053	-0.0962	-0.9736	0.2071	182	184	211	2	4	0.0098	0.2198	0	0.0348	0
0.0401	0.0845	1.119	0.1648	0.1252	0.8894	0.2675	0.3707	183	185	211	2	5	0.0039	0.5185	0	0.0401	0
0.0401	0.0977	1.1691	0.1838	0.1767	0.6299	-0.1412	0.7638	184	186	211	2	6	0.0108	0.1846	0	0.0259	0
0.0401	0.0196	1.2661	0.1754	0.2368	0.3443	0.194	0.9186	185	0	211	2	7	0.0112	0.1231	0	0.01	0
0.0169	0.1178	0.7252	0.1987	-0.0922	-0.565	-0.8071	0.1712	60	188	212	2	1	0.0114	0.2778	1	0.0426	0
0.0169	0.1658	0.6494	0.0913	-0.0694	0.7781	-0.6106	-0.1471	187	0	212	2	2	0.0201	0.2556	0	0.0426	0
0.01	0.1604	1.0433	0.3638	0.1762	-0.0449	-0.6633	-0.747	63	190	215	2	1	0.01	0.05	1	0.01	0
0.01	0.0952	1.0361	0.2574	0.0564	0.0438	0.6659	0.7448	189	0	215	2	2	0.01	0.05	0	0.01	0
0.0272	0.1113	1.0216	0.4795	0.2927	-0.9704	0.1774	0.1638	63	192	221	2	1	0.0093	0.2	1	0.0301	0
0.0234	0.2759	0.9137	0.502	0.3152	-0.5885	-0.6758	0.4438	191	193	221	2	2	0.0095	0.1286	0	0.0301	0
0.015	0.06	0.7427	0.3468	0.4185	-0.9703	-0.237	0.0492	192	194	221	2	3	0.01	0.05	0	0.01	0
0.01	0.0469	0.7448	0.3327	0.4179	0	-0.9993	-0.0366	193	0	221	2	4	0.01	0.05	0	0.01	0
0.0312	0.1908	1.1625	0.5676	0.3779	0.5003	0.729	-0.4671	65	196	226	2	1	0.0041	0.375	0	0.028	0
0.0372	0.0761	1.2724	0.6866	0.3	0.2628	0.6095	0.748	195	197	226	2	2	0.0041	0.4167	0	0.0377	0
0.0312	0.1781	1.3081	0.7653	0.3306	0.5445	0.3558	0.7595	196	198	226	2	3	0.0048	0.375	0	0.0282	0
0.0312	0.1364	1.4159	0.8485	0.4385	0.5188	0.581	0.6272	197	199	226	2	4	0.0043	0.5	0	0.0312	0
0.0312	0.0839	1.4899	0.9262	0.5201	0.6554	0.7087	0.2611	198	200	226	2	5	0.0034	0.2917	0	0.0305	0
0.04	0.0919	1.5121	0.9716	0.5062	0.2811	0.7773	-0.5629	199	201	226	2	6	0.0028	0.3	0	0.0449	0
0.0312	0.0927	1.5438	1.0309	0.4527	-0.3901	-0.0464	-0.9196	200	202	226	2	7	0.0027	0.2813	0	0.0312	0
0.0312	0.1349	1.5522	1.0086	0.3402	-0.5897	-0.4082	-0.6969	201	203	226	2	8	0.0081	0.2429	0	0.0215	0
0.0322	0.0885	1.4932	0.9591	0.2415	-0.0298	-0.5761	-0.8168	202	204	226	2	9	0.003	0.3333	0	0.0322	0
0.0417	0.1052	1.4603	0.8677	0.1763	0.302	-0.3785	-0.875	203	205	226	2	10	0.0108	0.1786	0	0.0518	0
0.0344	0.1519	1.4923	0.8451	0.0756	-0.4517	-0.4003	-0.7973	204	206	226	2	11	0.0037	0.45	0	0.0344	0
0.0376	0.0782	1.4208	0.7648	-0.0327	-0.3568	-0.4761	-0.8037	205	207	226	2	12	0.0043	0.3333	0	0.0396	0
0.0312	0.1285	1.3867	0.7304	-0.0842	-0.5526	-0.8277	-0.0977	206	208	226	2	13	0.0088	0.2571	0	0.0246	0
0.0312	0.1034	1.3189	0.6527	-0.1325	-0.6471	-0.5654	-0.5115	207	209	226	2	14	0.0131	0.2222	0	0.0269	0
0.0312	0.167	1.2661	0.5854	-0.1955	-0.6598	-0.2422	-0.7113	208	210	226	2	15	0.0083	0.0571	0	0.0179	0
0.0312	0.0712	1.1612	0.5433	-0.319	-0.6869	-0.2966	-0.6635	209	211	226	2	16	0.0071	0.0417	0	0.0221	0
0.0312	0.0774	1.0799	0.5455	-0.3404	-0.7313	-0.4961	-0.468	210	212	226	2	17	0.0065	0.05	0	0.022	0
0.0312	0.1298	1.0605	0.4673	-0.3773	-0.6857	-0.6352	-0.3555	211	213	226	2	18	0.01	0.1667	0	0.0166	0
0.0312	0.2491	0.9773	0.3834	-0.4241	-0.2492	-0.8447	-0.4737	212	214	226	2	19	0.0055	0.0471	0	0.0226	0
0.0312	0.1366	0.9168	0.1666	-0.5249	-0.1676	-0.9281	-0.3326	213	215	226	2	20	0.0077	0.0571	0	0.01	0
0.0312	0.1072	0.9703	0.0924	-0.6007	0.1902	-0.6838	-0.7044	214	0	226	2	21	0.0092	0.1333	0	0.01	0
0.0325	0.3014	1.4882	0.7867	0.7623	-0.4221	-0.1797	-0.8885	68	217	227	2	1	0.0032	0.4167	1	0.0307	0
0.0319	0.0771	1.3609	0.7325	0.4944	0.5791	0.1509	0.8012	216	218	227	2	2	0.0032	0.4167	0	0.0307	0
0.0505	0.0709	1.4241	0.7226	0.5709	0.7168	0.6892	0.1058	217	219	227	2	3	0.0059	0.15	0	0.059	0
0.0307	0.0525	1.4552	0.7925	0.5895	0.7678	0.5938	0.2406	218	0	227	2	4	0.0086	0.1	0	0.01	0
0.0176	0.2356	1.386	0.6975	0.7736	-0.7752	-0.5645	-0.2837	68	221	228	2	1	0.0051	0.2292	0	0.0196	0
0.0131	0.0255	1.1997	0.5678	0.7216	-0.8191	-0.569	-0.0731	220	222	228	2	2	0.01	0.05	0	0.01	0
0.01	0.0651	1.1789	0.5533	0.7197	-0.6085	-0.7929	0.0325	221	0	228	2	3	0.01	0.05	0	0.01	0
0.0195	0.0421	1.627	0.8804	0.98	0.4525	-0.8649	0.2175	71	224	231	2	1	0.0006	0.075	0	0.01	0
0.0205	0.0555	1.6347	0.8038	1.0226	0.3101	0.5546	0.7722	223	225	231	2	2	0.006	0.25	0	0.0256	0
0.0132	0.1305	1.6536	0.8217	1.0688	0.7254	0.261	0.6369	224	226	231	2	3	0.01	0.05	0	0.01	0
0.01	0.0846	1.7483	0.8558	1.1519	0.8561	0.0163	0.5165	225	0	231	2	4	0.01	0.05	0	0.01	0
0.0121	0.1052	1.6206	0.9053	0.9918	0.0887	0.1872	-0.9783	71	228	232	2	1	0.0012	0.275	1	0.0124	0
0.0117	0.1398	1.6299	0.925	0.8889	0.4255	-0.1605	0.8906	227	229	232	2	2	0.0012	0.275	0	0.0124	0
0.0106	0.0731	1.6891	0.9001	1.0162	0.7465	0.4409	0.4983	228	230	232	2	3	0.01	0.05	0	0.01	0
0.01	0.0651	1.7436	0.9323	1.0526	0.7431	0.6054	0.2851	229	0	232	2	4	0.01	0.05	0	0.01	0
0.0137	0.0421	0.6095	0.3765	-0.0688	-0.9632	0.1973	0.1825	78	0	747	2	1	0.0055	0.1	0	0.0289	0
0.0195	0.3269	1.1986	0.0299	-0.1606	0.7171	-0.0659	0.6939	91	233	237	2	1	0.0024	0.1429	0	0.026	0
0.0148	0.0911	1.4249	-0.0092	0.0706	0.9004	-0.3444	0.2659	232	234	237	2	2	0.01	0.05	0	0.01	0
0.0124	0.0835	1.5041	-0.0504	0.0713	0.8973	-0.4356	0.0715	233	235	237	2	3	0.01	0.05	0	0.01	0
0.01	0.0521	1.551	-0.1028	0.0377	0.7362	-0.62	-0.2712	234	0	237	2	4	0.01	0.05	0	0.01	0
0.0244	0.0953	1.6915	-0.1469	-0.1711	-0.1558	0.6645	0.7308	98	237	619	2	1	0.0082	0.2083	0	0.0252	0
0.0244	0.149	1.6608	-0.0983	-0.0822	-0.2214	0.8524	0.4736	236	238	619	2	2	0.0108	0.1875	0	0.0317	0
0.0137	0.0285	1.6103	0.0151	-0.0105	-0.5779	0.7086	-0.4049	237	239	619	2	3	0.01	0.05	0	0.01	0
0.01	0.0375	1.5938	0.0353	-0.0221	-0.7618	0.4581	0.4581	238	0	619	2	4	0.01	0.05	0	0.01	0
0.0131	0.1731	1.862	-0.2076	-0.1993	0.4252	-0.4517	-0.7843	102	241	729	2	1	0.0212	0.25	0	0.0373	0
0.0143	0.0657	1.919	-0.2949	-0.3408	0.4724	-0.3644	-0.8025	240	0	729	2	2	0.0034	0.25	0	0.0166	0
0.023	0.1359	0.9028	-0.4919	-0.0174	-0.5537	0.5966	-0.5809	107	243	749	2	1	0.0066	0.4167	0	0.0238	1
0.023	0.2258	0.881	-0.4281	-0.1024	-0.0294	0.2479	-0.9683	242	244	749	2	2	0.0039	0.35	0	0.0252	1
0.023	0.0322	0.8754	-0.3826	-0.3248	-0.0234	0.3344	-0.9421	243	0	749	2	3	0.0086	0.4167	0	0.023	1
0.0446	0.8788	0.1364	-0.0163	0.2226	0.7518	-0.2972	-0.5885	113	246	52	2	1	0.0101	0.3214	1	0.0446	0
0.0414	0.3953	0.7971	-0.2775	-0.2946	0.4849	-0.6436	-0.5921	245	247	52	2	2	0.0101	0.3214	0	0.0446	0
0.0397	0.0789	0.997	-0.5248	-0.5073	0.8965	-0.3873	-0.2153	246	248	52	2	3	0.0104	0.1538	0	0.0515	0
0.029	0.1463	1.0637	-0.5564	-0.5294	0.1755	-0.9823	0.0649	247	249	52	2	4	0.0045	0.35	0	0.0319	0
0.0236	0.1039	1.1148	-0.693	-0.5286	0.1763	-0.9483	-0.2639	248	250	52	2	5	0.0035	0.25	0	0.0285	0
0.0115	0.0431	1.1506	-0.7817	-0.5478	0.5491	-0.8117	-0.1991	249	251	52	2	6	0.01	0.05	0	0.01	0
0.0089	0.1111	1.1743	-0.8167	-0.5564	0.3895	-0.4971	-0.7753	250	0	52	2	7	0.01	0.05	0	0.01	0
0.0243	0.7203	0.185	-0.0433	-0.2133	0.9738	-0.1922	-0.1219	111	253	54	2	1	0.0033	0.2813	1	0.0249	0
0.0215	0.1154	0.8864	-0.1817	-0.3012	0.1872	0.548	0.8153	252	254	54	2	2	0.0033	0.2813	0	0.0249	0
0.0186	0.123	0.9589	-0.125	-0.2054	-0.0561	-0.6393	-0.7669	253	255	54	2	3	0.0071	0.2	0	0.0245	0
0.01	0.1019	0.9631	-0.2081	-0.3011	-0.3317	-0.5968	-0.7306	254	0	54	2	4	0.01	0.05	0	0.01	0
0.0354	0.5808	0.1603	-0.0776	-0.2024	0.5781	-0.8131	0.0682	111	257	58	2	1	0.0056	0.275	1	0.0354	0
0.033	0.1496	0.4961	-0.5499	-0.1627	0.8871	-0.3251	0.3276	256	258	58	2	2	0.0056	0.275	0	0.0354	0
0.0251	0.114	0.6457	-0.5984	-0.1024	0.1539	-0.9645	-0.2146	257	259	58	2	3	0.0023	0.3333	0	0.0251	0
0.0206	0.1447	0.658	-0.7079	-0.1395	0.4505	-0.866	-0.2169	258	260	58	2	4	0.0028	0.225	0	0.0232	0
0.01	0.0697	0.7328	-0.827	-0.1458	0.6554	-0.7525	-0.0647	259	261	58	2	5	0.01	0.05	0	0.01	0
0.0074	0.087	0.7341	-0.8223	-0.1443	-0.7676	-0.5641	-0.3042	260	0	58	2	6	0.01	0.05	0	0.01	0
0.0278	0.725	-0.0807	0.1226	0.2278	-0.6463	-0.3083	-0.698	113	263	65	2	1	0.0055	0.4375	1	0.0278	0
0.0278	0.1177	-0.5492	-0.1009	-0.2782	-0.9183	-0.3848	0.0926	262	0	65	2	2	0.0055	0.4375	0	0.0278	0
0.0476	0.4621	-0.184	0.3362	0.2175	0.4233	0.3132	-0.8501	113	265	73	2	1	0.0119	0.3125	1	0.0476	0
0.0469	0.2156	0.0116	0.4809	-0.1754	0.3109	0.4265	0.8494	264	266	73	2	2	0.0119	0.3125	0	0.0476	0
0.0354	0.249	0.0516	0.5842	-0.029	0.0506	0.9638	0.2617	265	267	73	2	3	0.0058	0.4167	0	0.0354	0
0.0389	0.0617	0.0852	0.7937	0.0556	0.1901	0.6184	0.7625	266	268	73	2	4	0.0036	0.2963	0	0.0391	0
0.0354	0.0571	0.0993	0.8392	0.1004	0.9535	-0.2659	0.1421	267	0	73	2	5	0.0063	0.0694	0	0.01	0
0.0528	0.6589	0.1134	-0.0396	-0.1289	-0.8564	-0.4418	0.2674	111	270	82	2	1	0.0156	0.3818	1	0.0672	0
0.0521	0.3105	-0.4428	-0.3461	0.0386	-0.7871	-0.5599	0.2589	269	271	82	2	2	0.0264	0.4118	0	0.0672	0
0.0522	0.198	-0.6841	-0.5183	0.1407	-0.8966	-0.4136	0.1582	270	272	82	2	3	0.028	0.5294	0	0.0703	0
0.0513	0.1652	-0.8655	-0.5972	0.1668	-0.8276	-0.4238	0.368	271	273	82	2	4	0.0218	0.4183	0	0.0584	0
0.0442	0.1671	-1.0169	-0.6508	0.1973	-0.8835	-0.4222	0.2029	272	274	82	2	5	0.0069	0.55	0	0.0442	0
0.0493	0.1301	-1.1496	-0.7501	0.229	-0.886	-0.4622	0.0365	273	275	82	2	6	0.0201	0.3203	0	0.0721	0
0.0503	0.1209	-1.2533	-0.8122	0.2486	-0.5589	-0.7583	0.3357	274	276	82	2	7	0.0174	0.4271	0	0.0557	0
0.0435	0.1568	-1.3091	-0.8709	0.2627	-0.9183	0.3887	0.0745	275	277	82	2	8	0.0067	0.2667	0	0.0451	0
0.049	0.0726	-1.4872	-0.8622	0.2884	-0.8439	0.496	-0.2046	276	278	82	2	9	0.0065	0.4722	0	0.0531	0
0.0527	0.1038	-1.5484	-0.8292	0.278	-0.9713	-0.2027	-0.1242	277	279	82	2	10	0.0207	0.5784	0	0.0593	0
0.0501	0.1368	-1.6484	-0.8501	0.2551	-0.8463	-0.5262	-0.0827	278	280	82	2	11	0.0217	0.4688	0	0.0582	0
0.0493	0.1284	-1.7534	-0.922	0.2939	-0.8242	-0.5374	0.1783	279	281	82	2	12	0.0197	0.5179	0	0.0564	0
0.0433	0.1117	-1.8886	-0.9742	0.2967	-0.6578	-0.5936	0.4636	280	282	82	2	13	0.0051	0.575	0	0.0453	0
0.0369	0.0868	-1.9493	-1.0534	0.3407	-0.626	-0.7491	0.217	281	283	82	2	14	0.0057	0.5417	0	0.0381	0
0.026	0.0926	-2.0039	-1.1222	0.3525	-0.7146	-0.6071	0.3474	282	284	82	2	15	0.0033	0.5	0	0.026	0
0.026	0.1032	-2.076	-1.1772	0.3801	-0.578	-0.5596	0.594	283	285	82	2	16	0.0035	0.25	0	0.0229	0
0.026	0.0518	-2.1307	-1.2413	0.4405	-0.5624	-0.5203	0.6427	284	0	82	2	17	0.0073	0.2917	0	0.0216	0
0.0356	0.4791	0.1035	-0.1023	0.2514	-0.9755	0.2165	0.039	112	0	87	2	1	0.0106	0.1618	0	0.0356	0
0.01	0.3437	0.0007	0.0096	0.2615	-0.7243	-0.6771	-0.1302	113	288	88	2	1	0.01	0.05	1	0.01	0
0.01	0.1158	-0.2482	-0.2231	0.2167	-0.0943	0.0676	0.9933	287	0	88	2	2	0.01	0.05	0	0.01	0
0.0268	0.1364	0.3884	0.104	0.1469	0.8389	0.4228	0.3427	111	290	96	2	1	0.0037	0.4167	0	0.0268	0
0.0364	0.1818	0.5004	0.1924	0.2035	0.9043	-0.064	0.4221	289	291	96	2	2	0.0042	0.3016	0	0.0399	0
0.0291	0.083	0.6389	0.1845	0.304	0.6277	0.4903	0.6047	290	292	96	2	3	0.0034	0.4583	0	0.0291	0
0.0336	0.0373	0.691	0.2351	0.3452	0.5362	0.5677	0.6246	291	293	96	2	4	0.014	0.2639	0	0.0361	0
0.0268	0.2723	0.6974	0.2604	0.3616	0.4934	0.657	-0.57	292	0	96	2	5	0.0064	0.0353	0	0.0214	0
0.0302	0.2696	-0.2971	0.4905	0.2375	0.8061	0.4043	-0.432	113	295	100	2	1	0.0123	0.3	1	0.032	0
0.0266	0.1423	-0.0859	0.5914	0.1258	0.8067	-0.3089	0.5038	294	296	100	2	2	0.0124	0.2	0	0.032	0
0.0158	0.0352	0.0203	0.5628	0.1831	0.5403	0.7158	0.4425	295	297	100	2	3	0.01	0.16	0	0.01	0
0.01	0.0449	0.0381	0.5856	0.1985	0.854	-0.4031	-0.3291	296	0	100	2	4	0.01	0.05	0	0.01	0
0.0524	0.65	-0.7591	0.7992	0.3918	-0.2413	0.9276	-0.2853	115	299	104	2	1	0.0449	0.2424	1	0.0666	1
0.0522	0.0777	-0.9317	1.3958	0.1872	-0.6835	0.6389	0.3532	298	300	104	2	2	0.0224	0.5882	0	0.0666	1
0.0512	0.2174	-0.9864	1.4439	0.2141	-0.6915	0.7187	-0.0727	299	301	104	2	3	0.0228	0.4932	0	0.0606	1
0.0476	0.1224	-1.1539	1.5737	0.2362	-0.7096	0.6865	0.1587	300	302	104	2	4	0.0063	0.725	0	0.0476	1
0.0486	0.0963	-1.2262	1.683	0.2393	-0.7833	0.5862	0.2069	301	303	104	2	5	0.0073	0.7273	0	0.0486	1
0.0431	0.0901	-1.3023	1.7693	0.2527	-0.6193	0.1517	0.7704	302	304	104	2	6	0.0055	0.375	0	0.0434	1
0.0436	0.2801	-1.3918	1.8013	0.3251	-0.2353	-0.5602	0.7942	303	305	104	2	7	0.0158	0.1684	0	0.0549	1
0.0337	0.1172	-1.4289	1.6129	0.5467	-0.3053	-0.3011	0.9034	304	306	104	2	8	0.0049	0.5313	0	0.0337	1
0.0256	0.0863	-1.4661	1.5761	0.6519	-0.577	0.1386	0.8049	305	307	104	2	9	0.0035	0.4583	0	0.0256	1
0.0256	0.1301	-1.5173	1.5631	0.7347	-0.8889	0.2538	0.3813	306	308	104	2	10	0.0139	0.3667	0	0.0242	1
0.0274	0.0534	-1.6269	1.6007	0.7889	-0.3795	-0.3619	0.8515	307	309	104	2	11	0.0043	0.2917	0	0.0274	1
0.0256	0.0775	-1.6547	1.5738	0.8197	-0.8718	0.4366	0.2221	308	310	104	2	12	0.0028	0.25	0	0.0216	1
0.0256	0.0657	-1.7045	1.6198	0.8601	-0.8243	0.34	0.4526	309	311	104	2	13	0.0049	0.2	0	0.01	1
0.0256	0.0726	-1.773	1.62	0.8678	-0.8617	0.058	0.5041	310	0	104	2	14	0.0068	0.12	0	0.01	1
0.0245	0.4452	-0.3841	0.4337	0.248	-0.6174	-0.7462	-0.249	113	313	105	2	1	0.0035	0.1875	1	0.0245	0
0.0245	0.1166	-0.659	0.1014	0.1372	-0.3524	-0.5525	-0.7553	312	0	105	2	2	0.0035	0.1875	0	0.0245	0
0.0425	0.6384	0.231	-0.1297	0.194	0.9231	-0.1337	0.3607	112	315	108	2	1	0.0048	0.6111	0	0.0425	0
0.0425	0.0945	0.8414	-0.2105	0.4115	0.502	-0.6118	0.6113	314	0	108	2	2	0.0089	0.3214	0	0.0216	0
0.0511	1.0803	-0.4909	0.6583	0.1983	0.9809	-0.1878	-0.0509	114	317	750	2	1	0.0211	0.2618	1	0.081	1
0.0493	1.1879	0.5612	0.4554	0.1401	-0.1517	-0.9188	0.3643	316	318	750	2	2	0.0386	0.2958	0	0.081	1
0.05	0.0128	0.4245	-0.7172	0.5526	0.2512	-0.1063	0.9621	317	319	750	2	3	0.0263	0.0361	0	0.0754	1
0.0466	0.6613	0.4174	-0.7148	0.5383	0.2955	-0.9232	-0.2459	318	320	750	2	4	0.0304	0.4929	0	0.0713	1
0.0484	0.1247	0.5832	-1.3321	0.3973	0.0377	-0.9668	-0.2528	319	321	750	2	5	0.0234	0.6696	0	0.0615	1
0.0523	0.1443	0.5923	-1.4506	0.3637	0.2317	-0.8941	-0.3832	320	322	750	2	6	0.0085	0.8167	0	0.0559	1
0.0509	0.1046	0.6273	-1.5816	0.3293	0.4265	-0.897	-0.1161	321	323	750	2	7	0.0216	0.6078	0	0.0612	1
0.0498	0.1344	0.6658	-1.6821	0.3259	0.324	-0.8484	-0.4186	322	324	750	2	8	0.024	0.6016	0	0.062	1
0.0446	0.1382	0.7552	-1.7915	0.292	0.2803	-0.876	-0.3926	323	325	750	2	9	0.007	0.5091	0	0.049	1
0.0371	0.141	0.7761	-1.9328	0.256	0.819	-0.5378	0.2	324	326	750	2	10	0.007	0.4	0	0.0413	1
0.0326	0.0968	0.8438	-2.0567	0.3055	0.4487	-0.6954	-0.5613	325	327	750	2	11	0.0044	0.5833	0	0.033	1
0.0361	0.0632	0.8862	-2.134	0.2649	-0.6074	-0.6227	-0.4933	326	328	750	2	12	0.0044	0.5417	0	0.038	1
0.0304	0.1895	0.8413	-2.1752	0.2211	0.4532	-0.8849	-0.1073	327	329	750	2	13	0.0046	0.5357	0	0.031	1
0.0328	0.0614	0.9264	-2.3444	0.2088	0.2737	-0.9475	-0.165	328	330	750	2	14	0.0031	0.5	0	0.0351	1
0.0269	0.0708	0.9468	-2.4001	0.1972	0.4473	-0.8217	-0.3533	329	331	750	2	15	0.0036	0.4167	0	0.0269	1
0.0269	0.0852	0.9729	-2.4595	0.1775	-0.0487	-0.9593	-0.2781	330	332	750	2	16	0.0069	0.2	0	0.0186	1
0.0269	0.0885	0.991	-2.5358	0.1622	0.3253	-0.9036	-0.2788	331	333	750	2	17	0.0041	0.0833	0	0.01	1
0.0269	0.0631	1.0214	-2.6154	0.1442	0.469	-0.8817	-0.0509	332	0	750	2	18	0.0068	0.15	0	0.01	1
0.0459	0.826	0.0777	0.0001	-0.2134	-0.8363	0.5351	-0.1197	111	335	288	2	1	0.0103	0.2857	1	0.0463	0
0.0446	0.1872	-0.613	0.4421	-0.3123	-0.8016	-0.2682	0.5343	334	336	288	2	2	0.0103	0.2857	0	0.0463	0
0.0487	0.0849	-0.7726	0.3845	-0.2277	-0.6684	0.7414	0.0595	335	337	288	2	3	0.0179	0.35	0	0.0539	0
0.0403	0.1232	-0.837	0.4387	-0.2424	-0.4162	0.881	-0.2249	336	338	288	2	4	0.0045	0.4167	0	0.0403	0
0.0308	0.129	-0.8904	0.5355	-0.2632	-0.7626	0.4229	0.4894	337	339	288	2	5	0.0045	0.325	0	0.0306	0
0.0302	0.0835	-0.9956	0.5941	-0.1966	0.2056	-0.4193	0.8843	338	340	288	2	6	0.0084	0.3	0	0.0245	0
0.0298	0.0669	-0.9845	0.5448	-0.1152	-0.2796	0.5356	0.7969	339	341	288	2	7	0.0067	0.325	0	0.0246	0
0.0293	0.077	-1.0052	0.5931	-0.0602	-0.9337	-0.1926	0.3018	340	342	288	2	8	0.0034	0.375	0	0.0251	0
0.0396	0.1661	-1.1441	0.5889	-0.0222	-0.0251	0.7558	-0.6543	341	343	288	2	9	0.0055	0.3889	0	0.0411	0
0.0397	0.0764	-1.1767	0.711	-0.1166	-0.3456	0.8006	-0.4895	342	344	288	2	10	0.0046	0.5556	0	0.0406	0
0.0366	0.0681	-1.2021	0.7732	-0.1455	-0.7208	0.6932	-0.0039	343	345	288	2	11	0.0035	0.5417	0	0.0369	0
0.0409	0.083	-1.2537	0.8114	-0.1426	-0.8818	0.3555	0.3099	344	346	288	2	12	0.0037	0.5	0	0.0433	0
0.0391	0.0779	-1.3276	0.84	-0.1176	-0.8503	0.1917	0.4901	345	347	288	2	13	0.0037	0.3667	0	0.044	0
0.0246	0.0816	-1.3826	0.866	-0.0538	-0.8878	0.4087	0.2117	346	348	288	2	14	0.0023	0.2917	0	0.023	0
0.0246	0.2372	-1.4679	0.8797	-0.02	-0.8011	0.5936	0.0763	347	349	288	2	15	0.007	0.1667	0	0.0188	0
0.0246	0.1381	-1.679	1.006	-0.0115	-0.5467	0.8345	-0.0683	348	350	288	2	16	0.008	0.075	0	0.01	0
0.0246	0.1217	-1.7356	1.1248	-0.0075	-0.1352	0.9885	-0.068	349	0	288	2	17	0.0062	0.15	0	0.023	0
0.0523	0.1737	-0.3532	0.5568	0.2445	0.7902	0.5352	-0.2985	113	352	297	2	1	0.0262	0.3249	1	0.0774	0
0.0518	0.6209	-0.2125	0.6489	0.1956	-0.4209	0.6458	0.637	351	353	297	2	2	0.0402	0.4651	0	0.0774	0
0.0594	0.0843	-0.5152	1.0996	0.571	-0.2392	0.1876	0.9527	352	354	297	2	3	0.0078	0.7308	0	0.0594	0
0.052	0.1053	-0.521	1.1217	0.6758	-0.532	0.8413	0.0958	353	355	297	2	4	0.0233	0.5882	0	0.0665	0
0.0511	0.1692	-0.5809	1.2529	0.6872	0.0131	-0.0291	0.9995	354	356	297	2	5	0.0221	0.5294	0	0.0585	0
0.0537	0.1541	-0.5528	1.2692	0.8437	-0.33	0.744	0.581	355	357	297	2	6	0.0075	0.7361	0	0.0537	0
0.0504	0.1104	-0.6146	1.4277	0.9241	0.2351	0.2543	0.9381	356	358	297	2	7	0.0207	0.4766	0	0.0568	0
0.0498	0.1006	-0.5919	1.5066	1.0217	0.1174	0.1248	0.9852	357	359	297	2	8	0.0071	0.5417	0	0.0545	0
0.045	0.1148	-0.6153	1.5672	1.0836	0.026	0.6236	0.7813	358	360	297	2	9	0.0069	0.6	0	0.0459	0
0.0447	0.0941	-0.6117	1.6329	1.1888	0.0873	0.932	0.3517	359	361	297	2	10	0.0062	0.625	0	0.0455	0
0.0364	0.1065	-0.588	1.711	1.2199	0.1013	-0.0424	0.994	360	362	297	2	11	0.005	0.5	0	0.0364	0
0.0364	0.0643	-0.5891	1.713	1.32	-0.0224	0.644	0.7647	361	363	297	2	12	0.0083	0.1875	0	0.0219	0
0.0364	0.0853	-0.6207	1.7248	1.3968	0.0167	0.6739	0.7387	362	0	297	2	13	0.0051	0.1333	0	0.01	1
0.028	0.5909	-0.54	0.5745	0.1368	-0.7616	0.5002	-0.4121	114	365	300	2	1	0.0024	0.1875	0	0.0258	1
0.0216	0.0879	-0.9881	0.8539	-0.0851	-0.6353	0.5906	0.4976	364	366	300	2	2	0.01	0.05	0	0.01	1
0.0279	0.0228	-1.046	0.9085	-0.1032	-0.8861	0.4608	0.0499	365	367	300	2	3	0.0021	0.2813	0	0.0317	1
0.024	0.1381	-1.0634	0.925	-0.1065	-0.7774	0.5692	0.2676	366	368	300	2	4	0.0027	0.1875	0	0.0329	1
0.0124	0.0021	-1.1391	1.0141	-0.0736	-0.1406	0.6947	0.7055	367	369	300	2	5	0.01	0.05	0	0.01	1
0.01	0.0977	-1.1394	1.0156	-0.0721	-0.74	0.075	0.6684	368	370	300	2	6	0.01	0.05	0	0.01	1
0.007	0.0714	-1.2117	1.023	-0.0068	-0.9234	0.3806	-0.0493	369	0	300	2	7	0.01	0.05	0	0.01	1
0.0442	0.0751	-0.886	0.9352	0.3488	-0.5349	0.8327	0.1434	116	372	308	2	1	0.0052	0.3333	0	0.0471	1
0.0325	0.0736	-0.9652	0.987	0.2978	-0.5802	0.7815	0.2294	371	373	308	2	2	0.0042	0.2188	0	0.0357	1
0.0498	0.1558	-1.0264	1.0724	0.3224	-0.781	-0.3783	-0.4969	372	374	308	2	3	0.0075	0.0859	0	0.0567	1
0.01	0.0582	-1.1398	0.9753	0.265	-0.9795	-0.1998	0.025	373	0	308	2	4	0.01	0.05	0	0.01	1
0.0337	0.1397	-1.3353	1.1268	0.5402	-0.3188	-0.9359	0.1498	119	376	526	2	1	0.0066	0.3929	1	0.0355	1
0.0323	0.1844	-1.3799	0.9961	0.5611	-0.1782	0.7145	0.6765	375	377	526	2	2	0.0066	0.3929	0	0.0355	1
0.0279	0.0949	-1.4113	1.1208	0.6894	-0.8813	0.0537	0.4694	376	378	526	2	3	0.0042	0.375	0	0.0303	1
0.0219	0.1465	-1.5011	1.1422	0.7329	-0.9322	-0.3572	-0.0576	377	0	526	2	4	0.0077	0.3	0	0.0219	1
0.0101	0.2764	-1.348	1.1846	0.4827	-0.6805	-0.3319	-0.6533	119	0	527	2	1	0.0217	0.1357	0	0.0424	1
0.0212	0.1161	-1.3821	1.2291	0.4826	-0.364	0.8197	-0.4422	120	0	529	2	1	0.0064	0.3125	0	0.0212	1
0.0215	0.1974	-1.6884	1.4197	0.5997	0.2897	0.0878	0.9531	123	382	533	2	1	0.0072	0.2917	1	0.0215	1
0.0215	0.0864	-1.6312	1.437	0.7878	0.4145	0.4468	-0.7928	381	0	533	2	2	0.0072	0.2917	0	0.0215	1
0.0124	0.3388	-1.5424	1.3229	0.5232	-0.3851	0.7636	0.5183	122	0	534	2	1	0.0319	0.1235	0	0.0513	1
0.016	0.0868	1.1715	-0.4785	-0.8253	-0.5033	-0.7586	0.4138	0	0	752	0	1	0.0176	0.22	0	0.0337	0
0.0227	0.0653	1.7868	-1.1473	-0.944	-0.3283	0.5434	-0.7726	157	386	440	3	1	0.0054	0.4167	1	0.0227	0
0.0227	0.1028	1.7654	-1.1118	-0.9945	-0.1561	0.9355	-0.3168	385	0	440	3	2	0.0054	0.4167	0	0.0227	0
0.0381	0.2181	1.0135	0.3656	0.0436	0.7375	-0.0637	0.6723	182	388	449	3	1	0.0046	0.0606	0	0.0443	0
0.0247	0.1115	1.1651	0.3003	0.1704	0.983	-0.1827	0.0149	387	389	449	3	2	0.0041	0.25	0	0.029	0
0.0157	0.0822	1.2744	0.2716	0.1761	0.9799	0.0521	0.1924	388	390	449	3	3	0.0109	0.1286	0	0.01	0
0.01	0.0633	1.3508	0.2774	0.1945	0.5911	0.3463	0.7285	389	0	449	3	4	0.01	0.05	0	0.01	0
0.0119	0.0601	0.8108	0.3896	0.4164	-0.4122	0.2106	-0.8864	192	392	613	3	1	0.0065	0.18	0	0.0242	1
0.0093	0.0711	0.8149	0.3794	0.3373	-0.7671	-0.3919	-0.508	391	393	613	3	2	0.0146	0.25	0	0.0271	1
0.0093	0.0539	0.7565	0.3647	0.3138	-0.9628	-0.0191	-0.2694	392	0	613	3	3	0.01	0.05	0	0.01	1
0.0082	0.1762	1.2699	0.7456	0.2332	0.6501	0.7596	0.0189	197	0	453	3	1	0.0052	0.25	0	0.0231	0
0.0333	0.1161	1.4989	0.9402	0.1606	0.1342	0.2468	-0.9597	203	396	725	3	1	0.008	0.275	0	0.0338	0
0.0333	0.0873	1.5155	0.9693	0.0511	0.8146	0.3003	-0.4963	395	397	725	3	2	0.0027	0.4167	0	0.0333	0
0.0333	0.1088	1.5767	0.9964	0.0312	0.8279	0.4496	0.3355	396	398	725	3	3	0.0086	0.2424	0	0.0265	0
0.0333	0.1287	1.6708	1.0546	0.0614	0.7194	0.1469	0.6789	397	399	725	3	4	0.009	0.1429	0	0.0222	0
0.0333	0.143	1.7722	1.0531	0.1557	0.3367	0.4283	0.8386	398	400	725	3	5	0.0059	0.0833	0	0.0224	0
0.0333	0.0935	1.8003	1.129	0.2743	0.1731	0.3144	0.9334	399	401	725	3	6	0.01	0.05	0	0.01	0
0.0333	0.058	1.7924	1.2009	0.2851	0.1376	0.8839	0.4471	400	0	725	3	7	0.0097	0.1364	0	0.01	0
0.0198	0.1428	1.4615	0.8077	0.132	-0.5658	-0.5522	-0.6123	204	403	727	3	1	0.0045	0.4167	0	0.0187	0
0.0223	0.0695	1.3911	0.7261	0.0438	-0.1872	-0.8288	0.5272	402	404	727	3	2	0.0035	0.2917	0	0.0254	0
0.0187	0.05	1.3767	0.6674	0.0851	0.9124	0.2434	0.3289	403	0	727	3	3	0.006	0.12	0	0.01	0
0.0351	0.0791	1.551	0.8778	0.838	0.7989	0.4919	-0.3462	0	406	758	0	1	0.0096	0.4583	0	0.0351	0
0.0351	0.1087	1.585	0.9189	0.8032	-0.2535	-0.0952	0.9626	405	0	758	0	2	0.0098	0.0833	0	0.0218	0
0.029	0.0771	0.8812	-0.3732	-0.2258	0.7628	-0.6464	0.0148	243	408	241	3	1	0.0044	0.375	0	0.0269	1
0.029	0.0456	0.95	-0.4305	-0.2285	-0.093	-0.5529	0.828	407	0	241	3	2	0.0074	0.4167	0	0.029	1
0.0276	0.0827	1.0587	-0.6278	-0.5305	0.7316	0.1827	-0.6568	248	410	245	3	1	0.0072	0.16	0	0.037	0
0.0276	0.1061	1.1436	-0.6229	-0.5812	0.3824	0.9228	0.0476	409	411	245	3	2	0.0079	0.1667	0	0.0491	0
0.0276	0.017	1.2032	-0.5374	-0.536	-0.8671	0.1766	0.4657	410	412	245	3	3	0.0107	0.15	0	0.01	0
0.0276	0.1199	1.1844	-0.5175	-0.5644	0.233	-0.8716	-0.4312	411	0	245	3	4	0.0081	0.1	0	0.01	0
0.0363	0.0646	1.2094	-0.8623	-0.6412	-0.6466	0.7517	-0.1297	251	414	763	3	1	0.0035	0.375	1	0.0267	0
0.0363	0.087	1.1539	-0.8169	-0.6568	-0.2401	0.9704	0.0254	413	415	763	3	2	0.0068	0.2167	0	0.0267	0
0.0363	0.0882	1.1507	-0.7157	-0.6656	-0.1655	0.6546	0.7377	414	0	763	3	3	0.0045	0.4583	0	0.0363	0
0.011	0.166	0.1099	0.871	0.0889	0.2445	-0.9415	0.2319	268	417	765	3	1	0.0192	0.2	0	0.0308	0
0.0161	0.0542	0.1522	0.7125	0.0992	-0.0261	-0.9969	0.0737	416	418	765	3	2	0.0027	0.2917	0	0.0197	0
0.0126	0.086	0.1546	0.6536	0.1099	0.4307	-0.5936	-0.6798	417	0	765	3	3	0.0061	0.1875	0	0.0171	0
0.0279	0.1392	-0.9196	-0.6054	0.2393	0.5627	0.613	0.5546	272	420	255	3	1	0.0069	0.2917	1	0.0259	0
0.0272	0.067	-0.8413	-0.5201	0.3165	-0.925	-0.0903	-0.3691	419	421	255	3	2	0.0069	0.2917	0	0.0259	0
0.0315	0.1396	-0.9171	-0.5246	0.2791	-0.4181	0.7256	0.5465	420	422	255	3	3	0.0103	0.2375	0	0.0366	0
0.0267	0.1369	-0.9742	-0.4279	0.3508	-0.9219	-0.374	0.1011	421	0	255	3	4	0.0098	0.2593	0	0.0281	0
0.011	0.1742	-2.0911	-1.221	0.4191	0.9919	-0.0923	0.0876	284	424	258	3	1	0.0205	0.1778	0	0.0338	0
0.0108	0.0034	-1.9305	-1.2515	0.4242	0.8135	-0.3704	-0.4484	423	0	258	3	2	0.0085	0.3056	0	0.041	0
0.0569	0.0912	-1.1404	-0.7288	0.2691	-0.1404	-0.4409	0.8865	273	426	766	3	1	0.0142	0.2154	1	0.0604	0
0.0569	0.4331	-1.1532	-0.769	0.3499	0.151	0.8688	-0.4717	425	427	766	3	2	0.0142	0.2154	0	0.0604	0
0.0569	0.0641	-1.1297	-0.4052	0.1691	-0.5304	0.2562	-0.8081	426	428	766	3	3	0.0239	0.3636	0	0.0537	0
0.0569	0.3414	-1.1335	-0.4041	0.139	-0.6273	-0.1589	0.7624	427	429	766	3	4	0.0125	0.0784	0	0.0668	0
0.0569	0.197	-1.3823	-0.3966	0.4589	-0.5144	0.4286	-0.7428	428	430	766	3	5	0.0185	0.2167	0	0.0407	0
0.0569	0.1478	-1.4896	-0.3508	0.3537	-0.3483	0.7082	0.6142	429	431	766	3	6	0.0075	0.4167	0	0.0569	0
0.042	0.1446	-1.5137	-0.2175	0.4085	-0.3335	0.8442	0.4198	430	432	766	3	7	0.0304	0.7143	0	0.0635	0
0.0569	0.105	-1.6567	-0.1623	0.4682	-0.4983	0.6977	0.5148	431	433	766	3	8	0.0084	0.4808	0	0.0608	0
0.0569	0.1074	-1.7077	-0.0555	0.4929	-0.9527	0.2199	0.2098	432	434	766	3	9	0.0069	0.35	0	0.0528	0
0.0569	0.0506	-1.8157	-0.0464	0.5308	-0.9659	0.1547	-0.2078	433	435	766	3	10	0.0136	0.1111	0	0.049	0
0.0569	0.2398	-1.8	0.1106	0.5268	-0.8608	0.3871	-0.3304	434	436	766	3	11	0.0119	0.0648	0	0.0374	0
0.0569	0.0443	-2.0687	0.1429	0.4596	-0.557	0.4327	-0.7089	435	437	766	3	12	0.0084	0.0556	0	0.01	0
0.0569	0.1356	-2.0295	0.2194	0.3938	-0.5697	0.7833	0.2487	436	438	766	3	13	0.0111	0.0432	0	0.01	0
0.0569	0.065	-2.1679	0.3409	0.4697	0.567	0.5326	0.6284	437	0	766	3	14	0.0026	0.037	0	0.01	0
0.045	0.2645	-1.2139	-0.8317	0.2573	-0.5972	-0.7576	0.2632	274	440	465	3	1	0.0038	0.2167	1	0.0476	0
0.0439	0.1595	-1.3719	-1.0321	0.3269	-0.9977	-0.0293	-0.0613	439	441	465	3	2	0.0038	0.2167	0	0.0476	0
0.0367	0.1047	-1.5545	-1.0429	0.2754	-0.8647	-0.0669	0.4979	440	442	465	3	3	0.005	0.4688	0	0.0367	0
0.0351	0.1097	-1.6456	-1.0521	0.3129	-0.8325	-0.5427	0.1115	441	443	465	3	4	0.0044	0.5	0	0.0351	0
0.0377	0.0071	-1.7364	-1.1096	0.3121	-0.5279	-0.8356	-0.1519	442	444	465	3	5	0.0167	0.3407	0	0.0383	0
0.0277	0.1087	-1.7536	-1.1072	0.318	-0.4449	-0.8748	0.1918	443	445	465	3	6	0.0042	0.4063	0	0.0277	0
0.0277	0.0506	-1.7802	-1.2009	0.3601	-0.1682	-0.9583	0.231	444	446	465	3	7	0.001	0.0375	0	0.0206	0
0.0277	0.0474	-1.8162	-1.2434	0.3903	-0.204	-0.9788	0.0207	445	0	465	3	8	0.0074	0.175	0	0.01	0
0.01	0.1663	-1.5316	-0.7813	0.285	0.5087	0.8165	0.2731	277	448	466	3	1	0.01	0.05	1	0.01	0
0.01	0.1033	-1.447	-0.6455	0.3304	0.6416	0.1757	-0.7466	447	0	466	3	2	0.01	0.05	0	0.01	0
0.0266	0.113	-1.3705	-0.846	0.3112	-0.7477	0.3028	0.591	276	450	468	3	1	0.0077	0.375	1	0.0318	0
0.0266	0.1366	-1.4566	-0.8113	0.3792	-0.0751	0.871	-0.4855	449	451	468	3	2	0.0089	0.2286	0	0.0318	0
0.0266	0.0115	-1.4699	-0.692	0.3148	-0.3523	0.6649	-0.6586	450	0	468	3	3	0.0071	0.4167	0	0.0266	0
0.0066	0.3275	-0.3666	-0.0046	0.2351	-0.5633	-0.8233	-0.0702	286	453	767	3	1	0.0738	0.2238	0	0.0869	1
0.0069	0.0519	-0.5335	-0.2693	0.2089	0.1847	-0.908	-0.376	452	0	767	3	2	0.01	0.05	0	0.01	1
0.0161	0.2945	-0.7602	0.9444	0.39	-0.2019	0.9376	0.2832	298	455	312	3	1	0.0216	0.18	1	0.0406	1
0.0161	0.1182	-0.8607	1.1974	0.4882	-0.5072	0.8596	-0.0625	454	456	312	3	2	0.0137	0.25	0	0.0406	1
0.0242	0.0675	-0.932	1.3022	0.4738	-0.317	0.5557	0.7686	455	0	312	3	3	0.0091	0.2	0	0.0331	1
0.0244	0.3247	-0.7838	1.0515	0.3529	0.2497	0.9655	-0.0736	298	458	313	3	1	0.0069	0.4375	0	0.0244	1
0.0278	0.1189	-0.7292	1.3624	0.3387	-0.2894	0.7589	-0.5834	457	459	313	3	2	0.0043	0.5	0	0.0278	1
0.0249	0.0863	-0.7854	1.4601	0.2591	-0.2624	0.4197	0.8689	458	460	313	3	3	0.0033	0.4167	0	0.0249	1
0.0244	0.0875	-0.8137	1.497	0.3292	-0.5538	0.4661	0.69	459	461	313	3	4	0.0025	0.3333	0	0.0227	1
0.0283	0.1197	-0.87	1.5333	0.3928	0.2371	0.2767	0.9313	460	462	313	3	5	0.003	0.25	0	0.0295	1
0.0307	0.1431	-0.8401	1.5738	0.5035	-0.0178	0.1159	0.9931	461	463	313	3	6	0.0028	0.1286	0	0.0382	1
0.0244	0.0513	-0.8546	1.5925	0.6295	-0.1878	0.9456	0.2656	462	464	313	3	7	0.003	0.1	0	0.01	1
0.0244	0.1227	-0.8873	1.6319	0.6471	-0.3079	0.3948	-0.8657	463	465	313	3	8	0.0058	0.0625	0	0.01	1
0.0244	0.0581	-0.9207	1.704	0.5334	-0.9665	0.2224	0.1283	464	0	313	3	9	0.0021	0.075	0	0.01	1
0.0273	0.3163	-1.1014	1.5004	0.2323	0.1081	-0.9122	0.3953	300	467	316	3	1	0.0109	0.175	1	0.0291	1
0.021	0.2397	-1.067	1.2002	0.3414	-0.6142	0.6335	-0.4706	466	468	316	3	2	0.0118	0.0917	0	0.0291	1
0.01	0.0095	-1.211	1.3606	0.2481	-0.6223	0.7497	-0.2251	467	0	316	3	3	0.01	0.05	0	0.01	1
0.0302	0.259	-1.1119	1.5883	0.2507	0.446	0.1008	0.8893	300	470	320	3	1	0.0081	0.3929	0	0.0302	1
0.0269	0.0821	-1.014	1.6132	0.4845	0.1868	0.082	0.979	469	471	320	3	2	0.0026	0.2917	0	0.0269	1
0.0249	0.153	-1.0442	1.6435	0.529	-0.3743	0.4825	0.7919	470	472	320	3	3	0.0171	0.1364	0	0.0295	1
0.0119	0.1034	-1.1079	1.7178	0.5929	-0.8011	0.5909	0.0952	471	473	320	3	4	0.01	0.05	0	0.01	1
0.01	0.0879	-1.1137	1.7277	0.6715	-0.4557	0.3898	0.8002	472	474	320	3	5	0.01	0.05	0	0.01	1
0.0053	0.0548	-1.105	1.7837	0.7252	-0.0378	0.6611	0.7493	473	0	320	3	6	0.01	0.05	0	0.01	1
0.0185	0.299	-1.4325	1.6281	0.6016	-0.3678	0.7202	-0.5883	305	0	326	3	1	0.007	0.2292	0	0.0185	1
0.0367	0.3332	-0.1161	0.5367	0.1932	0.0503	-0.9613	0.2709	316	477	112	3	1	0.0087	0.3056	1	0.0367	1
0.0367	0.2548	-0.0994	0.2165	0.2834	-0.2028	0.7638	0.6128	476	478	112	3	2	0.0087	0.3056	0	0.0367	1
0.0429	0.126	-0.1302	0.3941	0.4305	0.6133	0.3823	0.6912	477	479	112	3	3	0.0067	0.4444	0	0.0429	1
0.0484	0.1359	-0.0472	0.4512	0.5241	0.8874	-0.3703	-0.2746	478	480	112	3	4	0.0077	0.5152	0	0.0525	1
0.0484	0.1466	0.0752	0.4364	0.4962	0.9873	-0.0868	0.1332	479	481	112	3	5	0.0297	0.5764	0	0.0739	1
0.0483	0.1113	0.2254	0.4449	0.539	0.5976	0.5181	-0.6119	480	482	112	3	6	0.0196	0.4531	0	0.0586	1
0.0516	0.1449	0.3273	0.4996	0.4454	0.3382	0.866	0.3682	481	483	112	3	7	0.0086	0.8333	0	0.0516	1
0.0481	0.1297	0.3989	0.5847	0.5731	0.0824	0.8861	0.4561	482	484	112	3	8	0.0228	0.5417	0	0.0596	1
0.0472	0.0679	0.4622	0.7373	0.648	-0.2684	-0.0272	0.9629	483	485	112	3	9	0.0169	0.4762	0	0.0717	1
0.0349	0.1527	0.5028	0.7744	0.6808	0.2283	0.4	0.8876	484	486	112	3	10	0.0056	0.5208	0	0.0349	1
0.0346	0.2235	0.5544	0.817	0.8297	0.2842	0.7171	0.6364	485	487	112	3	11	0.0065	0.4844	0	0.0346	1
0.0359	0.018	0.6236	0.9893	0.964	0.2017	0.4709	0.8588	486	488	112	3	12	0.0163	0.5128	0	0.0359	1
0.0466	0.1081	0.6229	0.9993	0.9819	0.5514	0.5262	0.6474	487	489	112	3	13	0.0159	0.3667	0	0.0531	1
0.0439	0.1446	0.6884	1.0727	1.048	0.8402	-0.1816	0.5109	488	490	112	3	14	0.0061	0.4	0	0.0452	1
0.0341	0.1784	0.8088	1.0658	1.1119	0.5917	0.3939	0.7034	489	491	112	3	15	0.004	0.4167	0	0.0341	1
0.0351	0.0913	0.9035	1.1359	1.2446	0.4619	0.5331	0.7088	490	492	112	3	16	0.0058	0.5417	0	0.0351	1
0.0364	0.1496	0.9544	1.152	1.3223	0.4988	0.4318	0.7515	491	493	112	3	17	0.0045	0.225	0	0.0364	1
0.0374	0.1448	1.0703	1.1685	1.4341	0.7168	0.6103	0.3373	492	494	112	3	18	0.0019	0.2	0	0.0374	1
0.0341	0.0787	1.1397	1.3053	1.4771	0.795	0.5852	0.1599	493	495	112	3	19	0.0052	0.2045	0	0.0251	1
0.0341	0.1279	1.2059	1.3434	1.5073	0.7431	0.655	0.1371	494	496	112	3	20	0.0077	0.0303	0	0.0227	1
0.0341	0.0716	1.3296	1.3779	1.5201	0.7171	0.3586	0.5976	495	497	112	3	21	0.0024	0.1136	0	0.01	1
0.0341	0.1637	1.3287	1.4594	1.5586	0.4736	0.4992	0.7256	496	498	112	3	22	0.0223	0.0606	0	0.0133	1
0.0341	0.0993	1.3992	1.527	1.6337	0.5711	0.7498	-0.3342	497	0	112	3	23	0.0092	0.0707	0	0.01	1
0.0477	0.0572	0.4214	0.4872	0.2021	-0.3596	0.1318	0.9238	316	500	117	3	1	0.0079	0.2733	1	0.0713	1
0.0475	0.2791	0.4068	0.5073	0.278	-0.7558	-0.4725	0.4533	499	501	117	3	2	0.0164	0.2619	0	0.0713	1
0.0414	0.4182	0.183	0.3193	0.3543	-0.7382	-0.3479	0.578	500	502	117	3	3	0.0062	0.2937	0	0.0414	1
0.038	0.1105	-0.1301	0.159	0.5865	-0.73	-0.2042	0.6523	501	503	117	3	4	0.0051	0.5313	0	0.038	1
0.0323	0.0692	-0.2111	0.1311	0.6524	-0.7607	-0.4748	0.4426	502	504	117	3	5	0.0043	0.4167	0	0.0323	1
0.0381	0.1334	-0.2681	0.099	0.6939	-0.6504	-0.7304	-0.2085	503	505	117	3	6	0.0057	0.525	0	0.0381	1
0.0368	0.0991	-0.3564	0.0004	0.6636	-0.8655	0.2348	0.4424	504	506	117	3	7	0.0046	0.2813	0	0.0368	1
0.0323	0.0833	-0.4384	-0.0145	0.7758	-0.9937	0.0643	0.0922	505	507	117	3	8	0.003	0.3125	0	0.0316	1
0.0323	0.0793	-0.5066	-0.0358	0.817	-0.2862	0.6854	0.6696	506	0	117	3	9	0.0038	0.1039	0	0.01	1
0.0297	0.1209	0.5104	0.0461	0.3512	0.6151	0.4108	0.673	317	509	120	3	1	0.0061	0.5	0	0.0297	1
0.0295	0.0904	0.5898	0.0901	0.4179	0.9271	0.3222	0.1915	508	510	120	3	2	0.0034	0.4688	0	0.0295	1
0.0295	0.0947	0.6747	0.1379	0.4351	0.6959	-0.0396	0.717	509	511	120	3	3	0.0033	0.2813	0	0.0255	1
0.0372	0.1291	0.733	0.1608	0.4815	0.7302	0.5442	0.4132	510	512	120	3	4	0.0033	0.2778	0	0.0419	1
0.0295	0.0866	0.8076	0.2366	0.5316	0.3107	0.8768	-0.367	511	513	120	3	5	0.0088	0.25	0	0.0227	1
0.0349	0.1383	0.8809	0.2998	0.4933	0.2434	0.958	-0.1514	512	514	120	3	6	0.0037	0.325	0	0.0365	1
0.0322	0.0631	0.9083	0.4095	0.514	0.7723	0.5018	0.3896	513	515	120	3	7	0.0041	0.3333	0	0.0322	1
0.0343	0.1363	0.9507	0.456	0.5397	0.7427	0.2752	0.6105	514	516	120	3	8	0.0029	0.2813	0	0.0363	1
0.0295	0.1538	1.0271	0.5023	0.6274	0.3205	0.4934	0.8086	515	517	120	3	9	0.0153	0.1709	0	0.0281	1
0.0295	0.1393	1.0268	0.6	0.7146	-0.1945	0.7096	0.6772	516	518	120	3	10	0.0065	0.1	0	0.01	1
0.0295	0.0797	1.0926	0.6378	0.8053	0.378	0.5291	0.7597	517	0	120	3	11	0.0055	0.1	0	0.01	1
0.0232	0.517	-0.326	0.5791	0.21	0.2945	-0.893	0.3403	316	520	124	3	1	0.0037	0.275	1	0.0241	1
0.0223	0.1406	-0.1737	0.1175	0.3859	-0.5069	0.7446	0.4343	519	521	124	3	2	0.0037	0.275	0	0.0241	1
0.0196	0.0368	-0.2477	0.2148	0.4508	-0.0377	0.4696	0.8821	520	0	124	3	3	0.0074	0.25	0	0.0196	1
0.0433	0.7935	0.4583	-0.6978	0.5238	-0.2767	0.9341	0.2255	319	523	128	3	1	0.0183	0.058	0	0.0708	1
0.0392	0.0762	0.2607	0.0592	0.7005	-0.3245	0.32	-0.8901	522	524	128	3	2	0.0167	0.1758	0	0.0392	1
0.0338	0.1107	0.267	0.0721	0.6158	0.2912	-0.4526	0.8429	523	525	128	3	3	0.0027	0.3438	0	0.0338	1
0.0341	0.059	0.2694	-0.0079	0.6739	0.5599	-0.8023	0.207	524	526	128	3	4	0.0038	0.2917	0	0.0341	1
0.0344	0.1522	0.2931	-0.0223	0.6779	0.7095	0.0258	-0.7042	525	527	128	3	5	0.0038	0.325	0	0.0352	1
0.0259	0.0788	0.4052	-0.0126	0.5818	0.5431	0.6424	-0.5406	526	528	128	3	6	0.0031	0.2917	0	0.0259	1
0.0261	0.1506	0.4405	0.0397	0.5377	0.2669	0.8386	-0.4748	527	529	128	3	7	0.0032	0.2	0	0.0265	1
0.0168	0.0966	0.4804	0.1632	0.46	0.5401	0.7627	-0.3558	528	530	128	3	8	0.0092	0.25	0	0.0168	1
0.0129	0.0042	0.5191	0.2396	0.4256	0.1677	0.8378	-0.5195	529	0	128	3	9	0.0027	0.3125	0	0.0181	1
0.0276	0.4328	0.4411	-0.0026	0.3487	-0.8578	0.2659	0.4399	317	532	131	3	1	0.0045	0.2917	1	0.0271	1
0.0271	0.1748	0.0698	0.1124	0.539	-0.6597	0.3249	0.6777	531	533	131	3	2	0.0045	0.2917	0	0.0271	1
0.0233	0.0744	-0.0336	0.1703	0.6524	0.0602	0.9386	0.3396	532	534	131	3	3	0.0026	0.375	0	0.0233	1
0.0275	0.0837	-0.025	0.2437	0.6552	0.7833	0.5762	0.2331	533	535	131	3	4	0.0046	0.3333	0	0.0287	1
0.0276	0.1173	0.0154	0.2961	0.6739	0.0934	0.7012	0.7068	534	536	131	3	5	0.0063	0.15	0	0.0358	1
0.0235	0.1114	0.0262	0.3768	0.7608	0.5734	0.7553	0.3175	535	537	131	3	6	0.0082	0.2	0	0.0321	1
0.0104	0.0514	0.0941	0.4664	0.7884	0.559	0.5139	0.6508	536	538	131	3	7	0.01	0.05	0	0.01	1
0.0089	0.0698	0.1228	0.4928	0.8219	0.2409	0.6102	0.7547	537	0	131	3	8	0.01	0.05	0	0.01	1
0.0327	0.0442	0.4972	-0.1587	0.4165	0.5823	0.8097	0.0735	317	540	136	3	1	0.0071	0.375	1	0.0327	1
0.0327	0.1284	0.5229	-0.1229	0.4197	0.1116	0.9937	0.0126	539	0	136	3	2	0.0071	0.375	0	0.0327	1
0.0281	0.5511	-0.1135	0.5395	0.2011	-0.3157	-0.8371	0.4468	316	542	140	3	1	0.0084	0.35	1	0.0287	1
0.0237	0.1295	-0.2875	0.0781	0.4473	-0.4039	-0.898	-0.1746	541	543	140	3	2	0.0084	0.35	0	0.0287	1
0.01	0.0651	-0.3328	-0.022	0.4153	-0.3593	0.5809	0.7304	542	0	140	3	3	0.01	0.05	0	0.01	1
0.0467	0.3348	0.432	-0.0747	0.3822	-0.7801	0.385	0.4932	317	545	141	3	1	0.0125	0.25	1	0.0537	1
0.0461	0.3375	0.1701	0.051	0.5474	0.9704	-0.2402	-0.0242	544	546	141	3	2	0.0198	0.251	0	0.0537	1
0.0391	0.1132	0.5033	-0.0731	0.5349	0.9835	0.1163	0.1389	545	547	141	3	3	0.0061	0.4444	0	0.0391	1
0.0376	0.1227	0.6109	-0.0695	0.5512	0.8186	-0.2949	0.4928	546	548	141	3	4	0.0049	0.5625	0	0.0376	1
0.045	0.0801	0.7114	-0.1112	0.6016	0.8212	-0.496	0.2823	547	549	141	3	5	0.0037	0.3667	0	0.0466	1
0.0433	0.1053	0.817	-0.0856	0.6538	0.8491	-0.3299	-0.4126	548	550	141	3	6	0.0078	0.1429	0	0.0864	1
0.0376	0.1749	0.9018	-0.1277	0.6825	0.9743	-0.2215	0.0398	549	551	141	3	7	0.0247	0.0909	0	0.0342	1
0.0376	0.0802	1.0742	-0.1381	0.684	0.8069	0.0558	0.588	550	552	141	3	8	0.0052	0.1167	0	0.01	1
0.0376	0.094	1.1552	-0.1471	0.7081	0.8431	0.1242	0.5233	551	553	141	3	9	0.0077	0.1333	0	0.01	1
0.0376	0.0763	1.1038	-0.2504	0.7353	0.6157	-0.7476	0.2492	552	0	141	3	10	0.0056	0.125	0	0.01	1
0.0211	0.508	0.3996	-0.5063	0.5892	0.9418	-0.308	-0.1344	319	555	148	3	1	0.0059	0.3333	0	0.0541	1
0.01	0.0974	0.888	-0.6243	0.5534	0.7093	-0.5536	0.4363	554	0	148	3	2	0.01	0.05	0	0.01	1
0.0332	0.1265	0.4285	-0.3106	0.4968	-0.1215	-0.0384	0.9918	317	557	151	3	1	0.0049	0.3	1	0.0331	1
0.0288	0.1414	0.4132	-0.3155	0.6223	0.6118	0.6938	-0.3799	556	558	151	3	2	0.0049	0.3	0	0.0331	1
0.0469	0.2087	0.544	-0.2359	0.5668	0.3338	0.745	0.5776	557	559	151	3	3	0.0092	0.0667	0	0.0628	1
0.01	0.058	0.5674	-0.071	0.6897	0.0301	0.3816	-0.9238	558	0	151	3	4	0.01	0.05	0	0.01	1
0.0517	0.931	0.1544	0.4901	0.1907	-0.3664	-0.7785	0.5095	316	561	153	3	1	0.0125	0.3566	1	0.0489	1
0.0517	0.3737	-0.1868	-0.2348	0.6651	-0.3997	-0.8644	0.3051	560	562	153	3	2	0.0125	0.3566	0	0.0489	1
0.0517	0.2551	-0.3395	-0.5868	0.737	-0.3264	-0.7651	0.555	561	563	153	3	3	0.0217	0.3193	0	0.0884	1
0.0517	0.1114	-0.3839	-0.7571	0.9339	-0.3212	-0.759	0.5664	562	564	153	3	4	0.0081	0.6591	0	0.0517	1
0.0517	0.1903	-0.4141	-0.8443	1.0057	-0.2799	-0.9534	-0.1123	563	565	153	3	5	0.0085	0.5476	0	0.0534	1
0.0517	0.0953	-0.4964	-1.0367	1.0787	-0.2934	-0.9352	-0.1981	564	566	153	3	6	0.0146	0.3039	0	0.0601	1
0.0517	0.1119	-0.4534	-1.1617	1.0354	-0.3105	-0.8715	0.3795	565	567	153	3	7	0.0145	0.3039	0	0.041	1
0.0517	0.0601	-0.5517	-1.2801	1.1062	0.143	-0.9222	-0.3592	566	568	153	3	8	0.0139	0.1471	0	0.0428	1
0.0517	0.1076	-0.5886	-1.325	1.0863	-0.1088	-0.5982	0.7939	567	569	153	3	9	0.0105	0.1471	0	0.0333	1
0.0517	0.091	-0.516	-1.4389	1.1801	-0.5097	-0.8581	0.0621	568	570	153	3	10	0.0136	0.1275	0	0.0344	1
0.0517	0.1513	-0.6379	-1.5006	1.2111	-0.0752	-0.9254	0.3714	569	571	153	3	11	0.01	0.125	0	0.0315	1
0.0517	0.1103	-0.6697	-1.6323	1.267	-0.3601	-0.8667	0.3451	570	572	153	3	12	0.0088	0.1261	0	0.0641	1
0.0517	0.0641	-0.7107	-1.7294	1.3185	-0.2502	-0.9595	-0.1296	571	573	153	3	13	0	0.0147	0	0.0201	1
0.0517	0.095	-0.7186	-1.8068	1.2906	-0.162	-0.7964	0.5826	572	574	153	3	14	0.0081	0.1059	0	0.0177	1
0.0517	0.049	-0.6454	-1.8796	1.375	-0.1485	-0.8318	0.5348	573	575	153	3	15	0.0063	0.1176	0	0.01	1
0.0517	0.1744	-0.6902	-1.9775	1.3707	0.0765	-0.5075	0.8583	574	576	153	3	16	0.0132	0.0637	0	0.101	1
0.0517	0.1322	-0.6798	-2.0672	1.5012	-0.0712	-0.9949	0.0719	575	577	153	3	17	0.0065	0.1176	0	0.0198	1
0.0517	0.014	-0.692	-2.1978	1.5091	-0.1093	-0.9216	-0.3723	576	0	153	3	18	0.0047	0.0941	0	0.01	1
0.0116	0.9405	0.11	0.4963	0.1889	-0.479	-0.7687	0.4238	316	579	154	3	1	0.0137	0.1667	1	0.0682	1
0.0116	0.4188	-0.3638	-0.2084	0.5775	0.5783	0.8071	0.1188	578	0	154	3	2	0.0447	0.181	0	0.0682	1
0.0328	0.8581	0.6233	-1.3238	0.3715	-0.0252	0.9689	0.246	320	581	157	3	1	0.0087	0.4375	0	0.0328	1
0.037	0.1762	0.7063	-0.4881	0.5128	0.5019	-0.4715	0.7251	580	582	157	3	2	0.0018	0.2813	0	0.0382	1
0.0328	0.0754	0.7763	-0.6099	0.6139	0.8803	-0.4688	0.0729	581	583	157	3	3	0.0074	0.0909	0	0.01	1
0.0328	0.13	0.8096	-0.63	0.6578	0.6649	-0.2903	0.6883	582	584	157	3	4	0.0042	0.0758	0	0.01	1
0.0328	0.078	0.949	-0.6681	0.7243	0.1257	-0.943	0.3081	583	0	157	3	5	0.0014	0.1091	0	0.01	1
0.0323	0.8872	-0.1341	0.5505	0.2128	0.0132	-0.7689	0.6392	316	586	158	3	1	0.0042	0.3125	1	0.0329	1
0.0283	0.1146	-0.1223	-0.1316	0.7799	-0.032	-0.9723	0.2316	585	587	158	3	2	0.0042	0.3125	0	0.0329	1
0.024	0.0897	-0.1972	-0.2916	0.7973	0.0425	-0.2442	0.9688	586	588	158	3	3	0.0093	0.2	0	0.0334	1
0.01	0.1038	-0.1728	-0.3305	0.8748	-0.4876	-0.7931	0.3649	587	0	158	3	4	0.01	0.05	0	0.01	1
0.0266	0.2224	0.3893	-0.7736	0.5126	-0.957	-0.1421	-0.2528	319	590	162	3	1	0.0071	0.1964	1	0.0285	1
0.0228	0.2005	0.1831	-0.803	0.4571	0.116	-0.6053	0.7875	589	591	162	3	2	0.0096	0.0909	0	0.0285	1
0.0176	0.1208	0.1962	-0.9209	0.6186	-0.1307	-0.8752	0.4658	590	592	162	3	3	0.0068	0.1429	0	0.0244	1
0.01	0.0914	0.1666	-1.0304	0.6611	-0.0912	-0.9333	0.3474	591	0	162	3	4	0.01	0.05	0	0.01	1
0.0295	0.2975	0.7969	-1.7846	0.3065	-0.5371	-0.8434	-0.0159	324	594	163	3	1	0.0243	0.3294	0	0.0523	1
0.0295	0.0783	0.6854	-2.0765	0.3098	-0.3559	-0.5652	-0.7442	593	595	163	3	2	0.0036	0.5417	0	0.0295	1
0.0295	0.0371	0.6724	-2.1515	0.217	-0.9132	-0.4062	-0.0326	594	0	163	3	3	0.0075	0.0875	0	0.01	1
0.0443	0.2151	0.468	-1.0242	0.4525	-0.9939	0.1035	-0.0383	319	597	164	3	1	0.0112	0.2937	1	0.0587	1
0.0438	0.3292	0.2534	-1.006	0.4467	0.4518	-0.5279	-0.7191	596	598	164	3	2	0.0219	0.2437	0	0.0587	1
0.0435	0.3249	0.3659	-1.1832	0.2248	0.1625	-0.9717	0.1715	597	599	164	3	3	0.008	0.5207	0	0.0482	1
0.0398	0.092	0.4026	-1.5059	0.255	0.0076	-0.9658	0.2593	598	600	164	3	4	0.0054	0.6944	0	0.0398	1
0.0431	0.0725	0.4033	-1.5949	0.2608	0.1951	-0.9808	0.005	599	601	164	3	5	0.0057	0.5667	0	0.0475	1
0.0416	0.0643	0.4114	-1.6684	0.2581	0.5242	-0.7083	-0.4728	600	602	164	3	6	0.0057	0.5556	0	0.0427	1
0.0271	0.0908	0.4429	-1.7139	0.2263	0.0694	-0.9814	-0.1791	601	603	164	3	7	0.003	0.5417	0	0.0255	1
0.0257	0.181	0.4523	-1.8029	0.2103	0.0465	-0.9724	-0.2287	602	604	164	3	8	0.0035	0.5417	0	0.0243	1
0.0261	0.1178	0.4587	-1.9754	0.1546	0.1084	-0.9613	-0.2534	603	605	164	3	9	0.0028	0.3438	0	0.0261	1
0.0312	0.102	0.4747	-2.0867	0.1191	0.2642	-0.9503	-0.165	604	606	164	3	10	0.0022	0.3125	0	0.033	1
0.0243	0.0696	0.4615	-2.2053	0.1125	0.5062	-0.8342	0.2187	605	607	164	3	11	0.0035	0.4167	0	0.0243	1
0.0263	0.1135	0.5004	-2.2798	0.0946	0.2794	-0.8484	0.4496	606	608	164	3	12	0.0035	0.375	0	0.0263	1
0.0255	0.1087	0.5621	-2.3782	0.1126	-0.0528	-0.9985	0.0155	607	609	164	3	13	0.0032	0.3438	0	0.027	1
0.0243	0.0531	0.5441	-2.4864	0.1145	-0.0272	-0.9117	-0.4099	608	0	164	3	14	0.0087	0.225	0	0.01	1
0.0443	0.2963	0.3919	-0.6862	0.5779	-0.1736	0.0599	0.983	318	611	769	3	1	0.0476	0.2747	0	0.0956	1
0.0338	0.0546	0.3496	-0.5978	0.946	-0.0468	-0.7323	0.6794	610	612	769	3	2	0.0049	0.5833	0	0.0338	1
0.0382	0.1067	0.3417	-0.6721	0.9647	0.1515	-0.4842	0.8618	611	613	769	3	3	0.0065	0.6389	0	0.0382	1
0.0453	0.1432	0.386	-0.706	1.0779	0.0847	-0.8165	0.5712	612	614	769	3	4	0.0062	0.48	0	0.0467	1
0.0457	0.2221	0.3503	-0.8041	1.2052	0.3483	-0.679	0.6463	613	615	769	3	5	0.0097	0.4659	0	0.0497	1
0.0434	0.067	0.3832	-0.9583	1.3479	0.0302	-0.5936	0.8042	614	616	769	3	6	0.0238	0.4125	0	0.0447	1
0.0338	0.1194	0.4103	-1.008	1.4003	-0.3709	-0.9235	-0.0976	615	617	769	3	7	0.0086	0.2727	0	0.024	1
0.0338	0.0802	0.3396	-1.1017	1.4004	0.0877	-0.4801	0.8728	616	618	769	3	8	0.0074	0.2273	0	0.0246	1
0.0338	0.1546	0.3525	-1.1364	1.493	0.1725	-0.9778	0.1189	617	619	769	3	9	0.0073	0.1591	0	0.0271	1
0.0338	0.1993	0.3587	-1.2794	1.5183	-0.0069	-0.6583	0.7528	618	620	769	3	10	0.0156	0.1313	0	0.0296	1
0.0338	0.0776	0.3799	-1.4564	1.5502	-0.109	-0.9336	0.3412	619	621	769	3	11	0.0028	0.1136	0	0.01	1
0.0404	0.1557	0.3645	-1.3655	1.6367	-0.1141	-0.3467	0.931	620	622	769	3	12	0.0074	0.0833	0	0.0532	1
0.0338	0.1248	0.384	-1.4525	1.7467	-0.2175	-0.8152	0.5368	621	623	769	3	13	0.0088	0.1818	0	0.022	1
0.0338	0.0019	0.3378	-1.5387	1.8129	-0.3485	-0.3911	0.8518	622	624	769	3	14	0.0069	0.1591	0	0.01	1
0.0338	0.0711	0.3556	-1.5507	1.844	-0.3361	-0.931	-0.1425	623	625	769	3	15	0.0072	0.1636	0	0.0178	1
0.0366	0.4844	0.2859	-1.6004	1.7959	-0.3767	-0.9247	0.0546	624	626	769	3	16	0.0024	0.0635	0	0.0391	1
0.0338	0.2187	0.1066	-2.05	1.8255	-0.4023	-0.9133	-0.0633	625	627	769	3	17	0.0085	0.0485	0	0.01	1
0.0338	0.0591	0.0115	-2.2459	1.8155	-0.3603	-0.9056	0.224	626	0	769	3	18	0.006	0.1136	0	0.01	1
0.0419	0.2024	0.6474	-1.6509	0.3709	-0.34	0.2425	0.9086	322	629	415	3	1	0.0089	0.4222	1	0.0419	1
0.0419	0.1402	0.5785	-1.6019	0.5548	0.0067	-0.9459	-0.3245	628	630	415	3	2	0.0089	0.4222	0	0.0419	1
0.0432	0.0752	0.5621	-1.7526	0.544	-0.5608	-0.5856	-0.5853	629	631	415	3	3	0.0064	0.2667	0	0.0474	1
0.0288	0.176	0.5096	-1.7826	0.528	-0.071	-0.9034	0.4228	630	632	415	3	4	0.0047	0.4375	0	0.0279	1
0.0326	0.0067	0.512	-1.93	0.6174	0.2481	-0.8673	0.4315	631	633	415	3	5	0.0102	0.3485	0	0.0326	1
0.0283	0.1122	0.5391	-1.9374	0.629	-0.1538	-0.9498	0.2724	632	634	415	3	6	0.003	0.25	0	0.0283	1
0.0279	0.099	0.5252	-2.0328	0.6326	-0.4538	-0.8024	-0.3876	633	0	415	3	7	0.0042	0.0667	0	0.01	1
0.0283	0.2208	-1.0077	0.5441	-0.1031	-0.5847	-0.6359	-0.5037	340	636	493	3	1	0.0106	0.075	0	0.045	0
0.0283	0.0778	-1.1238	0.47	-0.2286	-0.7547	0.0075	-0.656	635	637	493	3	2	0.0295	0.1667	0	0.0631	0
0.0283	0.1541	-1.1121	0.5414	-0.2784	-0.6991	0.6929	0.1767	636	638	493	3	3	0.0187	0.1143	0	0.1636	0
0.01	0.0257	-1.2524	0.5991	-0.2656	-0.832	0.5547	-0.0067	637	0	493	3	4	0.01	0.05	0	0.01	0
0.0377	0.0639	-1.1782	0.6946	-0.0811	-0.7757	0.3093	0.5501	342	640	495	3	1	0.0057	0.25	1	0.0537	0
0.0362	0.0866	-1.2457	0.7209	-0.049	0.037	0.5105	0.8591	639	641	495	3	2	0.0096	0.0833	0	0.0537	0
0.0246	0.0719	-1.3052	0.8106	0.0307	0.4056	0.4665	0.786	640	642	495	3	3	0.004	0.25	0	0.0246	0
0.017	0.0521	-1.2852	0.8437	0.0877	-0.0714	0.663	-0.7452	641	643	495	3	4	0.01	0.05	0	0.01	0
0.0098	0.0787	-1.289	0.8783	0.0489	0.1816	0.0625	-0.9814	642	0	495	3	5	0.01	0.05	0	0.01	0
0.0129	0.0465	-1.3808	0.8723	-0.1231	-0.2293	0.5683	-0.7902	346	645	770	3	1	0.0092	0.3125	1	0.0289	0
0.0129	0.1141	-1.3833	0.8872	-0.1509	0.1443	0.6686	0.7295	644	646	770	3	2	0.01	0.1	0	0.0289	0
0.01	0.1109	-1.3636	0.9791	-0.0784	-0.9855	0.1543	-0.0704	645	0	770	3	3	0.01	0.05	0	0.01	0
0.0216	0.1529	-0.2787	0.4829	0.4103	-0.6963	0.3679	0.6163	0	648	771	0	1	0.0066	0.2708	0	0.0242	0
0.0117	0.1313	-0.3998	0.5375	0.5069	-0.1386	-0.176	-0.9746	647	649	771	0	2	0.0197	0.1857	0	0.0328	0
0.0174	0.0915	-0.429	0.5008	0.3804	0.5709	-0.5263	-0.6301	648	0	771	0	3	0.0106	0.375	0	0.0223	0
0.0235	0.4517	-0.5718	1.2063	0.6331	0.1135	-0.1012	-0.9884	354	651	500	3	1	0.005	0.3125	1	0.0221	0
0.0228	0.112	-0.5206	1.1605	0.1866	-0.208	-0.3381	-0.9178	650	652	500	3	2	0.005	0.3125	0	0.0221	0
0.0253	0.0908	-0.5556	1.1195	0.0899	-0.504	0.4226	-0.7532	651	0	500	3	3	0.0078	0.16	0	0.031	0
0.0377	0.3012	-0.5808	1.2194	0.6346	-0.1475	0.2917	-0.9451	354	654	505	3	1	0.0035	0.25	1	0.0385	0
0.0353	0.09	-0.6252	1.3072	0.3499	-0.376	-0.6873	0.6215	653	655	505	3	2	0.0035	0.25	0	0.0385	0
0.0494	0.1103	-0.6468	1.2508	0.4223	-0.549	-0.5771	0.6047	654	656	505	3	3	0.0037	0.25	0	0.053	0
0.0262	0.0404	-0.674	1.2256	0.5287	-0.7918	0.6058	0.0779	655	0	505	3	4	0.0065	0.3333	0	0.0262	0
0.0377	0.3201	-0.5631	1.2987	0.8001	-0.1122	0.4038	-0.908	356	658	509	3	1	0.0068	0.4167	0	0.0361	0
0.0404	0.0453	-0.5915	1.4353	0.5101	-0.6787	0.6746	0.2903	657	659	509	3	2	0.0039	0.3704	0	0.042	0
0.051	0.0707	-0.6479	1.5153	0.544	-0.8792	-0.301	-0.3693	658	660	509	3	3	0.0159	0.0882	0	0.0794	0
0.0363	0.1924	-0.7404	1.5492	0.538	0.1969	-0.2392	0.9508	659	0	509	3	4	0.011	0.1563	0	0.0369	0
0.0259	0.1838	-0.5947	1.2047	0.6373	-0.528	0.8341	0.1595	354	662	510	3	1	0.0123	0.3438	0	0.0286	0
0.0085	0.0656	-0.6771	1.3622	0.6557	-0.3564	0.9268	-0.1188	661	0	510	3	2	0.0219	0.225	0	0.1192	0
0.0491	0.3172	-0.6215	1.3046	0.8582	-0.6656	0.5643	0.4884	356	664	515	3	1	0.0092	0.5636	0	0.0491	0
0.0429	0.0737	-0.8373	1.4899	0.9958	-0.4545	0.7891	0.4132	663	665	515	3	2	0.0051	0.5926	0	0.0429	0
0.0466	0.1047	-0.8624	1.5502	1.0301	-0.4245	0.7287	0.5374	664	666	515	3	3	0.0067	0.525	0	0.0474	0
0.0327	0.1044	-0.9205	1.633	1.0829	-0.331	-0.2023	0.9217	665	667	515	3	4	0.0036	0.4063	0	0.0327	0
0.0327	0.0782	-0.9428	1.6071	1.2159	-0.5221	0.8059	0.2792	666	668	515	3	5	0.0074	0.2273	0	0.0257	0
0.0327	0.0717	-0.9536	1.7111	1.2312	-0.5232	0.4939	0.6945	667	669	515	3	6	0.0041	0.0455	0	0.01	0
0.0327	0.0466	-1.016	1.7128	1.3012	-0.0837	-0.4682	-0.8796	668	0	515	3	7	0.0079	0.1591	0	0.0253	0
0.01	0.1218	-0.6437	1.7282	1.2036	-0.3139	0.9383	0.1453	360	671	772	3	1	0.01	0.05	1	0.01	0
0.01	0.108	-0.6819	1.8425	1.2213	0.2564	0.2482	0.9342	670	0	772	3	2	0.01	0.05	0	0.01	0
0.0142	0.2813	-1.0506	0.9026	-0.1301	0.9193	-0.3928	-0.0238	366	673	634	3	1	0.0035	0.225	0	0.0179	1
0.0086	0.0688	-0.7983	0.792	-0.1471	0.7459	-0.4933	-0.4476	672	674	634	3	2	0.0125	0.225	0	0.0207	1
0.0087	0.1362	-0.7533	0.7538	-0.1835	0.66	-0.7219	-0.208	673	0	634	3	3	0.01	0.05	0	0.01	1
0.0297	0.0849	-1.3931	1.4087	0.4686	0.1097	0.2581	-0.9599	0	676	774	0	1	0.0083	0.4583	0	0.0297	0
0.0297	0.0663	-1.3842	1.4337	0.392	0.2654	-0.8091	0.5243	675	0	774	0	2	0.0076	0.325	0	0.0261	0
0.0295	0.0849	0.1757	0.637	0.1544	0.6693	-0.6273	-0.3982	416	0	247	4	1	0.0034	0.4583	0	0.0295	0
0.0051	0.0537	0.1263	0.7863	0.1193	-0.5583	0.2492	0.7913	416	679	780	4	1	0.0077	0.3438	1	0.0252	1
0.0051	0.1159	0.0973	0.8044	0.1541	0.9928	-0.1024	0.062	678	0	780	4	2	0.0176	0.25	0	0.0252	1
0.0144	0.2239	-1.1689	-0.463	0.1502	-0.509	-0.8456	0.1605	428	681	259	4	1	0.0154	0.2078	1	0.0484	0
0.0144	0.1964	-1.2977	-0.6501	0.1774	-0.42	-0.745	0.5182	680	0	259	4	2	0.0295	0.27	0	0.0484	0
0.0531	0.1887	-1.4244	-0.3478	0.3047	0.1124	-0.8258	-0.5526	429	683	264	4	1	0.0296	0.5221	1	0.0628	0
0.0525	0.3729	-1.3955	-0.5109	0.2106	-0.8503	-0.2737	0.4495	682	684	264	4	2	0.0222	0.4039	0	0.0628	0
0.0468	0.1467	-1.7115	-0.6296	0.3711	-0.9455	-0.1778	0.2727	683	685	264	4	3	0.0065	0.36	0	0.0471	0
0.0329	0.1103	-1.8438	-0.6697	0.4171	-0.8716	-0.2136	0.4413	684	686	264	4	4	0.0033	0.5625	0	0.0292	0
0.0324	0.0257	-1.9407	-0.6912	0.4644	-0.9134	-0.0904	0.3969	685	687	264	4	5	0.0106	0.3434	0	0.0324	0
0.0356	0.131	-1.9733	-0.6927	0.4597	-0.8436	-0.1676	0.5102	686	688	264	4	6	0.0026	0.2	0	0.0364	0
0.0292	0.1051	-2.0918	-0.6994	0.5292	-0.5543	-0.4148	0.7216	687	0	264	4	7	0.006	0.0625	0	0.01	1
0.0457	0.4288	-1.6907	-0.0102	0.5229	-0.8473	-0.5307	-0.0223	433	690	265	4	1	0.0206	0.2444	0	0.0515	0
0.0398	0.0646	-2.0363	-0.2049	0.5286	-0.5221	-0.1113	0.8456	689	691	265	4	2	0.0052	0.6296	0	0.0396	0
0.0396	0.0919	-2.1173	-0.2167	0.5648	-0.3623	-0.0158	0.9319	690	692	265	4	3	0.004	0.1944	0	0.0384	0
0.0396	0.0662	-2.1718	-0.1583	0.6349	-0.8733	-0.1934	0.4472	691	0	265	4	4	0.0066	0.0962	0	0.01	0
0.054	0.433	-1.2317	-0.3413	0.0888	0.873	0.2764	0.4018	427	694	782	4	1	0.0553	0.3289	0	0.1174	0
0.0516	0.4764	-0.975	-0.2101	0.1301	-0.7244	0.142	0.6747	693	695	782	4	2	0.0382	0.3109	0	0.0916	0
0.0466	0.105	-1.2088	-0.0228	0.4625	-0.7175	0.6428	0.2682	694	696	782	4	3	0.0141	0.2444	0	0.1814	0
0.0313	0.1773	-1.294	0.0378	0.5006	-0.4909	0.8632	0.1178	695	697	782	4	4	0.0114	0.2778	0	0.029	0
0.0337	0.0976	-1.3033	0.2073	0.5122	-0.1931	0.9748	0.1114	696	698	782	4	5	0.0033	0.375	0	0.0337	0
0.0221	0.1821	-1.3801	0.1967	0.5506	-0.7697	0.5191	0.3716	697	699	782	4	6	0.0066	0.1382	0	0.0219	0
0.0157	0.1431	-1.5283	0.2855	0.6069	-0.8377	0.3636	0.4075	698	700	782	4	7	0.0083	0.1667	0	0.0168	0
0.0055	0.1153	-1.6553	0.3241	0.6446	-0.9569	0.2264	0.182	699	0	782	4	8	0.01	0.05	0	0.01	0
0.0274	0.2104	-1.1712	-0.3853	0.2026	-0.8946	0.4201	-0.1526	427	0	480	4	1	0.0079	0.25	0	0.0274	0
0.036	0.099	-1.433	-0.3481	0.4658	-0.6217	0.6248	0.4724	429	703	481	4	1	0.0076	0.325	1	0.036	0
0.0359	0.1352	-1.4946	-0.2862	0.5126	0.2102	-0.9277	-0.3085	702	704	481	4	2	0.0076	0.325	0	0.036	0
0.0286	0.153	-1.4805	-0.3974	0.5084	-0.8339	-0.54	-0.1142	703	705	481	4	3	0.0044	0.3	0	0.0286	0
0.0204	0.1098	-1.6094	-0.4741	0.4894	-0.9742	-0.2169	-0.0618	704	706	481	4	4	0.0024	0.3125	0	0.0204	0
0.0204	0.1167	-1.7106	-0.4831	0.4579	-0.9545	-0.1009	-0.2805	705	707	481	4	5	0.012	0.04	0	0.0283	0
0.0073	0.0878	-1.798	-0.4973	0.4099	-0.5399	-0.0993	-0.8358	706	0	481	4	6	0.01	0.05	0	0.01	0
0.0541	0.277	-1.63	-0.233	0.3619	0.2047	-0.542	-0.8151	432	709	482	4	1	0.0063	0.2857	1	0.0642	0
0.0465	0.1072	-1.572	-0.3644	0.1415	0.995	-0.0853	0.051	708	710	482	4	2	0.0092	0.1667	0	0.0642	0
0.0227	0.1021	-1.4775	-0.362	0.095	0.9417	0.2992	-0.1538	709	711	482	4	3	0.0034	0.1875	0	0.0223	0
0.0142	0.0118	-1.3832	-0.3391	0.0817	0.9473	-0.2812	-0.1534	710	712	482	4	4	0.01	0.05	0	0.01	0
0.0081	0.0552	-1.374	-0.3393	0.0858	0.8345	0.5508	-0.0155	711	0	482	4	5	0.01	0.05	0	0.01	0
0.0259	0.1135	-1.5783	-0.2873	0.4589	-0.6902	-0.6509	0.3163	430	714	484	4	1	0.0057	0.3333	1	0.0265	0
0.0219	0.0889	-1.6567	-0.3612	0.4949	-0.4535	-0.0473	-0.89	713	715	484	4	2	0.0057	0.3333	0	0.0265	0
0.01	0.0931	-1.6963	-0.4235	0.5017	0.6419	0.638	0.4253	714	0	484	4	3	0.01	0.05	0	0.01	0
0.028	0.4747	-1.6904	-0.0137	0.5275	0.9301	-0.2398	-0.2781	433	0	485	4	1	0.0106	0.25	0	0.028	0
0.0038	0.2365	-0.7827	1.4979	0.3352	-0.4893	-0.4652	0.7377	459	718	784	4	1	0.0148	0.1077	0	0.0417	1
0.0056	0.0955	-0.8993	1.382	0.4945	-0.9731	-0.1906	0.1297	717	719	784	4	2	0.01	0.05	0	0.01	1
0.0042	0.1583	-0.9951	1.3682	0.5023	-0.9114	-0.2705	0.3102	718	0	784	4	3	0.0148	0.1	0	0.01	1
0.0096	0.0692	-1.0408	1.5961	0.4337	0.1167	0.8916	-0.4375	469	721	786	4	1	0.0499	0.1	0	0.0565	1
0.0115	0.1553	-1.0295	1.6528	0.3307	-0.7978	0.5983	-0.0751	720	722	786	4	2	0.0124	0.2167	0	0.0319	1
0.0134	0.0537	-1.1548	1.7636	0.3294	0.039	0.5048	-0.8623	721	0	786	4	3	0.0089	0.05	0	0.0188	1
0.0075	0.1539	-1.5245	1.7704	0.4874	-0.0482	-0.4776	0.8772	475	724	787	4	1	0.0158	0.2	0	0.0237	1
0.008	0.0267	-1.5366	1.6951	0.6003	0.8198	-0.5582	-0.1276	723	725	787	4	2	0.0141	0.3182	0	0.0324	1
0.0044	0.0683	-1.5075	1.671	0.596	0.4025	0.3905	-0.8279	724	0	787	4	3	0.0137	0.1	0	0.0203	1
0.0456	0.2549	-0.1013	0.5257	0.5532	0.0918	0.5908	0.8016	479	727	333	4	1	0.0056	0.5	0	0.0456	1
0.0456	0.1178	-0.0822	0.6711	0.7545	-0.3898	-0.2157	0.8953	726	0	333	4	2	0.0083	0.2321	0	0.0274	1
0.0392	0.1921	0.0092	0.4572	0.5335	-0.8393	0.2649	0.4748	480	729	335	4	1	0.0079	0.4815	1	0.041	1
0.0384	0.0681	-0.152	0.5081	0.6247	-0.7483	-0.2071	0.6302	728	730	335	4	2	0.0079	0.4815	0	0.041	1
0.0278	0.1046	-0.2093	0.5012	0.6762	-0.1225	0.712	-0.6914	729	731	335	4	3	0.0024	0.3125	0	0.0254	1
0.0278	0.0231	-0.2214	0.5802	0.6072	-0.8639	0.3762	-0.335	730	0	335	4	4	0.0075	0.4583	0	0.0278	1
0.0199	0.3311	-0.0636	0.4254	0.447	0.6571	-0.7133	0.2438	478	0	339	4	1	0.0218	0.1235	0	0.0391	1
0.0126	0.156	-0.0466	0.4044	0.4703	0.711	-0.5275	-0.465	478	734	340	4	1	0.0119	0.2159	1	0.05	1
0.0126	0.236	0.0808	0.3009	0.3989	-0.4716	-0.3174	0.8227	733	0	340	4	2	0.0296	0.2083	0	0.05	1
0.0131	0.1045	0.2656	0.4359	0.5645	0.764	-0.2446	0.597	481	736	347	4	1	0.0098	0.2	1	0.0688	1
0.0131	0.1158	0.3675	0.4039	0.675	-0.3182	0.9091	0.2687	735	737	347	4	2	0.0265	0.25	0	0.0688	1
0.01	0.0237	0.3362	0.5244	0.7164	-0.9557	0.2037	0.2124	736	0	347	4	3	0.01	0.05	0	0.01	1
0.0282	0.2335	0.3302	0.4683	0.4877	0.0971	-0.4985	0.8614	482	739	348	4	1	0.005	0.2	1	0.0266	1
0.0266	0.1263	0.3529	0.3519	0.6888	0.6284	0.7352	0.2541	738	740	348	4	2	0.005	0.2	0	0.0266	1
0.0312	0.0972	0.4123	0.4283	0.7809	0.7852	0.4787	0.3927	739	741	348	4	3	0.0107	0.25	0	0.0364	1
0.0125	0.0735	0.471	0.4619	0.8415	0.8071	-0.0897	0.5836	740	742	348	4	4	0.01	0.05	0	0.01	1
0.0069	0.0546	0.5303	0.4553	0.8844	0.8562	0.211	0.4715	741	0	348	4	5	0.01	0.05	0	0.01	1
0.01	0.3086	0.2884	0.5031	0.5337	0.1313	0.181	0.9747	481	744	351	4	1	0.01	0.05	1	0.01	1
0.01	0.1967	0.3289	0.559	0.8345	-0.5399	0.3839	0.7491	743	0	351	4	2	0.01	0.05	0	0.01	1
0.0328	0.2468	0.5006	0.7979	0.7877	-0.7074	-0.4593	0.5373	485	746	354	4	1	0.0186	0.2321	1	0.0737	1
0.0327	0.4084	0.3189	0.6765	0.9077	0.1354	0.7991	-0.5858	745	747	354	4	2	0.0409	0.329	0	0.0737	1
0.0323	0.1854	0.3669	0.9811	0.6791	-0.334	0.5009	0.7985	746	748	354	4	3	0.0037	0.375	0	0.0326	1
0.0322	0.0818	0.3044	1.0974	0.7878	0.4725	0.7601	0.4462	747	749	354	4	4	0.0042	0.2188	0	0.0334	1
0.0262	0.1835	0.3753	1.1566	0.8131	0.219	0.8917	0.3962	748	750	354	4	5	0.005	0.125	0	0.0262	1
0.0296	0.2145	0.4156	1.319	0.9325	0.3111	0.9501	0.0243	749	751	354	4	6	0.0044	0.2857	0	0.0296	1
0.0239	0.0984	0.5024	1.5129	0.9319	0.4879	0.8329	0.2614	750	752	354	4	7	0.0038	0.4583	0	0.0239	1
0.0313	0.1967	0.5232	1.6044	0.961	0.3491	0.9007	0.2587	751	753	354	4	8	0.0078	0.21	0	0.0375	1
0.0239	0.1319	0.5865	1.781	1.0079	-0.0555	0.9963	-0.0655	752	754	354	4	9	0.0026	0.2813	0	0.0213	1
0.0239	0.1491	0.6059	1.9069	1.0045	0.1943	0.9797	0.0501	753	755	354	4	10	0.0049	0.0333	0	0.0167	1
0.0283	0.1523	0.6528	2.0424	1.0079	0.5279	0.828	0.1892	754	756	354	4	11	0.0069	0.0533	0	0.0361	1
0.0239	0.0643	0.7255	2.1551	1.0614	0.5605	0.6411	0.5243	755	757	354	4	12	0.0027	0.25	0	0.0233	1
0.0239	0.0506	0.7462	2.1936	1.1088	0.4939	0.559	0.666	756	758	354	4	13	0.0111	0.2656	0	0.0206	1
0.0239	0.09	0.7562	2.2093	1.1456	-0.1625	0.4116	0.8968	757	759	354	4	14	0.0028	0.2083	0	0.0229	1
0.0239	0.0182	0.7264	2.2716	1.2	-0.0816	0.6938	0.7155	758	760	354	4	15	0.0046	0.15	0	0.01	1
0.0239	0.133	0.7201	2.2829	1.2105	-0.4349	-0.1232	0.892	759	0	354	4	16	0.0057	0.1143	0	0.01	1
0.024	0.3025	0.4238	0.7488	0.6147	-0.2504	0.5057	-0.8255	484	0	358	4	1	0.0069	0.375	0	0.024	1
0.0345	0.1686	0.9447	1.1801	1.3042	0.3228	0.8481	0.4202	492	763	361	4	1	0.0173	0.2727	0	0.0647	1
0.0344	0.0972	1.0037	1.3241	1.3795	0.0045	0.9732	-0.2299	762	764	361	4	2	0.014	0.3864	0	0.0406	1
0.032	0.1393	1.0096	1.3999	1.3753	0.4872	0.6741	0.5551	763	765	361	4	3	0.0044	0.4	0	0.032	1
0.032	0.0932	1.0356	1.4998	1.4588	0.202	0.6598	0.7238	764	766	361	4	4	0.0093	0.2182	0	0.0251	1
0.0322	0.1024	1.0507	1.566	1.5288	0.8174	0.4462	0.3644	765	767	361	4	5	0.0041	0.4583	0	0.0323	1
0.032	0.0165	1.1402	1.6214	1.572	0.1848	-0.5894	0.7864	766	0	361	4	6	0.0057	0.1364	0	0.021	1
0.0331	0.2148	0.5367	0.7739	0.6723	0.5505	-0.8182	-0.1657	485	769	788	4	1	0.0303	0.5545	1	0.049	1
0.033	0.302	0.6046	0.6072	0.6799	0.5654	0.6361	0.525	768	770	788	4	2	0.0219	0.6014	0	0.049	1
0.033	0.0802	0.7718	0.8039	0.8393	0.2882	0.0524	0.9561	769	771	788	4	3	0.0217	0.5455	0	0.0491	1
0.0327	0.1513	0.7939	0.8071	0.9178	0.2323	0.7881	0.57	770	772	788	4	4	0.0252	0.6136	0	0.0554	1
0.033	0.0953	0.8491	0.9244	1.0049	-0.0139	0.2898	0.957	771	773	788	4	5	0.0198	0.6212	0	0.051	1
0.0318	0.1981	0.8517	0.9429	1.0989	0.6684	0.4648	0.5807	772	774	788	4	6	0.0047	0.4643	0	0.0349	1
0.0281	0.0787	0.9823	1.0306	1.221	0.8331	0.3518	0.4269	773	775	788	4	7	0.0042	0.4167	0	0.0283	1
0.0231	0.0636	1.0417	1.0553	1.2611	0.437	0.5869	0.6816	774	776	788	4	8	0.0033	0.4167	0	0.0231	1
0.0267	0.0934	1.0673	1.0897	1.3077	0.5354	0.4081	0.7395	775	777	788	4	9	0.003	0.375	0	0.0271	1
0.0279	0.1119	1.1131	1.1441	1.382	0.8656	0.0665	0.4963	776	778	788	4	10	0.0102	0.1667	0	0.0445	1
0.0231	0.038	1.1778	1.1341	1.4629	0.0804	0.7715	0.6311	777	779	788	4	11	0.0063	0.1333	0	0.01	1
0.0231	0.0776	1.1881	1.179	1.4982	0.1555	0.5321	-0.8323	778	0	788	4	12	0.0047	0.15	0	0.01	1
0.0123	0.1074	1.2271	1.3178	1.5148	0.1783	0.5554	0.8122	495	781	705	4	1	0.016	0.1571	0	0.0382	1
0.01	0.0527	1.2455	1.3762	1.5991	-0.8689	0.4949	-0.0037	780	0	705	4	2	0.01	0.05	0	0.01	1
0.0278	0.2029	-0.2721	0.1293	0.6673	0.4994	0.7998	-0.333	503	783	371	4	1	0.006	0.3333	0	0.0278	1
0.0239	0.0992	-0.1657	0.2906	0.5827	-0.9051	-0.3426	-0.2517	782	784	371	4	2	0.0057	0.18	0	0.0182	1
0.0239	0.1257	-0.2931	0.2558	0.5302	-0.3977	0.7561	0.5197	783	785	371	4	3	0.0035	0.4375	0	0.0239	1
0.0289	0.1023	-0.3617	0.3267	0.5967	-0.5562	0.4645	0.6891	784	786	371	4	4	0.0062	0.2	0	0.0372	1
0.028	0.1276	-0.4192	0.4147	0.6472	-0.7262	0.2955	0.6207	785	787	371	4	5	0.0091	0.1286	0	0.0371	1
0.0239	0.0115	-0.5002	0.451	0.7291	-0.0815	0.6628	0.7443	786	788	371	4	6	0.0036	0.1	0	0.01	1
0.0239	0.0464	-0.4735	0.4515	0.7256	-0.2228	0.5267	-0.8204	787	0	371	4	7	0.0045	0.125	0	0.01	1
0.01	0.1453	-0.4601	0.0562	0.7484	0.0911	0.9567	0.2763	505	790	374	4	1	0.01	0.05	0	0.01	1
0.01	0.0298	-0.4369	0.1805	0.8063	-0.5651	0.4476	0.693	789	0	374	4	2	0.01	0.05	0	0.01	1
0.0151	0.1322	0.7892	0.2353	0.5425	-0.8422	0.3112	-0.4403	511	792	377	4	1	0.0182	0.2	0	0.0367	1
0.0102	0.0302	0.6798	0.2643	0.5093	-0.6367	-0.7121	-0.2957	791	793	377	4	2	0.01	0.05	0	0.01	1
0.0084	0.0923	0.6492	0.2483	0.4881	-0.4042	-0.914	-0.0339	792	0	377	4	3	0.0163	0.1167	0	0.0267	1
0.0269	0.0537	0.9421	0.3983	0.5411	0.5394	-0.6233	0.5661	514	795	381	4	1	0.007	0.4167	1	0.0266	1
0.0268	0.0548	0.971	0.3648	0.5715	-0.8982	0.4351	0.0633	794	796	381	4	2	0.007	0.4167	0	0.0266	1
0.0306	0.1155	0.9141	0.398	0.588	-0.884	-0.4085	-0.2273	795	797	381	4	3	0.0179	0.2262	0	0.0352	1
0.0266	0.0222	0.8196	0.3594	0.5524	-0.4121	-0.4806	-0.7741	796	0	381	4	4	0.0061	0.1667	0	0.0233	1
0.028	0.1655	1.0527	0.5292	0.6288	-0.4183	-0.751	0.5109	516	799	382	4	1	0.0116	0.1778	0	0.0406	1
0.028	0.1349	0.9863	0.4045	0.7198	-0.5318	-0.8305	0.1657	798	800	382	4	2	0.0078	0.1429	0	0.0376	1
0.0145	0.002	0.942	0.3074	0.7179	-0.3645	-0.5486	-0.7524	799	801	382	4	3	0.01	0.05	0	0.01	1
0.01	0.1078	0.9413	0.3063	0.7164	-0.9134	-0.393	0.1062	800	0	382	4	4	0.01	0.05	0	0.01	1
0.0135	0.2345	0.9076	0.3072	0.5119	0.5914	0.804	0.0619	513	803	790	4	1	0.007	0.0583	0	0.0253	1
0.0095	0.1104	1.065	0.4708	0.5017	-0.0301	0.6912	-0.722	802	804	790	4	2	0.0165	0.1667	0	0.0466	1
0.0129	0.1461	1.0861	0.52	0.3917	-0.7621	-0.6465	-0.0345	803	0	790	4	3	0.0066	0.1667	0	0.019	1
0.0308	0.1261	0.2899	0.0842	0.689	0.6961	-0.3404	0.6321	523	806	384	4	1	0.0065	0.5	0	0.0308	1
0.0308	0.061	0.3798	0.0513	0.7446	0.9177	-0.3888	-0.0814	805	807	384	4	2	0.01	0.05	0	0.01	1
0.0308	0.064	0.4306	0.0092	0.7498	0.9664	-0.1611	0.2001	806	0	384	4	3	0.0084	0.1	0	0.01	1
0.0344	0.1422	0.4537	0.0251	0.5656	0.3867	-0.4281	0.8169	528	809	791	4	1	0.0043	0.4688	1	0.0344	1
0.0344	0.0971	0.5087	-0.0358	0.6818	-0.482	-0.5793	0.6573	808	810	791	4	2	0.0043	0.4688	0	0.0344	1
0.0344	0.1262	0.4624	-0.0847	0.7463	0.4905	-0.1219	0.8628	809	811	791	4	3	0.0042	0.2	0	0.0346	1
0.0344	0.0139	0.5197	-0.0926	0.856	0.3262	0.0995	0.94	810	812	791	4	4	0.0084	0.1136	0	0.01	1
0.0344	0.0728	0.5232	-0.0552	0.8893	0.3035	-0.4586	0.8352	811	0	791	4	5	0.0055	0.1091	0	0.01	1
0.0396	0.0301	0.7574	-0.1768	0.5905	-0.47	-0.5063	-0.723	548	814	393	4	1	0.0113	0.4074	1	0.0396	1
0.0396	0.0751	0.7433	-0.192	0.5688	-0.1596	0.1626	-0.9737	813	815	393	4	2	0.0113	0.4074	0	0.0396	1
0.0396	0.104	0.7127	-0.2463	0.5076	-0.9516	0.2297	-0.2044	814	816	393	4	3	0.0087	0.1538	0	0.0242	1
0.0396	0.0235	0.6097	-0.1981	0.4611	-0.8268	-0.4639	-0.318	815	0	393	4	4	0.01	0.05	0	0.01	1
0.0176	0.2835	0.6364	-0.0276	0.58	0.4078	0.1113	0.9062	546	818	794	4	1	0.003	0.3333	0	0.037	1
0.0147	0.058	0.7561	0.01	0.8403	0.3578	-0.6213	0.6971	817	0	794	4	2	0.0087	0.2778	0	0.0382	1
0.031	0.0391	-0.2548	-0.3214	0.7466	-0.1936	0.6954	0.6921	561	820	397	4	1	0.0063	0.5	1	0.031	1
0.031	0.1395	-0.2624	-0.2942	0.7736	-0.5712	0.7877	0.2308	819	821	397	4	2	0.0063	0.5	0	0.031	1
0.0256	0.0721	-0.333	-0.1996	0.8243	-0.7341	0.2971	0.6106	820	822	397	4	3	0.003	0.4167	0	0.0256	1
0.0256	0.1153	-0.388	-0.1559	0.8705	-0.7993	-0.1349	0.5855	821	823	397	4	4	0.0023	0.25	0	0.0214	1
0.0256	0.0463	-0.4951	-0.1939	0.912	-0.6747	-0.3218	0.6643	822	824	397	4	5	0.0076	0.125	0	0.01	1
0.0256	0.0802	-0.52	-0.2157	0.9804	-0.9779	-0.1584	0.1366	823	0	397	4	6	0.0033	0.1167	0	0.01	1
0.0409	0.4312	-0.2919	-0.3496	0.7345	-0.5727	-0.3116	0.7582	561	826	398	4	1	0.0115	0.3675	0	0.0412	1
0.0403	0.0981	-0.5538	-0.4744	1.0562	-0.5004	-0.3411	0.7957	825	827	398	4	2	0.0075	0.4444	0	0.0403	1
0.0342	0.1084	-0.6056	-0.485	1.1551	-0.7536	-0.4898	0.4384	826	828	398	4	3	0.0047	0.5938	0	0.0342	1
0.0407	0.2522	-0.7028	-0.5417	1.1903	-0.4049	-0.5998	0.6902	827	829	398	4	4	0.0073	0.4074	0	0.0416	1
0.0348	0.0667	-0.8249	-0.6814	1.3589	-0.5389	-0.7823	0.3124	828	830	398	4	5	0.0042	0.2917	0	0.0348	1
0.0342	0.1216	-0.8829	-0.7128	1.371	-0.6479	-0.4193	0.636	829	831	398	4	6	0.0075	0.1515	0	0.0234	1
0.0342	0.0625	-0.9449	-0.7553	1.4774	-0.7044	-0.4599	0.5406	830	832	398	4	7	0.0094	0.2727	0	0.0236	1
0.0342	0.1128	-1.0005	-0.7889	1.5016	-0.4222	-0.5006	0.7557	831	833	398	4	8	0.0066	0.1515	0	0.029	1
0.0342	0.1336	-1.0238	-0.8653	1.6027	-0.6225	-0.1474	0.7686	832	834	398	4	9	0.0044	0.125	0	0.0301	1
0.0395	0.0389	-1.1154	-0.9602	1.6965	-0.8932	0.0475	0.4472	833	835	398	4	10	0.0137	0.1923	0	0.0666	1
0.0342	0.0263	-1.1496	-0.9584	1.7137	-0.1537	-0.7897	-0.594	834	836	398	4	11	0.0057	0.1136	0	0.01	1
0.0342	0.0778	-1.1118	-1.008	1.726	0.124	-0.5896	-0.7982	835	0	398	4	12	0.0063	0.1061	0	0.01	1
0.01	0.4584	-0.3473	-0.5897	0.8024	-0.1179	-0.0438	0.9921	562	838	402	4	1	0.01	0.05	1	0.01	1
0.01	0.0951	-0.4013	-0.6098	1.2572	-0.6761	-0.6761	-0.2928	837	0	402	4	2	0.01	0.05	0	0.01	1
0.0212	0.3348	-0.4356	-0.9651	1.0422	0.3319	0.6843	0.6493	564	840	404	4	1	0.005	0.1875	0	0.0232	1
0.01	0.0539	-0.341	-0.7192	1.2573	-0.5124	-0.3966	0.7616	839	0	404	4	2	0.01	0.05	0	0.01	1
0.0161	0.0923	-0.4651	-0.8341	1.0357	-0.5368	-0.5089	0.673	563	842	405	4	1	0.0229	0.2292	1	0.049	1
0.0161	0.1691	-0.5047	-0.8776	1.109	-0.3587	-0.7532	0.5513	841	0	405	4	2	0.0462	0.1556	0	0.049	1
0.0361	0.3456	-0.6638	-1.739	1.2993	0.2904	0.9389	0.1847	572	844	407	4	1	0.0118	0.4167	0	0.0361	1
0.0361	0.0575	-0.5443	-1.4542	1.4042	0.0593	0.732	0.6787	843	845	407	4	2	0.0075	0.0521	0	0.0251	1
0.0361	0.0616	-0.555	-1.4071	1.4183	0.3756	0.9263	-0.0286	844	846	407	4	3	0.01	0.05	0	0.01	1
0.0361	0.0617	-0.5019	-1.3556	1.4169	0.1613	0.8429	-0.5132	845	0	407	4	4	0.0066	0.125	0	0.01	1
0.0362	0.2127	-0.5113	-1.1463	1.1058	-0.34	-0.643	0.6862	565	848	795	4	1	0.0057	0.25	0	0.0372	1
0.0322	0.079	-0.5938	-1.2694	1.259	-0.8067	-0.591	-0.0044	847	849	795	4	2	0.0038	0.25	0	0.0322	1
0.0237	0.1438	-0.6414	-1.3339	1.2553	-0.5295	-0.5927	0.6069	848	850	795	4	3	0.003	0.125	0	0.0223	1
0.0208	0.1384	-0.7242	-1.4111	1.3423	-0.7613	-0.6308	0.1498	849	851	795	4	4	0.0029	0.2	0	0.019	1
0.0232	0.1382	-0.8099	-1.4794	1.3937	-0.7359	-0.2495	0.6295	850	852	795	4	5	0.011	0.07	0	0.0293	1
0.0103	0.0822	-0.863	-1.4797	1.4785	-0.2023	0.3459	0.9162	851	853	795	4	6	0.01	0.05	0	0.01	1
0.0103	0.0641	-0.8708	-1.4875	1.4682	-0.8898	-0.4461	0.0963	852	0	795	4	7	0.007	0.1333	0	0.0167	1
0.0186	0.0383	-0.6881	-1.7865	1.3269	0.4588	0.2742	0.8452	573	855	682	4	1	0.0061	0.3333	0	0.0198	1
0.0135	0.0755	-0.6631	-1.7732	1.3615	-0.15	-0.3424	0.9275	854	856	682	4	2	0.01	0.05	0	0.01	1
0.01	0.0615	-0.6744	-1.799	1.4316	0.2511	0.6541	0.7135	855	0	682	4	3	0.01	0.05	0	0.01	1
0.0352	0.0879	0.7026	-0.5311	0.5629	-0.7333	0.3887	0.5578	581	858	796	4	1	0.0095	0.1875	1	0.0586	1
0.0352	0.0689	0.6754	-0.5067	0.6706	-0.7499	0.3815	0.5405	857	859	796	4	2	0.0077	0.2292	0	0.0586	1
0.0165	0.0998	0.6229	-0.4875	0.7065	-0.4449	-0.1135	0.8884	858	860	796	4	3	0.0062	0.0857	0	0.01	1
0.01	0.1552	0.571	-0.5132	0.7838	-0.9038	0.1583	0.3976	859	0	796	4	4	0.01	0.05	0	0.01	1
0.0337	0.2589	0.3958	-1.7013	0.2789	-0.1312	-0.8811	0.4543	601	862	797	4	1	0.0064	0.2841	0	0.0341	1
0.0281	0.1129	0.3538	-1.9295	0.394	-0.0833	-0.9583	0.2735	861	863	797	4	2	0.0075	0.2667	0	0.02	1
0.0304	0.1512	0.3045	-2.0281	0.4381	-0.1137	-0.9359	0.3335	862	864	797	4	3	0.0036	0.475	0	0.0304	1
0.0281	0.0689	0.2976	-2.1782	0.4757	-0.2684	-0.8844	0.3819	863	865	797	4	4	0.0042	0.5	0	0.0281	1
0.0337	0.0832	0.2672	-2.2352	0.5253	-0.2149	-0.975	0.0573	864	866	797	4	5	0.004	0.4583	0	0.0351	1
0.0281	0.0791	0.2498	-2.3158	0.5215	-0.6198	-0.7798	-0.0878	865	867	797	4	6	0.0022	0.3333	0	0.0249	1
0.0281	0.0615	0.1891	-2.3858	0.4825	-0.2006	-0.9285	0.3126	866	868	797	4	7	0.01	0.175	0	0.01	1
0.0281	0.0743	0.1916	-2.4363	0.5103	0.1515	-0.8933	0.4231	867	0	797	4	8	0.0088	0.14	0	0.01	1
0.0414	0.2121	0.3812	-0.6361	0.7489	0.4562	0.8843	-0.0999	610	870	166	4	1	0.0094	0.3175	1	0.0414	1
0.0414	0.4067	0.478	-0.4485	0.7277	-0.1967	-0.968	0.1559	869	871	166	4	2	0.0094	0.3175	0	0.0414	1
0.0417	0.1065	0.4047	-0.8542	0.7855	-0.187	-0.5004	0.8454	870	872	166	4	3	0.0149	0.5357	0	0.0491	1
0.0412	0.107	0.3819	-0.9047	0.8854	0.2712	-0.9026	0.3344	871	873	166	4	4	0.0137	0.4286	0	0.0501	1
0.0353	0.208	0.4559	-1.0253	0.993	-0.2427	-0.9554	-0.1682	872	874	166	4	5	0.0042	0.1406	0	0.0353	1
0.0287	0.073	0.389	-1.2297	0.9632	0.3685	-0.252	0.8948	873	875	166	4	6	0.0034	0.5417	0	0.0287	1
0.0294	0.0798	0.4221	-1.2458	1.0269	0.3575	-0.3424	0.8689	874	876	166	4	7	0.0036	0.5	0	0.0294	1
0.0369	0.1463	0.4372	-1.2674	1.1093	0.3029	-0.7225	0.6215	875	877	166	4	8	0.0195	0.131	0	0.0553	1
0.0347	0.2609	0.4394	-1.3358	1.2414	-0.0481	-0.7637	0.6437	876	878	166	4	9	0.0098	0.0649	0	0.0646	1
0.0287	0.2264	0.4568	-1.5479	1.398	-0.0073	-0.6737	0.739	877	879	166	4	10	0.0076	0.05	0	0.01	1
0.0287	0.1489	0.4305	-1.5348	1.5703	-0.0861	-0.043	0.9954	878	0	166	4	11	0.0086	0.075	0	0.01	1
0.0321	0.533	0.381	-0.5904	0.9561	-0.9534	-0.1074	-0.282	611	881	798	4	1	0.0682	0.1733	1	0.0416	1
0.0321	0.128	-0.0515	-0.7106	0.8678	-0.5087	-0.8314	-0.2235	880	882	798	4	2	0.0149	0.375	0	0.0416	1
0.0321	0.1232	-0.0946	-0.8369	0.8455	-0.4695	-0.2469	0.8477	881	883	798	4	3	0.0053	0.55	0	0.0334	1
0.032	0.0708	-0.1572	-0.8597	0.9595	-0.3887	-0.8034	0.4511	882	884	798	4	4	0.0082	0.3182	0	0.0416	1
0.0306	0.078	-0.2154	-0.917	0.9742	-0.3785	-0.6182	0.6889	883	885	798	4	5	0.0049	0.3333	0	0.0294	1
0.0306	0.084	-0.2478	-0.9672	1.0493	-0.1686	-0.9794	-0.111	884	886	798	4	6	0.01	0.22	0	0.021	1
0.0306	0.0887	-0.2686	-1.0964	1.052	-0.3775	0.2784	0.8832	885	887	798	4	7	0.0034	0.375	0	0.0295	1
0.0319	0.1131	-0.3088	-1.0746	1.1573	0.0929	-0.9922	-0.0836	886	888	798	4	8	0.0044	0.2917	0	0.0356	1
0.0319	0.0906	-0.3493	-1.2282	1.1461	0.411	-0.474	-0.7787	887	889	798	4	9	0.0028	0.4375	0	0.0344	1
0.0306	0.1017	-0.3185	-1.2591	1.0932	-0.399	-0.8186	0.4132	888	890	798	4	10	0.0031	0.375	0	0.0292	1
0.0306	0.0918	-0.345	-1.3547	1.1474	-0.4658	-0.83	-0.3069	889	891	798	4	11	0.0035	0.375	0	0.0298	1
0.0306	0.1202	-0.3899	-1.4325	1.1331	0.0659	-0.9925	-0.1031	890	892	798	4	12	0.0035	0.3438	0	0.0262	1
0.0306	0.0703	-0.421	-1.5551	1.1395	-0.0057	-0.9824	-0.1866	891	893	798	4	13	0.0038	0.4583	0	0.0306	1
0.0306	0.1807	-0.4508	-1.6206	1.136	-0.0018	-0.9382	0.346	892	894	798	4	14	0.0056	0.0667	0	0.0181	1
0.0311	0.0817	-0.4453	-1.7922	1.295	0.0224	-0.9995	-0.0228	893	895	798	4	15	0.0139	0.14	0	0.5647	1
0.0306	0.0874	-0.4268	-1.8837	1.2646	-0.0778	-0.9553	0.2853	894	896	798	4	16	0.0019	0.12	0	0.01	1
0.031	0.0012	-0.4825	-1.9015	1.3595	-0.0575	-0.7472	0.6621	895	897	798	4	17	0.0057	0.15	0	0.088	1
0.0306	0.0901	-0.4593	-1.9021	1.346	0.2453	-0.8915	0.3807	896	898	798	4	18	0.0038	0.2083	0	0.0271	1
0.0306	0.1163	-0.4817	-1.9849	1.3857	0.109	-0.8562	0.5051	897	899	798	4	19	0.009	0.0556	0	0.0243	1
0.0306	0.0846	-0.464	-2.0713	1.4616	0.0614	-0.7997	0.5973	898	900	798	4	20	0.0058	0.0455	0	0.0214	1
0.0306	0.1169	-0.4172	-2.1412	1.5029	0.0517	-0.8895	0.454	899	901	798	4	21	0.0036	0.0833	0	0.01	1
0.0306	0.0101	-0.4738	-2.0994	1.5044	-0.2421	0.2293	0.9428	900	0	798	4	22	0.0082	0.2	0	0.01	1
0.0205	0.1484	0.3468	-1.4043	1.6347	-0.0287	-0.9725	0.2312	621	903	720	4	1	0.0054	0.25	0	0.0239	1
0.0154	0.0583	0.3109	-1.5377	1.6675	-0.3134	-0.8442	0.4348	902	904	720	4	2	0.0038	0.175	0	0.01	1
0.0127	0.0645	0.3002	-1.59	1.6928	-0.3703	-0.8986	-0.2353	903	905	720	4	3	0.01	0.05	0	0.01	1
0.01	0.1707	0.2763	-1.648	1.6777	-0.4277	-0.4723	-0.7707	904	0	720	4	4	0.01	0.05	0	0.01	1
0.01	0.1695	-0.6945	1.4777	0.4714	0.4754	-0.2619	-0.8399	659	907	627	4	1	0.01	0.05	1	0.01	0
0.01	0.0914	-0.6139	1.4333	0.329	-0.3678	0.9205	-0.1321	906	0	627	4	2	0.01	0.05	0	0.01	0
0.01	0.1995	-1.2991	-0.4704	0.2161	0.3892	-0.4299	0.8147	683	0	471	5	1	0.01	0.05	0	0.01	0
0.0376	0.1646	-1.3913	-0.5146	0.2678	0.5489	0.0826	0.8318	683	910	472	5	1	0.0092	0.5	1	0.0376	0
0.0376	0.0783	-1.301	-0.501	0.4047	0.6581	-0.7496	0.0703	909	911	472	5	2	0.0092	0.5	0	0.0376	0
0.0376	0.046	-1.2854	-0.5365	0.4293	-0.5199	-0.1061	-0.8476	910	0	472	5	3	0.0037	0.05	0	0.0431	0
0.0102	0.2309	-2.0238	-0.6823	0.4459	0.8116	0.0545	-0.5817	688	913	804	5	1	0.0031	0.2917	0	0.0245	1
0.0107	0.0484	-1.8377	-0.6696	0.3096	0.8462	-0.0831	-0.5263	912	0	804	5	2	0.0071	0.2813	0	0.0266	1
0.0162	0.2323	-0.8886	-0.2813	0.2704	0.2397	-0.8063	0.5408	693	915	267	5	1	0.0066	0.25	1	0.0453	0
0.0162	0.1506	-0.8628	-0.468	0.395	0.0367	0.0583	-0.9976	914	0	267	5	2	0.015	0.2125	0	0.0453	0
0.0261	0.3343	-0.9277	-0.2119	0.0181	-0.9559	-0.2674	0.1215	694	0	269	5	1	0.0052	0.1563	0	0.0261	0
0.0193	0.434	-1.0811	-0.3377	0.1154	0.9845	0.0229	0.174	693	918	272	5	1	0.0144	0.2637	1	0.0609	0
0.0193	0.1833	-0.6507	-0.3279	0.2029	0.2273	0.9726	-0.0488	917	0	272	5	2	0.0393	0.28	0	0.0609	0
0.0366	0.2166	-1.2822	-0.1831	0.3563	-0.0938	-0.5054	-0.8578	694	920	278	5	1	0.0038	0.225	1	0.0231	0
0.0366	0.1412	-1.3296	-0.2988	0.1735	0.0775	0.1407	0.987	919	921	278	5	2	0.0084	0.1354	0	0.0231	0
0.0375	0.1253	-1.268	-0.2788	0.3206	-0.1399	0.3926	0.909	920	922	278	5	3	0.0043	0.1778	0	0.0395	0
0.0366	0.0719	-1.2854	-0.2456	0.4316	-0.9728	-0.052	0.2256	921	0	278	5	4	0.0061	0.4167	0	0.0366	0
0.0307	0.6077	-1.1397	-0.0231	0.44	0.9505	-0.0033	-0.3106	695	924	805	5	1	0.0042	0.375	1	0.0307	0
0.0307	0.095	-0.5621	-0.0251	0.2512	0.7974	0.2136	-0.5644	923	0	805	5	2	0.0042	0.375	0	0.0307	0
0.0129	0.1403	-1.6108	-0.4703	0.4642	-0.7241	-0.3924	-0.5672	704	926	625	5	1	0.0134	0.26	0	0.043	0
0.0146	0.1319	-1.711	-0.5363	0.3839	0.7031	0.0438	0.7098	925	0	625	5	2	0.0065	0.2159	0	0.0184	0
0.0036	0.0717	-0.8242	1.4547	0.4045	0.8653	-0.1559	0.4763	717	928	806	5	1	0.0104	0.375	1	0.0313	1
0.0035	0.078	-0.7641	1.4455	0.4339	0.0665	-0.9107	-0.4077	927	929	806	5	2	0.027	0.35	0	0.0313	1
0.0034	0.0647	-0.75	1.3847	0.4263	0.1364	-0.9291	0.3438	928	930	806	5	3	0.0231	0.325	0	0.0275	1
0.0033	0.0652	-0.7503	1.3119	0.4601	0.8826	-0.3122	0.3516	929	931	806	5	4	0.0181	0.3	0	0.0246	1
0.0031	0.0853	-0.6981	1.2841	0.4915	0.1386	-0.7918	-0.5949	930	0	806	5	5	0.0178	0.22	0	0.0224	1
0.0025	0.3275	0.3235	0.8376	0.8166	-0.5561	0.5726	0.6024	746	933	558	5	1	0.0289	0.0294	1	0.1288	1
0.0025	0.2707	0.1686	0.9997	0.9782	0.7582	-0.0907	0.6457	932	934	558	5	2	0.0432	0.0833	0	0.1288	1
0.0122	0.0512	0.3932	0.9831	1.1597	0.0986	-0.7703	0.6301	933	0	558	5	3	0.008	0.3333	0	0.0228	1
0.0268	0.0465	0.7463	2.1377	1.027	0.9366	-0.31	-0.1632	755	936	560	5	1	0.0095	0.175	1	0.0368	1
0.0268	0.1491	0.7865	2.1215	1.0157	-0.7442	0.0133	0.6679	935	937	560	5	2	0.0089	0.0875	0	0.0368	1
0.0141	0.0975	0.6981	2.1219	1.1488	-0.5312	-0.785	0.3187	936	938	560	5	3	0.01	0.05	0	0.01	1
0.01	0.117	0.6463	2.0453	1.1799	-0.5347	0.1898	0.8234	937	0	560	5	4	0.01	0.05	0	0.01	1
0.0307	0.3502	0.397	0.9911	0.6854	0.2324	0.1797	0.9559	747	940	809	5	1	0.0194	0.4	0	0.0474	1
0.0307	0.1095	0.4655	1.077	1.0211	0.764	0.4097	0.4984	939	941	809	5	2	0.0272	0.7	0	0.0567	1
0.0307	0.0915	0.545	1.1288	1.0713	0.561	0.6569	0.5038	940	942	809	5	3	0.0229	0.6667	0	0.0515	1
0.0307	0.1044	0.6041	1.1827	1.1336	-0.2984	0.8368	0.459	941	943	809	5	4	0.019	0.7	0	0.0464	1
0.0306	0.1192	0.5814	1.2599	1.2377	0.192	0.9702	0.1476	942	944	809	5	5	0.014	0.6286	0	0.037	1
0.0307	0.0641	0.61	1.375	1.253	0.176	0.9622	0.208	943	945	809	5	6	0.0152	0.625	0	0.0444	1
0.0305	0.0901	0.6103	1.4415	1.2826	0.6433	0.7347	0.2154	944	946	809	5	7	0.0189	0.68	0	0.0443	1
0.0304	0.1289	0.6599	1.5086	1.3055	0.3417	0.676	0.6529	945	947	809	5	8	0.0148	0.5714	0	0.039	1
0.0303	0.0829	0.7087	1.5934	1.3896	0.431	0.8886	-0.1569	946	948	809	5	9	0.0052	0.5417	0	0.0328	1
0.0302	0.1191	0.7354	1.6595	1.4144	0.5469	0.7858	0.2888	947	949	809	5	10	0.0135	0.4667	0	0.0385	1
0.0287	0.0865	0.7807	1.7617	1.4456	0.2073	0.7194	0.663	948	950	809	5	11	0.004	0.4583	0	0.0287	1
0.0287	0.1169	0.8034	1.8242	1.4925	0.399	0.8957	0.1961	949	951	809	5	12	0.0033	0.375	0	0.025	1
0.0287	0.0842	0.8535	1.9261	1.5223	0.4003	0.9034	0.1538	950	0	809	5	13	0.0088	0.2813	0	0.0238	1
0.0297	0.1461	0.5438	1.6542	1.0077	-0.4257	0.258	0.8673	752	953	654	5	1	0.0069	0.25	0	0.0331	1
0.0212	0.0325	0.493	1.7051	1.1392	-0.7748	0.5857	0.2379	952	954	654	5	2	0.0057	0.16	0	0.01	1
0.0275	0.105	0.4832	1.7171	1.1427	-0.3009	-0.8845	0.3565	953	955	654	5	3	0.0082	0.1667	0	0.0326	1
0.0232	0.1241	0.4394	1.6263	1.1836	0.2742	0.8389	0.4702	954	956	654	5	4	0.0036	0.125	0	0.0276	1
0.0128	0.112	0.4894	1.7177	1.2537	0.199	0.7866	0.5845	955	957	654	5	5	0.01	0.05	0	0.01	1
0.01	0.0847	0.4339	1.7743	1.2538	-0.5034	0.842	0.1938	956	958	654	5	6	0.01	0.05	0	0.01	1
0.0062	0.0458	0.4165	1.7717	1.2146	-0.5988	0.3413	-0.7245	957	0	654	5	7	0.01	0.05	0	0.01	1
0.0078	0.2235	0.576	1.7076	1.0128	0.1396	0.7338	0.6649	752	960	655	5	1	0.0141	0.0667	0	0.0243	1
0.0078	0.1318	0.5843	1.8473	1.1812	-0.5696	0.7706	0.2859	959	961	655	5	2	0.0178	0.1286	0	0.0273	1
0.008	0.0497	0.5109	1.944	1.2017	-0.7032	0.6641	-0.2539	960	0	655	5	3	0.01	0.05	0	0.01	1
0.01	0.1412	0.7042	2.0888	1.0426	-0.1645	-0.9492	0.2684	755	963	661	5	1	0.01	0.05	1	0.01	1
0.01	0.0874	0.681	1.9548	1.0805	-0.5919	-0.7809	0.1994	962	964	661	5	2	0.01	0.05	0	0.01	1
0.01	0.097	0.6293	1.8866	1.0979	0.0103	-0.7559	-0.6546	963	0	661	5	3	0.01	0.05	0	0.01	1
0.013	0.4	1.0145	1.5244	1.4905	-0.5963	-0.6473	-0.4747	765	966	572	5	1	0.0125	0.0476	0	0.0243	1
0.0111	0.0909	0.7736	1.2731	1.3029	-0.8999	-0.1474	-0.4104	965	967	572	5	2	0.0115	0.24	0	0.0234	1
0.01	0.0756	0.6986	1.2505	1.2574	-0.8365	-0.5411	-0.0863	966	0	572	5	3	0.01	0.05	0	0.01	1
0.0314	0.2172	0.6473	0.6221	0.703	0.841	-0.0647	0.5372	769	969	365	5	1	0.011	0.0818	1	0.0427	1
0.0308	0.0711	0.8417	0.5966	0.8261	0.3562	0.7083	0.6095	968	970	365	5	2	0.0095	0.18	0	0.0427	1
0.0293	0.2109	0.9018	0.6317	0.8559	0.4411	0.2471	0.8628	969	971	365	5	3	0.0165	0.1091	0	0.0456	1
0.0243	0.3193	0.973	0.6722	1.0665	0.5772	0.5029	0.6433	970	972	365	5	4	0.0225	0.0563	0	0.0653	1
0.0227	0.1075	1.1819	0.8169	1.2327	0.789	0.5508	0.2721	971	973	365	5	5	0.0157	0.18	0	0.0489	1
0.0218	0.0875	1.2527	0.867	1.2257	0.7369	0.5302	-0.4193	972	974	365	5	6	0.009	0.25	0	0.0288	1
0.01	0.0647	1.2941	0.9215	1.2011	0.0073	0.8383	-0.5452	973	975	365	5	7	0.01	0.05	0	0.01	1
0.0099	0.0133	1.3206	0.9185	1.1787	0.8781	0.3188	-0.3569	974	976	365	5	8	0.01	0.05	0	0.01	1
0.0067	0.0566	1.3323	0.9228	1.1739	-0.5212	0.7598	-0.3887	975	0	365	5	9	0.01	0.05	0	0.01	1
0.0118	0.1257	0.8482	0.9427	0.9826	0.4174	0.0459	-0.9075	771	978	367	5	1	0.008	0.3333	1	0.0249	1
0.0118	0.0853	0.8993	0.9572	0.8683	-0.5065	-0.0998	-0.8564	977	979	367	5	2	0.0077	0.12	0	0.0249	1
0.01	0.1023	0.8735	0.9427	0.7886	-0.4536	-0.5485	-0.7024	978	0	367	5	3	0.01	0.05	0	0.01	1
0.0083	0.1134	-0.4628	0.4356	0.7209	0.6741	-0.426	-0.6034	786	981	811	5	1	0.0087	0.1167	0	0.0352	1
0.0095	0.1003	-0.3396	0.4235	0.6918	0.7312	-0.6067	-0.3117	980	982	811	5	2	0.0122	0.24	0	0.0363	1
0.0069	0.0702	-0.2669	0.3639	0.6577	-0.3058	-0.889	-0.3407	981	0	811	5	3	0.0081	0.08	0	0.0222	1
0.0227	0.0393	-0.4807	0.4961	0.7	0.1773	0.7102	0.6813	788	984	674	5	1	0.0037	0.375	1	0.0229	1
0.0227	0.0732	-0.4737	0.524	0.7267	0.8986	-0.111	0.4244	983	985	674	5	2	0.0037	0.375	0	0.0229	1
0.0135	0.0689	-0.4119	0.5013	0.7597	0.5115	-0.2502	-0.8221	984	986	674	5	3	0.01	0.05	0	0.01	1
0.01	0.0861	-0.3767	0.4841	0.7031	-0.0045	0.9445	-0.3285	985	0	674	5	4	0.01	0.05	0	0.01	1
0.0235	0.0636	-0.4575	-0.3952	0.9477	-0.0798	0.9962	-0.0335	825	988	589	5	1	0.0065	0.3125	1	0.0235	1
0.0235	0.171	-0.4626	-0.3318	0.9456	0.7634	0.6281	0.1511	987	0	589	5	2	0.0065	0.3125	0	0.0235	1
0.0148	0.0801	-0.9831	-0.7714	1.5254	0.248	0.9327	0.2618	832	990	815	5	1	0.0127	0.225	0	0.0277	1
0.0116	0.1042	-0.9485	-0.7141	1.5078	0.7669	0.6418	0.0042	989	991	815	5	2	0.0142	0.2	0	0.0331	1
0.01	0.0245	-0.8792	-0.6401	1.5099	0.2259	0.1076	0.9682	990	0	815	5	3	0.01	0.05	0	0.01	1
0.0103	0.1964	-0.3721	-0.7904	1.188	-0.231	-0.9483	-0.2174	839	0	816	5	1	0.0144	0.2636	0	0.0249	1
0.0099	0.1888	-0.5492	-1.248	1.1615	-0.4839	0.8415	0.2402	847	994	817	5	1	0.0362	0.23	0	0.059	1
0.0122	0.1194	-0.6053	-1.0757	1.2019	-0.1082	0.5789	0.8082	993	995	817	5	2	0.0149	0.275	0	0.0292	1
0.0099	0.0687	-0.6208	-1.0058	1.2949	-0.0407	0.9719	0.2318	994	0	817	5	3	0.01	0.05	0	0.01	1
0.0185	0.1242	0.4634	-0.6358	0.792	0.3257	-0.5863	0.7417	870	997	423	5	1	0.0047	0.25	1	0.0196	1
0.0168	0.1141	0.5038	-0.7086	0.8841	0.4499	-0.8766	0.1706	996	998	423	5	2	0.0047	0.25	0	0.0196	1
0.0125	0.0578	0.5469	-0.8076	0.9156	0.0544	-0.9916	0.1172	997	999	423	5	3	0.01	0.05	0	0.01	1
0.01	0.0772	0.55	-0.865	0.9224	-0.3487	-0.7912	-0.5024	998	0	423	5	4	0.01	0.05	0	0.01	1
0.0365	0.4993	0.4088	-0.6482	0.7773	0.1364	-0.8274	0.5449	869	1001	818	5	1	0.0068	0.375	1	0.0365	1
0.033	0.1676	0.4769	-1.0613	1.0494	-0.1574	-0.7119	0.6844	1000	1002	818	5	2	0.0068	0.375	0	0.0365	1
0.024	0.0338	0.4753	-1.1778	1.1522	0.1013	-0.9946	-0.0211	1001	1003	818	5	3	0.0113	0.3333	0	0.0264	1
0.0104	0.0935	0.4773	-1.2073	1.1524	0.0377	-0.2022	0.9786	1002	1004	818	5	4	0.01	0.05	0	0.01	1
0.0066	0.0761	0.4808	-1.2262	1.2439	0.1801	-0.5002	0.847	1003	0	818	5	5	0.01	0.05	0	0.01	1
0.0305	0.1238	0.1654	-0.6245	0.8601	0.417	-0.2576	-0.8716	880	1006	168	5	1	0.0102	0.375	1	0.045	1
0.0286	0.2295	0.2242	-0.6509	0.7529	-0.4173	0.449	0.7901	1005	1007	168	5	2	0.0201	0.4083	0	0.045	1
0.0252	0.0825	0.1872	-0.6119	0.8887	-0.4272	-0.7503	0.5045	1006	1008	168	5	3	0.012	0.3	0	0.032	1
0.01	0.0937	0.1674	-0.6747	0.9325	-0.1473	-0.459	0.8762	1007	1009	168	5	4	0.01	0.05	0	0.01	1
0.0058	0.0413	0.1536	-0.7177	1.0146	-0.3605	-0.9196	0.1561	1008	0	168	5	5	0.01	0.05	0	0.01	1
0.0287	0.2517	-0.0514	-0.7194	0.8335	0.0045	-0.2507	-0.9681	881	1011	170	5	1	0.0071	0.4375	1	0.0287	1
0.0287	0.1187	-0.0502	-0.7825	0.5899	-0.7564	-0.5347	-0.3769	1010	0	170	5	2	0.0071	0.4375	0	0.0287	1
0.0334	0.3589	-0.0142	-0.6424	0.9183	-0.1867	-0.422	0.8872	881	1013	819	5	1	0.0043	0.4583	0	0.0334	1
0.0334	0.0921	-0.0815	-0.786	1.2464	-0.4118	-0.7157	0.5641	1012	1014	819	5	2	0.0041	0.3333	0	0.0308	1
0.0334	0.1004	-0.1078	-0.8443	1.3146	-0.3603	-0.7175	0.5961	1013	1015	819	5	3	0.0029	0.2917	0	0.0226	1
0.0334	0.1262	-0.1378	-0.9304	1.3589	-0.4149	-0.7518	0.5125	1014	1016	819	5	4	0.0031	0.375	0	0.0246	1
0.0334	0.1179	-0.189	-1.0265	1.4218	-0.0022	-0.8141	0.5807	1015	1017	819	5	5	0.003	0.2917	0	0.0334	1
0.0334	0.0639	-0.2084	-1.1157	1.5006	-0.5249	-0.6657	-0.5304	1016	0	819	5	6	0.01	0.05	0	0.01	1
0.0456	0.1409	-0.9545	-0.0079	0.4501	-0.3607	0.9325	0.0172	0	0	824	0	1	0.0123	0.4	0	0.0456	0
0.01	0.559	0.3858	0.9499	0.6314	-0.2305	-0.1191	0.9657	939	1020	561	6	1	0.01	0.05	0	0.01	1
0.01	0.0242	0.2504	0.8773	1.1732	0.2878	0	0.9577	1019	0	561	6	2	0.01	0.05	0	0.01	1
0.0143	0.3208	0.4211	1.0273	0.7262	0.6077	0.4601	0.6473	939	1022	562	6	1	0.0178	0.1125	0	0.038	1
0.01	0.0255	0.6208	1.174	0.9247	-0.2667	0.9367	-0.227	1021	0	562	6	2	0.01	0.05	0	0.01	1
0.0058	0.202	0.5156	1.0897	1.0177	0.2858	-0.7273	0.624	940	0	564	6	1	0.0376	0.2636	0	0.0839	1
0.0262	0.2233	0.6028	1.2833	1.2156	0.5535	0.6047	-0.5727	943	1025	566	6	1	0.0053	0.2813	1	0.0262	1
0.025	0.0917	0.7264	1.4183	1.0877	-0.2955	0.8157	0.4973	1024	1026	566	6	2	0.0053	0.2813	0	0.0262	1
0.0225	0.0716	0.7067	1.5108	1.1114	0.2946	0.6919	0.6592	1025	1027	566	6	3	0.0031	0.3333	0	0.0251	1
0.0183	0.1178	0.7286	1.5654	1.1896	0.6239	0.7689	-0.1395	1026	1028	566	6	4	0.0066	0.22	0	0.0244	1
0.0078	0.066	0.8139	1.6545	1.1824	-0.2929	0.8131	0.503	1027	0	566	6	5	0.01	0.05	0	0.01	1
0.0081	0.2144	0.5845	0.9044	0.4913	-0.5457	0.306	0.7801	0	1030	826	0	1	0.0053	0.0273	0	0.0332	0
0.0156	0.1757	0.458	1.0451	0.6444	-0.4006	-0.2176	-0.8901	1029	1031	826	0	2	0.0101	0.1429	0	0.026	0
0.0083	0.0412	0.3899	1.0087	0.5017	0.715	-0.6986	-0.0262	1030	0	826	0	3	0.01	0.05	0	0.01	0
0.0228	0.1726	-0.0603	-0.6969	1.1077	0.3655	0.1352	0.9209	1012	1033	175	6	1	0.0042	0.5	0	0.0228	1
0.0228	0.0606	-0.0112	-0.6849	1.2626	0.1293	-0.4706	0.8728	1032	1034	175	6	2	0.0066	0.14	0	0.01	1
0.0228	0.1687	-0.0078	-0.7183	1.3244	0.2285	0.8022	0.5516	1033	0	175	6	3	0.0077	0.06	0	0.01	1
0.0052	0.277	-0.0504	-0.7587	1.1218	-0.4348	-0.877	0.2045	1012	1036	832	6	1	0.0232	0.1571	0	0.0604	1
0.0174	0.1178	-0.1678	-1.0252	1.1608	-0.482	-0.5654	0.6694	1035	1037	832	6	2	0.0128	0.0667	0	0.0237	1
0.0056	0.0252	-0.2199	-1.0905	1.241	-0.2747	-0.0158	0.9614	1036	0	832	6	3	0.01	0.05	0	0.01	1
0.0216	0.0692	-0.0256	-0.6957	1.2367	-0.2302	-0.4824	0.8452	1032	1039	431	7	1	0.0123	0.3438	1	0.035	1
0.0216	0.1048	-0.0411	-0.7235	1.2939	0.2957	0.19	0.9362	1038	1040	431	7	2	0.0175	0.2167	0	0.035	1
0.0131	0.0143	-0.0072	-0.7057	1.3672	0.9166	0.3926	0.0757	1039	1041	431	7	3	0.01	0.05	0	0.01	1
0.01	0.0503	0.006	-0.7	1.3682	-0.438	0.7023	-0.5611	1040	0	431	7	4	0.01	0.05	0	0.01	1
0.005	0.071	-0.1061	-0.869	1.1529	-0.0643	0.2721	0.9601	1035	1043	177	7	1	0.0028	0.25	1	0.0166	1
0.005	0.1093	-0.1099	-0.8461	1.2213	0.7984	-0.227	0.5578	1042	1044	177	7	2	0.0107	0.15	0	0.0166	1
0.005	0.0804	-0.0224	-0.8624	1.2844	0.1753	-0.243	0.954	1043	1045	177	7	3	0.0096	0.12	0	0.01	1
0.005	0.0544	-0.009	-0.8859	1.3602	-0.1444	-0.1957	0.97	1044	0	177	7	4	0.0129	0.18	0	0.01	1
