radius (m)	length (m)	start_point	axis_direction	parent	extension	branch	branch_order	position_in_branch	mad	SurfCov	added	UnmodRadius (m)	Rama_podada
0.0446	0.1772	-0.0521	0.3867	-2.4932	-0.0676	0.0378	0.997	0	2	1	0	1	0.0092	0.95	0	0.0446	0
0.047	0.0902	-0.0622	0.4041	-2.3155	-0.0475	-0.0876	0.995	1	3	1	0	2	0.0062	0.9	0	0.047	0
0.0422	0.1652	-0.0735	0.3915	-2.2257	0.004	0.0255	0.9997	2	4	1	0	3	0.0065	0.9815	0	0.0422	0
0.0445	0.1642	-0.0645	0.4118	-2.0586	-0.0394	-0.0987	0.9943	3	5	1	0	4	0.0068	0.8833	0	0.0445	0
0.0486	0.112	-0.0852	0.3893	-1.8958	-0.0019	-0.0776	0.997	4	6	1	0	5	0.0075	0.8864	0	0.0486	0
0.0437	0.1557	-0.0818	0.4063	-1.7784	0.0962	-0.2315	0.9681	5	7	1	0	6	0.0066	0.9	0	0.0437	0
0.0453	0.0977	-0.0871	0.384	-1.6221	0.127	-0.2054	0.9704	6	8	1	0	7	0.0063	0.875	0	0.0453	0
0.0436	0.118	-0.0755	0.3541	-1.5288	0.0782	-0.1499	0.9856	7	9	1	0	8	0.0066	0.925	0	0.0436	0
0.0504	0.0808	-0.06	0.3491	-1.4102	0.0629	-0.2057	0.9766	8	10	1	0	9	0.0085	0.9394	0	0.0504	0
0.0495	0.1046	-0.0634	0.325	-1.3282	0.2171	0.1577	0.9633	9	11	1	0	10	0.0084	0.8636	0	0.0495	0
0.051	0.1109	-0.057	0.3226	-1.2076	0.2109	0.6167	0.7584	10	12	1	0	11	0.0087	0.7455	0	0.051	0
0.0547	0.1965	-0.033	0.3379	-1.1137	-0.0067	0.1806	0.9835	11	13	1	0	12	0.0122	0.7188	0	0.0547	0
0.0585	0.17	-0.0192	0.3989	-0.9178	-0.0846	-0.0553	0.9949	12	14	1	0	13	0.0205	0.6263	0	0.0646	0
0.0565	0.2692	-0.0033	0.3652	-0.7798	-0.0312	-0.8028	0.5955	13	15	1	0	14	0.0202	0.5509	0	0.0663	0
0.058	0.3962	-0.0123	0.2084	-0.6151	0.2998	-0.0674	0.9516	14	16	1	0	15	0.0928	0.625	0	0.0765	0
0.0608	0.1383	0.018	0.0763	-0.4311	0.0062	-0.8789	0.4769	15	17	1	0	16	0.0095	0.7231	0	0.0608	0
0.0571	0.0889	0.0524	0.1108	-0.3103	0.2698	-0.3699	0.889	16	18	1	0	17	0.0104	0.8056	0	0.0571	0
0.057	0.1136	0.0627	0.0833	-0.2301	-0.0731	-0.3985	0.9142	17	19	1	0	18	0.01	0.8333	0	0.057	0
0.0544	0.181	0.0539	0.0309	-0.129	0.1965	-0.3608	0.9117	18	20	1	0	19	0.0109	0.7381	0	0.0544	0
0.0624	0.3718	0.0573	-0.0196	0.0438	0.0438	-0.3846	0.9221	19	21	1	0	20	0.0519	0.8079	0	0.0624	0
0.0562	0.4575	0.0973	-0.0423	0.3977	0.1029	-0.1111	0.9885	20	22	1	0	21	0.0907	0.4757	0	0.134	0
0.0564	0.4339	0.0781	0.0086	-0.0465	-0.9526	0.2864	0.1029	21	23	1	0	22	0.0491	0.5009	0	0.0843	0
0.0422	0.0777	-0.3364	0.0944	0.0086	-0.9967	0.0115	-0.0802	22	0	1	0	23	0.0021	0.0714	0	0.01	0
0.0158	0.4786	0.0099	0.1578	-0.3923	-0.6783	-0.2903	-0.675	15	25	13	1	1	0.0024	0.325	1	0.0163	0
0.0148	0.1403	-0.3147	0.0189	-0.7153	0.511	0.4065	0.7574	24	26	13	1	2	0.0024	0.325	0	0.0163	0
0.0117	0.07	-0.2498	0.0655	-0.6126	-0.0337	-0.3008	0.9531	25	27	13	1	3	0.01	0.05	0	0.01	0
0.01	0.0485	-0.2522	0.0444	-0.5458	-0.0503	0.1006	0.9937	26	0	13	1	4	0.01	0.05	0	0.01	0
0.0228	0.3831	-0.0629	0.2337	-0.6995	-0.4055	0.9116	-0.067	14	0	17	1	1	0.0182	0.095	0	0.0444	0
0.0141	0.272	-0.0572	0.1827	-0.6824	-0.8191	-0.5023	-0.2771	14	30	18	1	1	0.0025	0.225	1	0.0141	0
0.014	0.1223	-0.28	0.0461	-0.7578	0.0991	-0.9357	-0.3385	29	31	18	1	2	0.0025	0.225	0	0.0141	1
0.01	0.0746	-0.2662	-0.0734	-0.7919	-0.5488	-0.7404	-0.388	30	32	18	1	3	0.01	0.05	0	0.01	1
0.01	0.1819	-0.3072	-0.1286	-0.8208	-0.4921	-0.8687	-0.0577	31	33	18	1	4	0.01	0.05	0	0.01	1
0.0063	0.1562	-0.3967	-0.2866	-0.8313	-0.5839	-0.8054	-0.1023	32	0	18	1	5	0.01	0.05	0	0.01	1
0.0338	0.3841	-0.0759	0.1673	-0.7106	0.1175	-0.9095	-0.3988	15	35	27	1	1	0.0034	0.375	0	0.0327	0
0.0338	0.0516	-0.0613	-0.1875	-0.8434	0.391	-0.8492	0.3549	34	36	27	1	2	0.0031	0.4583	0	0.0338	0
0.0338	0.1974	-0.0518	-0.2315	-0.8372	-0.0269	-0.9988	0.0408	35	37	27	1	3	0.0034	0.2143	0	0.0327	0
0.0338	0.0812	-0.0268	-0.4261	-0.8342	0.041	-0.9676	-0.249	36	38	27	1	4	0.003	0.2917	0	0.0245	0
0.0338	0.1412	-0.0325	-0.5007	-0.8584	-0.1974	-0.8837	-0.4244	37	39	27	1	5	0.0084	0.2188	0	0.0236	0
0.0387	0.0646	-0.0422	-0.6211	-0.845	-0.3337	-0.9324	0.1392	38	40	27	1	6	0.0174	0.125	0	0.052	0
0.0338	0.0519	-0.0613	-0.6901	-0.8594	-0.1832	-0.9269	0.3277	39	41	27	1	7	0.0096	0.2111	0	0.0238	0
0.0338	0.065	-0.0927	-0.7327	-0.8417	-0.2194	-0.9112	0.3487	40	42	27	1	8	0.01	0.05	0	0.01	0
0.0338	0.0423	-0.1165	-0.7893	-0.8313	-0.4418	-0.8836	0.1552	41	43	27	1	9	0.01	0.05	0	0.01	0
0.0338	0.0228	-0.0814	-0.7269	-0.8469	0.8809	-0.4325	0.1922	42	0	27	1	10	0.01	0.05	0	0.01	0
0.0383	0.206	-0.0082	0.3189	-0.6751	-0.706	0.3985	0.5854	14	45	29	1	1	0.0075	0.5556	0	0.0387	1
0.0402	0.0812	-0.1463	0.4102	-0.5596	0.1607	0.3717	0.9144	44	46	29	1	2	0.0052	0.4444	0	0.0423	1
0.0274	0.1239	-0.1512	0.4258	-0.493	-0.6506	0.499	0.5725	45	47	29	1	3	0.0036	0.55	0	0.0272	1
0.0287	0.0732	-0.2322	0.4842	-0.421	-0.9508	0.1782	0.2535	46	48	29	1	4	0.0033	0.5833	0	0.0287	1
0.032	0.0957	-0.3025	0.4948	-0.4007	-0.8455	0.4531	0.2827	47	49	29	1	5	0.004	0.625	0	0.032	1
0.0385	0.0735	-0.384	0.5368	-0.3766	-0.9613	0.2617	0.0862	48	50	29	1	6	0.0046	0.5556	0	0.0391	1
0.0379	0.0754	-0.4596	0.5529	-0.3601	-0.6022	0.797	-0.0461	49	51	29	1	7	0.0044	0.75	0	0.0379	1
0.0388	0.1113	-0.4977	0.6236	-0.3595	-0.8375	0.4667	0.2842	50	52	29	1	8	0.0053	0.5	0	0.0373	1
0.0419	0.0829	-0.5961	0.6714	-0.3311	-0.7102	0.4336	0.5546	51	53	29	1	9	0.0051	0.8148	0	0.0419	1
0.0379	0.0746	-0.6453	0.7036	-0.2715	-0.6872	0.4081	0.601	52	54	29	1	10	0.0042	0.75	0	0.0379	1
0.0298	0.1161	-0.7317	0.7497	-0.2647	-0.5837	0.4028	0.705	53	55	29	1	11	0.004	0.375	0	0.0298	1
0.0298	0.0849	-0.7678	0.78	-0.1709	-0.3031	0.1003	0.9477	54	56	29	1	12	0.004	0.375	0	0.0298	1
0.0264	0.0928	-0.8047	0.7953	-0.0914	-0.1445	-0.1007	0.9844	55	57	29	1	13	0.003	0.5833	0	0.0254	1
0.027	0.0311	-0.8445	0.7943	-0.0216	-0.6184	0.0709	0.7826	56	58	29	1	14	0.0109	0.4306	0	0.027	1
0.0258	0.1348	-0.8612	0.8099	0.0265	-0.7518	0.6047	-0.2629	57	59	29	1	15	0.0075	0.2375	0	0.0203	1
0.0254	0.0811	-0.976	0.8739	-0.012	-0.7253	0.6115	-0.3162	58	60	29	1	16	0.0091	0.25	0	0.0248	1
0.0264	0.0805	-1.0118	0.9302	-0.0648	-0.7512	0.3761	-0.5425	59	61	29	1	17	0.0147	0.2159	0	0.0264	1
0.0254	0.0667	-1.0459	0.9148	-0.1209	-0.169	0.1673	-0.9713	60	62	29	1	18	0.0072	0.175	0	0.01	1
0.0312	0.0853	-1.0167	0.9516	-0.1001	-0.8748	0.3806	0.2999	61	63	29	1	19	0.0036	0.2917	0	0.0312	1
0.0254	0.0059	-1.1031	0.9694	-0.1146	-0.8436	-0.3736	0.3857	62	64	29	1	20	0.0054	0.15	0	0.01	1
0.0254	0.1417	-1.109	0.9581	-0.1091	-0.3776	0.3399	0.8613	63	65	29	1	21	0.007	0.1714	0	0.0176	1
0.0254	0.1229	-1.1593	1.0052	0.0142	-0.4061	-0.1855	0.8948	64	66	29	1	22	0.0068	0.1667	0	0.016	1
0.0254	0.0894	-1.1941	1.0011	0.1348	-0.5262	-0.0542	0.8486	65	67	29	1	23	0.0066	0.22	0	0.0186	1
0.033	0.1221	-1.2536	0.943	0.2115	-0.4375	0.1164	0.8916	66	68	29	1	24	0.0028	0.25	0	0.0376	1
0.0254	0.0524	-1.2839	0.9714	0.3228	-0.1733	0.1152	0.9781	67	69	29	1	25	0.003	0.25	0	0.0239	1
0.0254	0.0783	-1.3103	0.9944	0.3781	0.0437	-0.1888	0.9811	68	70	29	1	26	0.011	0.3889	0	0.0252	1
0.036	0.1278	-1.2974	0.9332	0.4299	-0.3765	0.379	-0.8454	69	71	29	1	27	0.0069	0.1458	0	0.0543	1
0.0323	0.0543	-1.3902	0.9915	0.3694	-0.3265	0.8164	-0.4763	70	72	29	1	28	0.0025	0.2917	0	0.0371	1
0.0254	0.0185	-1.4066	1.0348	0.3445	-0.0387	0.6669	0.7442	71	73	29	1	29	0.0016	0.1	0	0.01	1
0.0254	0.0184	-1.3935	1.07	0.3773	-0.2713	-0.514	0.8138	72	0	29	1	30	0.005	0.1	0	0.01	1
0.0583	0.1965	0.0659	-0.0794	0.0266	0.4072	-0.9112	0.0628	20	75	31	1	1	0.0244	0.4936	0	0.0597	0
0.0573	0.0974	0.1703	-0.4146	0.016	0.7342	0.0151	0.6788	74	76	31	1	2	0.037	0.3131	0	0.0845	0
0.0569	0.1588	0.1542	-0.411	0.0035	-0.0795	-0.9949	0.0615	75	77	31	1	3	0.031	0.2778	0	0.0954	0
0.0413	0.1165	0.1715	-0.5842	0.0681	-0.434	-0.9008	-0.0146	76	78	31	1	4	0.0099	0.4259	0	0.0255	0
0.041	0.07	0.1838	-0.6173	0.0088	0.0622	-0.6569	-0.7514	77	79	31	1	5	0.0118	0.3516	0	0.0348	0
0.0483	0.0868	0.1516	-0.6897	-0.001	0.1846	-0.8988	-0.3976	78	80	31	1	6	0.0072	0.7576	0	0.0483	1
0.0464	0.0801	0.1837	-0.7708	-0.0331	-0.1941	-0.9767	0.0917	79	81	31	1	7	0.0062	0.8667	0	0.0464	1
0.0563	0.1227	0.1963	-0.8555	-0.0446	-0.1255	-0.9799	0.1548	80	82	31	1	8	0.0091	0.8167	0	0.0563	1
0.0484	0.0773	0.1775	-0.9903	0.0129	0.2745	-0.9075	-0.318	81	83	31	1	9	0.0066	0.6591	0	0.0484	1
0.0485	0.0889	0.1749	-1.0676	-0.0239	-0.1234	-0.7328	0.6691	82	84	31	1	10	0.0074	0.5227	0	0.0485	1
0.0523	0.1377	0.1675	-1.134	0.0221	0.3116	-0.9354	0.1672	83	85	31	1	11	0.0079	0.6061	0	0.0525	1
0.0571	0.1078	0.1848	-1.2652	0.0244	-0.0713	-0.9763	0.2044	84	86	31	1	12	0.0093	0.8542	0	0.0571	1
0.0493	0.1204	0.1703	-1.3844	0.0381	0.2131	-0.5775	0.7881	85	87	31	1	13	0.0073	0.5167	0	0.0455	1
0.0418	0.075	0.1942	-1.495	0.069	0.3025	-0.806	0.5088	86	88	31	1	14	0.006	0.7037	0	0.0418	1
0.0412	0.0748	0.2427	-1.5865	0.1437	-0.0766	-0.7855	-0.6141	87	89	31	1	15	0.0052	0.5111	0	0.0387	1
0.0406	0.0684	0.2191	-1.6554	0.0953	0.3772	-0.7869	0.4884	88	90	31	1	16	0.0054	0.7407	0	0.0406	1
0.0462	0.0784	0.2749	-1.7034	0.133	0.153	-0.9607	0.2317	89	91	31	1	17	0.007	0.9	0	0.0462	1
0.0444	0.1049	0.3008	-1.782	0.1734	-0.056	-0.9921	-0.1118	90	92	31	1	18	0.007	0.56	0	0.0445	1
0.0502	0.2225	0.303	-1.8682	0.1536	0.8501	-0.1567	0.5028	91	93	31	1	19	0.0091	0.5313	0	0.053	1
0.05	0.093	0.4415	-1.9615	0.2062	0.7386	-0.6733	0.0327	92	94	31	1	20	0.008	0.5556	0	0.0527	1
0.0426	0.0965	0.4992	-2.0169	0.2522	0.7676	-0.5702	0.2928	93	95	31	1	21	0.0062	0.6667	0	0.0428	1
0.037	0.0543	0.5784	-2.081	0.2641	-0.3275	-0.8649	0.3805	94	96	31	1	22	0.0046	0.5	0	0.037	1
0.0288	0.1334	0.5968	-2.1204	0.2781	0.2664	-0.7887	0.5541	95	97	31	1	23	0.0053	0.4063	0	0.0288	1
0.0417	0.0609	0.6672	-2.2222	0.3833	-0.3847	-0.7657	0.5155	96	98	31	1	24	0.0049	0.1714	0	0.0527	1
0.0246	0.1357	0.6758	-2.2653	0.3927	0.4218	-0.761	0.4929	97	99	31	1	25	0.003	0.4063	0	0.0201	1
0.0235	0.0882	0.7255	-2.376	0.4612	0.6952	-0.6265	0.3525	98	100	31	1	26	0.002	0.375	0	0.02	1
0.0225	0.1061	0.7729	-2.434	0.5102	0.6833	-0.5807	0.4427	99	101	31	1	27	0.0063	0.2	0	0.0171	1
0.0215	0.004	0.8377	-2.4717	0.573	0.6684	-0.2465	0.7018	100	102	31	1	28	0.0059	0.2	0	0.01	1
0.0204	0.1032	0.8477	-2.4707	0.5668	0.3576	-0.9292	0.0932	101	103	31	1	29	0.0024	0.1563	0	0.0166	1
0.0201	0.0514	0.8847	-2.577	0.5703	0.6208	-0.395	0.6772	102	0	31	1	30	0.0018	0.1	0	0.01	1
0.0519	0.662	0.0198	0.3766	-0.9525	0.0596	0.5829	0.8104	12	105	1016	1	1	0.0481	0.5168	0	0.0529	0
0.0514	0.185	0.0604	0.7699	-0.4403	0.6578	0.7121	0.2453	104	106	1016	1	2	0.0193	0.5163	0	0.091	1
0.0516	0.058	0.1248	0.926	-0.3221	0.5929	0.7787	0.2053	105	107	1016	1	3	0.0195	0.625	0	0.0644	1
0.0514	0.0478	0.1469	0.954	-0.283	0.3382	0.7196	0.6065	106	108	1016	1	4	0.0764	0.5173	0	0.0894	1
0.0497	0.2966	0.1578	0.9943	-0.2258	0.9819	-0.0264	0.1877	107	109	1016	1	5	0.0282	0.4922	0	0.0865	1
0.0485	0.6214	0.4382	1.1137	-0.182	-0.9114	-0.0389	0.4097	108	110	1016	1	6	0.0447	0.4087	0	0.0968	1
0.0473	0.0891	0.0314	1.3236	0.1094	-0.782	0.4685	0.4111	109	111	1016	1	7	0.0276	0.5067	0	0.0936	1
0.0459	0.0892	0.0156	1.4239	0.0365	-0.7929	0.6058	-0.0659	110	112	1016	1	8	0.0176	0.2667	0	0.0784	1
0.0418	0.107	0.1004	1.4645	0.0431	0.1128	0.8777	-0.4657	111	113	1016	1	9	0.0062	0.6389	0	0.0418	1
0.0357	0.0643	0.0951	1.5689	0.0311	0.0202	0.9661	-0.2572	112	114	1016	1	10	0.0047	0.5417	0	0.0357	1
0.0302	0.1118	0.127	1.5487	0.059	0.4289	0.5473	0.7187	113	115	1016	1	11	0.0045	0.4792	0	0.0288	1
0.0294	0.0797	0.1717	1.6194	0.1128	0.4316	0.8649	0.2564	114	116	1016	1	12	0.0031	0.2083	0	0.0252	1
0.0394	0.1133	0.2048	1.6965	0.1291	0.9889	0.1377	-0.0555	115	117	1016	1	13	0.003	0.2444	0	0.0418	1
0.03	0.1105	0.3111	1.7548	0.1297	0.9546	0.1662	-0.2471	116	118	1016	1	14	0.0043	0.375	0	0.03	1
0.0402	0.1011	0.4118	1.7735	0.1159	0.8693	0.391	0.3024	117	119	1016	1	15	0.0055	0.5278	0	0.0415	1
0.0365	0.0708	0.4882	1.8276	0.1354	0.6091	0.7246	0.3224	118	120	1016	1	16	0.0047	0.5833	0	0.0368	1
0.0386	0.1349	0.5152	1.8844	0.1667	0.5312	0.4715	0.7039	119	121	1016	1	17	0.0044	0.4222	0	0.0419	1
0.0244	0.088	0.6034	1.9778	0.231	0.542	0.4393	0.7165	120	122	1016	1	18	0.0028	0.5417	0	0.0216	1
0.0237	0.0677	0.6672	2.0083	0.2937	0.407	0.7839	0.4688	121	123	1016	1	19	0.0028	0.375	0	0.0226	1
0.0229	0.1136	0.6882	2.0603	0.3319	0.5043	0.6085	0.6127	122	124	1016	1	20	0.0028	0.3438	0	0.0209	1
0.022	0.1127	0.7445	2.1323	0.401	0.463	0.3156	0.8283	123	125	1016	1	21	0.0025	0.4063	0	0.021	1
0.0239	0.1161	0.8162	2.174	0.4874	0.2018	0.3734	0.9055	124	126	1016	1	22	0.0027	0.4688	0	0.0239	1
0.021	0.0632	0.8412	2.2379	0.5711	0.4865	0.6137	0.6218	125	127	1016	1	23	0.0118	0.2656	0	0.0205	1
0.0281	0.0867	0.8664	2.2668	0.6405	0.8013	0.509	0.3144	126	128	1016	1	24	0.0022	0.3333	0	0.0319	1
0.0218	0.1257	0.9271	2.3113	0.6741	0.4219	0.7272	0.5415	127	129	1016	1	25	0.0037	0.2	0	0.0218	1
0.021	0.1157	0.9917	2.3779	0.7652	0.3286	0.7196	0.6117	128	130	1016	1	26	0.0117	0.1731	0	0.0205	1
0.021	0.0656	1.0018	2.3984	0.8386	0.4197	-0.1483	0.8954	129	131	1016	1	27	0.0055	0.175	0	0.01	1
0.021	0.059	1.0035	2.4352	0.8327	0.3607	0.8191	0.4461	130	132	1016	1	28	0.0026	0.0857	0	0.01	1
0.021	0.0514	1.0243	2.4849	0.8562	0.3051	0.8743	0.3774	131	0	1016	1	29	0.0062	0.175	0	0.01	1
0.0315	0.2231	-0.0084	0.121	-0.3141	-0.9713	0.1926	-0.1395	17	134	141	1	1	0.0032	0.2917	1	0.0239	0
0.0315	0.0646	-0.2215	0.1635	-0.3508	0.8171	0.2803	0.5037	133	135	141	1	2	0.0082	0.25	0	0.0239	0
0.0315	0.0933	-0.1843	0.1831	-0.3136	0.27	0.6574	0.7035	134	136	141	1	3	0.0025	0.4167	0	0.0315	0
0.0315	0.0904	-0.1519	0.2328	-0.2654	-0.9173	-0.3769	-0.1288	135	0	141	1	4	0.0057	0.1333	0	0.01	0
0.0238	0.1573	0.0221	0.0635	-0.3208	-0.5878	-0.4521	-0.6708	17	138	146	1	1	0.0068	0.4583	0	0.0237	0
0.0243	0.0672	-0.0478	-0.0157	-0.4554	-0.5893	0.5343	-0.606	137	139	146	1	2	0.0038	0.375	0	0.0246	0
0.0237	0.0547	-0.1028	-0.0148	-0.494	0.6627	-0.3313	-0.6716	138	140	146	1	3	0.007	0.2	0	0.01	0
0.0237	0.0387	-0.0718	-0.0177	-0.5242	-0.6102	0.1252	-0.7823	139	0	146	1	4	0.0056	0.175	0	0.01	0
0.0217	0.0741	-0.0231	-0.0558	-0.4096	-0.6705	-0.5294	-0.5198	16	142	151	1	1	0.0059	0.5833	1	0.0217	0
0.0217	0.0878	-0.0727	-0.095	-0.4481	-0.9544	-0.2824	0.0967	141	143	151	1	2	0.0059	0.5833	0	0.0217	1
0.0217	0.0264	-0.1449	-0.1135	-0.4515	-0.7192	0.0272	-0.6942	142	0	151	1	3	0.01	0.05	0	0.01	1
0.0232	0.197	-0.0345	-0.0595	-0.3906	-0.8991	-0.2226	-0.377	16	145	154	1	1	0.0047	0.4583	0	0.0212	0
0.0303	0.0592	-0.2233	-0.0905	-0.4608	-0.4304	-0.1048	-0.8965	144	146	154	1	2	0.0028	0.375	0	0.0348	0
0.0244	0.0921	-0.2251	-0.0758	-0.5143	-0.4146	0.4518	-0.79	145	147	154	1	3	0.0022	0.2188	0	0.0272	0
0.0212	0.0537	-0.2614	-0.0311	-0.5822	0.2328	0.7831	-0.5767	146	0	154	1	4	0.0043	0.15	0	0.01	0
0.0407	0.2736	-0.0359	0.0124	-0.4279	-0.6438	-0.7642	0.0384	16	149	155	1	1	0.0069	0.5556	1	0.0414	0
0.0399	0.0889	-0.212	-0.1967	-0.4174	0.1921	-0.8496	0.4912	148	150	155	1	2	0.0069	0.5556	0	0.0414	0
0.0299	0.0886	-0.2003	-0.2873	-0.3582	-0.8835	-0.1425	-0.4461	149	0	155	1	3	0.0053	0.4375	0	0.0299	0
0.0249	0.0983	-0.1179	-0.0492	-0.7709	-0.9058	-0.032	-0.4225	0	152	1018	0	1	0.0066	0.375	0	0.0252	0
0.0241	0.096	-0.2252	-0.0538	-0.824	0.029	-0.9964	0.0795	151	153	1018	0	2	0.0035	0.4167	0	0.024	0
0.024	0.0315	-0.221	-0.1485	-0.815	0.1384	-0.8556	0.4988	152	154	1018	0	3	0.0083	0.15	0	0.01	0
0.024	0.0747	-0.2174	-0.1474	-0.7913	0.9996	0.0232	0.0165	153	0	1018	0	4	0.0026	0.08	0	0.01	0
0.0339	0.1891	-0.6933	0.726	-0.307	-0.5568	0.7566	-0.3429	52	156	1020	2	1	0.0055	0.625	0	0.0343	1
0.0288	0.079	-0.7976	0.856	-0.3719	-0.3798	-0.03	0.9246	155	157	1020	2	2	0.0037	0.4583	0	0.0282	1
0.0282	0.0922	-0.8139	0.8527	-0.2938	-0.3439	-0.0155	0.9389	156	158	1020	2	3	0.0024	0.2813	0	0.0205	1
0.0282	0.0335	-0.8476	0.8512	-0.2116	-0.8978	-0.1117	0.426	157	0	1020	2	4	0.006	0.2188	0	0.0194	1
0.018	0.2128	-1.0284	0.9128	-0.0539	0.7246	-0.3573	0.5893	60	160	413	2	1	0.0054	0.3	0	0.0187	1
0.01	0.1079	-0.9072	0.8575	0.0722	0.4825	0.7547	0.4446	159	0	413	2	2	0.01	0.05	0	0.01	1
0.025	0.0339	-1.0279	0.8981	-0.1274	0.7324	-0.6775	-0.0674	61	162	627	2	1	0.0072	0.375	1	0.0283	1
0.025	0.0809	-1.0031	0.8752	-0.1297	0.9942	-0.1031	0.0313	161	163	627	2	2	0.0072	0.375	0	0.0283	1
0.025	0.1173	-0.9147	0.8724	-0.1296	-0.6057	0.67	-0.4293	162	164	627	2	3	0.0027	0.3333	0	0.0212	1
0.025	0.0366	-1.0235	0.9776	-0.1628	0.4344	0.8357	-0.3362	163	165	627	2	4	0.0049	0.3333	0	0.0296	1
0.025	0.0715	-1.035	0.9677	-0.2298	0.9208	-0.1225	-0.3704	164	166	627	2	5	0.0044	0.4167	0	0.0259	1
0.025	0.0763	-0.9728	0.9726	-0.2638	0.3542	-0.3754	-0.8565	165	167	627	2	6	0.0024	0.4583	0	0.025	1
0.025	0.1057	-0.9352	0.9482	-0.3231	0.4764	0.0677	-0.8766	166	168	627	2	7	0.0078	0.1667	0	0.0302	1
0.025	0.0935	-0.9108	0.987	-0.4273	0.4773	0.0724	-0.8758	167	169	627	2	8	0.0047	0.16	0	0.01	1
0.025	0.0231	-0.8874	0.9757	-0.3878	0.9826	0.0494	0.1792	168	0	627	2	9	0.0065	0.175	0	0.01	1
0.0124	0.1349	-1.1285	0.9861	-0.0074	0.0368	-0.2861	0.9575	64	171	877	2	1	0.0103	0.1571	0	0.0231	1
0.0082	0.0782	-1.1294	0.9385	0.1185	0.8466	-0.4455	-0.2913	170	172	877	2	2	0.0099	0.25	0	0.0197	1
0.0083	0.0805	-1.0638	0.9024	0.0964	0.9276	-0.2994	0.2235	171	0	877	2	3	0.01	0.05	0	0.01	1
0.0201	0.1565	-1.2675	0.9735	0.2083	-0.4056	0.6718	-0.6198	67	174	953	2	1	0.0056	0.2813	0	0.0201	1
0.0282	0.0736	-1.309	1.0624	0.0858	-0.4358	0.5414	-0.719	173	175	953	2	2	0.009	0.22	0	0.0415	1
0.0206	0.1034	-1.3298	1.0989	0.0438	0.6804	-0.0922	-0.727	174	176	953	2	3	0.0019	0.375	0	0.0206	1
0.0215	0.0726	-1.3003	1.093	-0.0476	0.3745	0.0687	-0.9247	175	177	953	2	4	0.0109	0.3036	0	0.0215	1
0.0147	0.0442	-1.2985	1.1101	-0.079	-0.7608	0.2144	-0.6126	176	178	953	2	5	0.01	0.05	0	0.01	1
0.0164	0.1514	-1.2998	1.1064	-0.0822	0.587	-0.0268	-0.8091	177	179	953	2	6	0.0022	0.225	0	0.0164	1
0.01	0.068	-1.2219	1.124	-0.1948	0.3681	0.536	-0.7598	178	180	953	2	7	0.01	0.05	0	0.01	1
0.0087	0.0481	-1.2001	1.1063	-0.2247	0.539	-0.3401	-0.7706	179	181	953	2	8	0.01	0.05	0	0.01	1
0.0047	0.0534	-1.1742	1.0899	-0.2618	0.8348	-0.167	-0.5247	180	0	953	2	9	0.0062	0.1	0	0.01	1
0.0295	0.3258	-1.317	0.9722	0.2791	-0.3298	0.6336	-0.6998	67	183	954	2	1	0.006	0.15	0	0.0304	1
0.0189	0.0965	-1.4192	1.1542	0.0221	-0.594	0.5589	-0.5787	182	184	954	2	2	0.0023	0.25	0	0.0189	1
0.0121	0.0184	-1.4863	1.1997	-0.0261	-0.7243	0.6597	-0.2005	183	185	954	2	3	0.01	0.05	0	0.01	1
0.0096	0.0895	-1.4997	1.2119	-0.0298	-0.8066	0.462	-0.3688	184	186	954	2	4	0.01	0.05	0	0.01	1
0.0044	0.0282	-1.5729	1.2523	-0.0641	-0.6783	0.7336	0.0415	185	0	954	2	5	0.0071	0.1	0	0.01	1
0.0199	0.0327	-1.2544	0.9519	0.2879	0.6664	0.0663	0.7426	67	188	955	2	1	0.004	0.3333	1	0.016	1
0.0199	0.0873	-1.2326	0.954	0.3122	0.1763	-0.5796	0.7956	187	189	955	2	2	0.004	0.3333	0	0.016	1
0.0199	0.1137	-1.2086	0.9197	0.3909	0.731	-0.5866	0.3485	188	190	955	2	3	0.0023	0.4375	0	0.0199	1
0.0199	0.0146	-1.1305	0.851	0.4265	0.3358	-0.9408	0.0467	189	191	955	2	4	0.0054	0.125	0	0.01	1
0.0199	0.0239	-1.1195	0.8309	0.3981	-0.8093	0.514	-0.2843	190	0	955	2	5	0.0028	0.125	0	0.01	1
0.0214	0.2418	-1.3663	1	0.3472	0.6236	-0.552	0.5535	71	193	956	2	1	0.0057	0.225	0	0.0198	1
0.021	0.1908	-1.2037	0.8752	0.4792	0.5342	-0.592	0.6035	192	194	956	2	2	0.0018	0.1786	0	0.021	1
0.0212	0.0873	-1.0992	0.7651	0.5943	0.3197	-0.3078	0.8961	193	195	956	2	3	0.0022	0.25	0	0.0239	1
0.0185	0.0492	-1.0594	0.721	0.6465	0.5501	-0.5579	0.6213	194	196	956	2	4	0.0049	0.0571	0	0.0369	1
0.0099	0.0515	-1.024	0.7181	0.6531	0.5609	-0.6675	-0.4898	195	197	956	2	5	0.01	0.05	0	0.01	1
0.0069	0.0131	-1.0445	0.7008	0.656	-0.3962	-0.9062	-0.1475	196	0	956	2	6	0.01	0.05	0	0.01	1
0.0247	0.487	-0.0448	0.1289	0.0679	-0.7167	-0.1704	0.6763	74	199	174	2	1	0.0034	0.2188	0	0.0268	0
0.01	0.048	-0.398	0.0425	0.4007	0.6098	0.0576	0.7904	198	0	174	2	2	0.01	0.05	0	0.01	0
0.0538	0.6912	0.106	-0.3289	0.0146	-0.5035	0.8563	0.1153	76	201	175	2	1	0.0169	0.2092	1	0.1383	0
0.0527	0.4408	-0.267	0.2257	0.1049	0.4587	-0.0539	0.887	200	202	175	2	2	0.0717	0.2711	0	0.1383	0
0.0447	0.0841	-0.0426	0.0949	0.443	-0.8865	-0.3392	0.3147	201	203	175	2	3	0.0055	0.575	0	0.0447	0
0.044	0.1352	-0.1029	0.0543	0.5464	-0.9273	-0.3557	0.1169	202	204	175	2	4	0.0074	0.5857	0	0.044	0
0.0489	0.0963	-0.2274	-0.0016	0.5592	0.6543	-0.2081	0.7271	203	205	175	2	5	0.0061	0.6136	0	0.0489	0
0.0519	0.2244	-0.1717	0.0059	0.6237	-0.9647	-0.2313	0.1262	204	206	175	2	6	0.0079	0.4688	0	0.0552	0
0.0381	0.0524	-0.3991	-0.0286	0.6679	-0.9044	-0.2766	-0.3249	205	207	175	2	7	0.0042	0.3333	0	0.0381	0
0.0343	0.1344	-0.4149	-0.0493	0.6725	-0.5071	0.2623	0.821	206	208	175	2	8	0.0092	0.3182	0	0.0269	0
0.0338	0.0612	-0.4805	-0.0245	0.7944	-0.9404	-0.3275	-0.0918	207	209	175	2	9	0.0041	0.5417	0	0.0297	0
0.0376	0.0763	-0.5475	-0.0698	0.8015	-0.8075	0.0041	-0.5898	208	210	175	2	10	0.005	0.4167	0	0.0376	0
0.0505	0.177	-0.6423	-0.0796	0.7277	-0.4533	-0.5395	0.7095	209	211	175	2	11	0.0186	0.4432	0	0.0591	0
0.0489	0.1125	-0.7432	-0.1912	0.7863	-0.7171	-0.5934	0.3655	210	212	175	2	12	0.0074	0.7045	0	0.0489	0
0.0467	0.1338	-0.8273	-0.2587	0.8348	-0.237	-0.9525	-0.1914	211	213	175	2	13	0.007	0.6	0	0.0478	0
0.0427	0.1161	-0.8883	-0.354	0.8448	-0.4618	-0.814	0.3524	212	214	175	2	14	0.008	0.325	0	0.0472	0
0.0406	0.0576	-0.9488	-0.4484	0.8778	-0.7568	-0.0772	0.6491	213	215	175	2	15	0.0149	0.1538	0	0.0474	0
0.0352	0.1673	-0.9787	-0.4353	0.9123	-0.444	0.4736	0.7607	214	216	175	2	16	0.0023	0.25	0	0.0352	0
0.0269	0.1162	-1.0606	-0.3876	1.0256	-0.3003	-0.3245	0.8969	215	217	175	2	17	0.0034	0.375	0	0.0241	0
0.0269	0.0148	-1.0971	-0.4272	1.1271	-0.2722	-0.7095	0.65	216	218	175	2	18	0.0097	0.3651	0	0.0256	0
0.0269	0.1212	-1.1017	-0.4381	1.1352	-0.3996	-0.8288	0.3917	217	0	175	2	19	0.01	0.05	0	0.01	0
0.034	0.2807	0.0981	-0.5085	-0.0205	-0.8406	0.0976	-0.5328	76	220	177	2	1	0.0101	0.3333	1	0.0315	0
0.0294	0.1548	-0.1379	-0.4811	-0.1701	-0.6943	0.3265	0.6413	219	221	177	2	2	0.0101	0.3333	0	0.0315	0
0.054	0.0752	-0.2004	-0.4243	-0.0553	-0.1437	-0.7032	0.6964	220	222	177	2	3	0.0042	0.1618	0	0.0597	0
0.01	0.1013	-0.2398	-0.4574	-0.0142	-0.6233	-0.6582	0.4223	221	0	177	2	4	0.01	0.05	0	0.01	0
0.0192	0.4505	0.2079	-0.4054	-0.0177	0.9257	0.0971	-0.3655	76	224	186	2	1	0.01	0.05	1	0.01	0
0.0122	0.1035	0.6249	-0.3616	-0.1824	0.5181	-0.7847	-0.3402	223	225	186	2	2	0.01	0.05	0	0.01	0
0.01	0.041	0.6903	-0.4595	-0.2457	-0.0758	-0.8716	0.4842	224	226	186	2	3	0.01	0.05	0	0.01	0
0.0165	0.0539	0.6683	-0.4597	-0.2287	0.7726	0.4481	0.4499	225	227	186	2	4	0.0094	0.225	0	0.0254	0
0.0076	0.0266	0.7075	-0.4179	-0.2302	0.6637	0.6447	0.3793	226	0	186	2	5	0.01	0.05	0	0.01	0
0.0341	0.5168	0.1156	-0.4388	-0.0385	-0.6084	-0.4384	-0.6616	76	229	188	2	1	0.0029	0.4063	1	0.0341	0
0.0341	0.1018	-0.1988	-0.6654	-0.3804	0.8027	-0.596	-0.0218	228	230	188	2	2	0.0029	0.4063	0	0.0341	0
0.0355	0.0957	-0.1022	-0.7222	-0.3759	0.3741	-0.8681	-0.3264	229	231	188	2	3	0.0042	0.5417	0	0.0355	0
0.034	0.0777	-0.0727	-0.7995	-0.4095	0.1407	-0.2353	-0.9617	230	232	188	2	4	0.0042	0.7083	0	0.034	0
0.032	0.0637	-0.0683	-0.8248	-0.4783	-0.1522	-0.5575	-0.8161	231	233	188	2	5	0.0037	0.625	0	0.032	0
0.032	0.0876	-0.0749	-0.8596	-0.5228	-0.0386	-0.9935	0.1071	232	234	188	2	6	0.0085	0.2182	0	0.0225	0
0.032	0.1441	-0.0716	-0.9487	-0.502	0.0975	-0.9675	-0.2333	233	235	188	2	7	0.0097	0.1364	0	0.023	0
0.032	0.0853	-0.0928	-1.0929	-0.5466	0.0174	-0.937	0.3489	234	236	188	2	8	0.0077	0.2182	0	0.018	0
0.0367	0.0874	-0.0901	-1.1948	-0.4981	0.6629	-0.4621	-0.5892	235	237	188	2	9	0.0087	0.125	0	0.0971	0
0.032	0.008	-0.0583	-1.2417	-0.5457	0.1266	-0.8289	-0.5449	236	238	188	2	10	0.0051	0.1061	0	0.01	0
0.032	0.0714	-0.087	-1.2541	-0.5373	0.0849	-0.9676	-0.2377	237	0	188	2	11	0.0038	0.1136	0	0.01	0
0.0111	0.1623	0.7424	-2.3623	0.4524	-0.8468	0.4993	-0.1835	99	240	190	2	1	0.0031	0.2813	0	0.0129	1
0.0059	0.1257	0.5962	-2.2814	0.4193	-0.3403	-0.2109	0.9163	239	241	190	2	2	0.0102	0.1571	0	0.0182	1
0.0062	0.0463	0.5703	-2.3078	0.529	0.3079	-0.1084	0.9452	240	0	190	2	3	0.01	0.05	0	0.01	1
0.048	0.3457	0.1312	-0.5896	-0.0417	-0.1761	-0.4995	-0.8482	76	243	1021	2	1	0.0078	0.6818	1	0.0481	0
0.048	0.1074	0.0704	-0.7622	-0.3349	0.3785	-0.6326	-0.6757	242	244	1021	2	2	0.0078	0.6818	0	0.0481	0
0.0495	0.1024	0.108	-0.847	-0.3906	0.0307	-0.7109	-0.7026	243	245	1021	2	3	0.0077	0.5818	0	0.0502	0
0.0482	0.0974	0.0783	-0.921	-0.475	0.0999	-0.9807	-0.1678	244	246	1021	2	4	0.0071	0.6364	0	0.0484	0
0.0524	0.1303	0.1302	-1.0266	-0.4959	-0.2519	-0.8392	-0.4819	245	247	1021	2	5	0.0181	0.563	0	0.0661	0
0.0482	0.092	0.0939	-1.1449	-0.5421	0.1889	-0.8811	-0.4335	246	248	1021	2	6	0.0065	0.7576	0	0.0482	0
0.0369	0.0785	0.11	-1.2266	-0.5692	0.6237	-0.7814	0.0219	247	249	1021	2	7	0.0042	0.4688	0	0.0369	0
0.0432	0.2616	0.1857	-1.2966	-0.5594	0.1531	-0.3769	-0.9135	248	250	1021	2	8	0.0045	0.0778	0	0.0454	0
0.031	0.1361	0.2775	-1.3787	-0.8352	-0.0465	-0.8857	-0.462	249	251	1021	2	9	0.0029	0.275	0	0.0287	0
0.0303	0.0833	0.3126	-1.5039	-0.9024	-0.1339	-0.9537	-0.2692	250	252	1021	2	10	0.0034	0.25	0	0.0257	0
0.0297	0.0852	0.3001	-1.584	-0.9252	0.4517	-0.8137	-0.366	251	253	1021	2	11	0.0029	0.5	0	0.0247	0
0.0291	0.0996	0.3303	-1.6607	-0.9382	0.3057	-0.9222	-0.237	252	254	1021	2	12	0.0066	0.225	0	0.0221	0
0.0281	0.0469	0.3309	-1.7526	-0.9714	0.0455	-0.9896	-0.1363	253	255	1021	2	13	0.01	0.1889	0	0.0279	0
0.0362	0.135	0.3546	-1.7996	-1.0103	-0.0775	-0.9964	-0.0347	254	256	1021	2	14	0.0045	0.25	0	0.0368	0
0.0292	0.0703	0.3333	-1.9354	-1.0195	-0.0419	-0.926	0.3751	255	257	1021	2	15	0.0035	0.5833	0	0.0292	0
0.0269	0.0717	0.3284	-1.999	-0.986	-0.4051	-0.9103	0.0854	256	258	1021	2	16	0.0037	0.5833	0	0.0269	0
0.0299	0.0695	0.3247	-2.067	-0.977	-0.1381	-0.9479	0.2872	257	259	1021	2	17	0.0035	0.375	0	0.0299	0
0.0239	0.0872	0.2791	-2.1297	-0.937	0.0005	-0.9874	0.1583	258	260	1021	2	18	0.0069	0.25	0	0.0131	0
0.0265	0.0811	0.2969	-2.2448	-0.9378	-0.708	-0.6125	0.3515	259	261	1021	2	19	0.0031	0.375	0	0.0265	0
0.0223	0.0675	0.2389	-2.2874	-0.9093	0.8805	0.0654	-0.4695	260	262	1021	2	20	0.0025	0.4583	0	0.021	0
0.0236	0.0907	0.3051	-2.2866	-0.9415	-0.4559	-0.872	0.178	261	263	1021	2	21	0.0026	0.375	0	0.0236	0
0.0272	0.0436	0.2872	-2.3835	-0.9449	-0.5024	-0.8479	0.1694	262	264	1021	2	22	0.0128	0.2429	0	0.0276	0
0.0279	0.0835	0.2789	-2.4013	-0.9268	0.8151	-0.304	-0.4932	263	265	1021	2	23	0.0042	0.4583	0	0.0293	0
0.0256	0.0609	0.3362	-2.4297	-0.9595	0.2631	-0.9646	-0.0175	264	266	1021	2	24	0.0027	0.4167	0	0.0267	0
0.025	0.1012	0.3523	-2.4885	-0.965	0.1375	-0.9905	0.0064	265	267	1021	2	25	0.0022	0.2813	0	0.0285	0
0.021	0.0625	0.3792	-2.5797	-0.9603	0.5559	-0.8297	0.0504	266	268	1021	2	26	0.0064	0.25	0	0.021	0
0.021	0.0565	0.414	-2.6316	-0.9572	0.6358	-0.7482	-0.1895	267	269	1021	2	27	0.01	0.05	0	0.01	0
0.021	0.0735	0.4175	-2.6126	-0.9738	-0.4995	-0.1829	0.8468	268	0	1021	2	28	0.0041	0.175	0	0.01	0
0.0392	0.1462	0.1548	-0.5824	0.1062	-0.9924	-0.038	0.1169	77	271	438	2	1	0.0076	0.4889	0	0.0396	0
0.0294	0.0769	0.0237	-0.6033	0.151	-0.6106	-0.782	-0.1252	270	272	438	2	2	0.0035	0.5	0	0.0279	0
0.0337	0.07	-0.0118	-0.6644	0.1312	0.0225	-0.9934	0.1124	271	273	438	2	3	0.0031	0.375	0	0.0337	0
0.0391	0.1573	-0.0303	-0.7347	0.135	-0.0842	-0.8248	0.5591	272	274	438	2	4	0.0055	0.4444	0	0.0427	0
0.0345	0.0531	-0.0386	-0.8759	0.2195	-0.921	-0.3418	-0.187	273	275	438	2	5	0.0043	0.6667	0	0.0345	0
0.039	0.1681	-0.0858	-0.9103	0.1903	-0.1331	-0.7635	0.6319	274	276	438	2	6	0.0063	0.4833	0	0.0439	0
0.039	0.0891	-0.1117	-1.0395	0.3081	-0.6688	-0.6988	-0.2539	275	277	438	2	7	0.006	0.5556	0	0.0423	0
0.0468	0.0763	-0.1794	-1.0985	0.3002	-0.3672	-0.9301	0.0051	276	278	438	2	8	0.0068	0.8333	0	0.0468	0
0.0392	0.0904	-0.2048	-1.181	0.2925	-0.9835	-0.1246	-0.1309	277	279	438	2	9	0.0059	0.6944	0	0.0422	0
0.0368	0.0989	-0.2742	-1.2182	0.2694	-0.7271	-0.6489	0.224	278	280	438	2	10	0.0056	0.5938	0	0.0368	0
0.0377	0.1411	-0.336	-1.2855	0.2946	-0.3989	-0.7153	0.5737	279	281	438	2	11	0.0067	0.5111	0	0.0384	0
0.0317	0.0832	-0.4022	-1.378	0.3807	-0.7045	-0.6421	-0.3023	280	282	438	2	12	0.0039	0.625	0	0.0317	0
0.0341	0.0709	-0.4519	-1.4392	0.3495	-0.3422	-0.7886	0.511	281	283	438	2	13	0.005	0.6667	0	0.0341	0
0.0379	0.0893	-0.4838	-1.4911	0.3835	-0.5113	-0.7587	0.4037	282	284	438	2	14	0.0061	0.5833	0	0.0386	0
0.0385	0.1017	-0.5192	-1.567	0.4184	-0.5317	-0.7366	0.4181	283	285	438	2	15	0.0075	0.6111	0	0.0428	0
0.0382	0.0653	-0.5677	-1.6356	0.4834	-0.2707	-0.9069	0.323	284	286	438	2	16	0.0054	0.5926	0	0.0406	0
0.039	0.077	-0.5985	-1.6996	0.5038	0.2207	-0.7105	0.6682	285	287	438	2	17	0.0057	0.7407	0	0.039	0
0.0283	0.0705	-0.5946	-1.7587	0.5759	0.0104	-0.9796	-0.2009	286	288	438	2	18	0.0037	0.5625	0	0.0283	0
0.0253	0.0786	-0.602	-1.8254	0.59	-0.1593	-0.9867	0.0335	287	289	438	2	19	0.0029	0.4063	0	0.0253	0
0.0232	0.1574	-0.6273	-1.9077	0.5864	-0.1271	-0.6433	0.755	288	290	438	2	20	0.0027	0.45	0	0.0232	0
0.0232	0.1339	-0.6269	-2.0139	0.6996	0.1392	-0.4442	0.885	289	291	438	2	21	0.0101	0.2375	0	0.0219	0
0.0232	0.0006	-0.614	-2.054	0.8339	-0.135	-0.6513	0.7467	290	292	438	2	22	0.0034	0.175	0	0.01	0
0.0232	0.1263	-0.6055	-2.0674	0.8251	-0.0961	-0.6168	0.7812	291	293	438	2	23	0.0067	0.1286	0	0.0121	0
0.0232	0.0236	-0.6189	-2.1595	0.9132	0.0066	-0.5979	0.8016	292	0	438	2	24	0.0032	0.12	0	0.01	0
0.0163	0.1287	0.0891	-0.6143	0.0207	-0.4953	-0.0368	-0.868	79	295	439	2	1	0.0041	0.3125	0	0.0365	1
0.0202	0.0128	0.0299	-0.6376	-0.0905	0.6326	0.1337	-0.7629	294	0	439	2	2	0.0064	0.375	0	0.0236	1
0.0333	0.1616	0.2001	-0.7175	-0.0431	0.6375	0.7373	-0.2235	79	297	440	2	1	0.0087	0.425	1	0.0333	1
0.0333	0.1407	0.3031	-0.5984	-0.0792	-0.0596	-0.871	0.4876	296	298	440	2	2	0.0087	0.425	0	0.0333	1
0.0333	0.1299	0.4531	-0.6507	-0.0674	-0.4697	0.8397	-0.2724	297	0	440	2	3	0.0076	0.1818	0	0.0191	1
0.029	0.1457	0.1828	-0.7132	-0.0581	0.4564	0.4444	-0.7708	79	300	442	2	1	0.0095	0.2917	1	0.029	1
0.029	0.2671	0.2493	-0.6485	-0.1704	-0.9335	-0.2953	0.2036	299	0	442	2	2	0.0095	0.2917	0	0.029	1
0.0117	0.182	0.1363	-0.6848	0.1061	0.1581	-0.9823	0.1003	77	0	443	2	1	0.0157	0.2222	0	0.0328	0
0.0157	0.1882	0.1797	-0.6456	0.0357	-0.8551	-0.4402	0.2739	78	0	444	2	1	0.0139	0.18	0	0.0338	0
0.0361	0.2081	0.2449	-0.8948	-0.0581	0.7606	-0.6143	-0.2101	81	304	452	2	1	0.0073	0.375	1	0.0361	1
0.0361	0.1841	0.4032	-1.0227	-0.1018	-0.2796	-0.7837	0.5546	303	305	452	2	2	0.0073	0.375	0	0.0361	1
0.031	0.0962	0.3476	-1.1666	-0.0009	-0.1176	-0.9777	0.1741	304	306	452	2	3	0.0044	0.5313	0	0.031	1
0.0299	0.0955	0.3395	-1.2604	0.0215	-0.1674	-0.9756	0.1418	305	307	452	2	4	0.0047	0.4688	0	0.0299	1
0.0353	0.149	0.3361	-1.351	0.0457	0.1893	-0.9818	0.016	306	308	452	2	5	0.0037	0.275	0	0.0382	1
0.0299	0.1054	0.3891	-1.4769	0.0605	0.2729	-0.7198	0.6383	307	309	452	2	6	0.01	0.05	0	0.01	1
0.0299	0.0939	0.3864	-1.5527	0.0476	0.1789	-0.9814	-0.0699	308	0	452	2	7	0.0085	0.16	0	0.01	1
0.0378	0.2423	0.2183	-0.9584	0.0156	0.7493	-0.5489	-0.3704	81	311	453	2	1	0.0125	0.3438	0	0.0364	1
0.0378	0.0437	0.4201	-1.1012	-0.0836	-0.37	0.1261	-0.9205	310	312	453	2	2	0.0113	0.2083	0	0.0274	1
0.0378	0.0317	0.4176	-1.1012	-0.1124	0.3354	-0.6292	-0.7011	311	313	453	2	3	0.0038	0.4167	0	0.0378	1
0.0378	0.047	0.4468	-1.1201	-0.1199	0.3269	-0.8786	-0.348	312	0	453	2	4	0.0108	0.3148	0	0.0276	1
0.0164	0.2271	0.2183	-1.3754	0.0317	-0.4154	0.3862	-0.8236	86	315	455	2	1	0.0026	0.3125	0	0.0178	1
0.0133	0.0298	0.1202	-1.2978	-0.1452	-0.715	-0.3456	-0.6077	314	316	455	2	2	0.01	0.05	0	0.01	1
0.0116	0.0349	0.0995	-1.3061	-0.1667	-0.4866	0.7911	0.3706	315	317	455	2	3	0.01	0.05	0	0.01	1
0.01	0.0159	0.0849	-1.2849	-0.1256	0.9938	-0.0573	-0.0956	316	0	455	2	4	0.01	0.05	0	0.01	1
0.0261	0.1175	0.1467	-1.3492	-0.006	-0.532	0.1238	-0.8376	85	319	462	2	1	0.0076	0.25	1	0.0281	1
0.0229	0.0994	0.0863	-1.3334	-0.104	0.5255	-0.8481	-0.0683	318	320	462	2	2	0.0088	0.18	0	0.0281	1
0.0147	0.1135	0.1556	-1.3724	-0.1832	0.0062	-0.848	-0.53	319	321	462	2	3	0.01	0.05	0	0.01	1
0.01	0.095	0.1563	-1.4686	-0.2433	0.1074	-0.9933	-0.043	320	0	462	2	4	0.01	0.05	0	0.01	1
0.0248	0.1836	0.2247	-1.5893	0.093	-0.3296	0.5545	-0.7641	88	323	463	2	1	0.0077	0.5	0	0.0248	1
0.0248	0.0433	0.1703	-1.4961	-0.0413	-0.7539	-0.073	0.653	322	0	463	2	2	0.01	0.05	0	0.01	1
0.0207	0.125	0.2834	-1.5553	0.1929	-0.0804	0.043	0.9958	88	325	467	2	1	0.003	0.375	0	0.0229	1
0.0074	0.0921	0.3263	-1.5005	0.3658	-0.5701	0.7991	-0.1909	324	326	467	2	2	0.0033	0.1316	0	0.0898	1
0.0076	0.1419	0.2578	-1.4266	0.4279	-0.455	0.8853	-0.0956	325	0	467	2	3	0.01	0.05	0	0.01	1
0.028	0.0881	0.2011	-1.6311	0.1248	-0.3837	0.4784	0.7899	89	328	468	2	1	0.0047	0.375	1	0.0259	1
0.028	0.1313	0.1673	-1.589	0.1944	0.0678	0.6814	0.7288	327	329	468	2	2	0.0047	0.375	0	0.0259	1
0.028	0.0863	0.1679	-1.4987	0.3049	-0.284	0.9354	-0.2108	328	330	468	2	3	0.0049	0.5833	0	0.028	1
0.0284	0.1387	0.1488	-1.4219	0.2908	0.209	0.8318	0.5142	329	331	468	2	4	0.0045	0.5	0	0.0284	1
0.0283	0.0025	0.1663	-1.2999	0.3503	-0.0612	0.8475	0.5273	330	332	468	2	5	0.0098	0.3286	0	0.0283	1
0.0305	0.1272	0.1577	-1.3211	0.3716	0.6949	0.3077	0.65	331	333	468	2	6	0.008	0.1286	0	0.0969	1
0.028	0.2725	0.2672	-1.2885	0.4492	0.2843	0.1963	0.9384	332	334	468	2	7	0.0081	0.05	0	0.01	1
0.028	0.0126	0.3628	-1.2103	0.7041	0.7974	-0.5812	0.1622	333	0	468	2	8	0.0074	0.1	0	0.01	1
0.026	0.1413	0.3189	-1.6861	0.1302	0.8348	0.5408	-0.1034	90	336	473	2	1	0.0039	0.2917	1	0.0268	1
0.0215	0.0586	0.4378	-1.6083	0.1121	0.5196	0.7368	0.4327	335	337	473	2	2	0.0096	0.275	0	0.0268	1
0.01	0.0642	0.4709	-1.5583	0.1434	0.5188	-0.6698	0.5312	336	0	473	2	3	0.01	0.05	0	0.01	1
0.0293	0.1823	0.2298	-1.6486	0.1387	0.2376	0.1511	0.9595	89	339	474	2	1	0.0076	0.4167	1	0.0293	1
0.0293	0.0734	0.2731	-1.621	0.3136	0.9123	0.2606	-0.3159	338	340	474	2	2	0.0076	0.4167	0	0.0293	1
0.0293	0.0502	0.3227	-1.6044	0.2859	-0.1896	0.9601	0.2056	339	0	474	2	3	0.0058	0.06	0	0.01	1
0.0227	0.1738	0.2374	-1.6882	0.1628	-0.084	0.3046	0.9488	89	342	475	2	1	0.0078	0.4583	1	0.0227	1
0.0227	0.0887	0.2227	-1.6353	0.3277	0.8814	0.0898	0.4637	341	343	475	2	2	0.0078	0.4583	0	0.0227	1
0.0305	0.0723	0.3208	-1.6072	0.3877	0.3445	-0.8012	0.4893	342	344	475	2	3	0.0039	0.375	0	0.0341	1
0.0227	0.0344	0.3567	-1.6779	0.4308	-0.209	0.3685	0.9058	343	345	475	2	4	0	0.04	0	0.01	1
0.0227	0.075	0.3511	-1.6716	0.4464	0.4249	-0.8227	0.3776	344	346	475	2	5	0.0015	0.1	0	0.01	1
0.0227	0.0573	0.3733	-1.7302	0.4817	0.1948	-0.7728	0.604	345	0	475	2	6	0.0018	0.1	0	0.01	1
0.0339	0.077	0.2612	-1.7335	0.1832	-0.3922	-0.0125	0.9198	90	348	477	2	1	0.0087	0.325	1	0.0357	1
0.0299	0.1481	0.2323	-1.7372	0.2531	0.5222	-0.0076	0.8528	347	349	477	2	2	0.0104	0.2125	0	0.0357	1
0.0169	0.0233	0.3322	-1.7323	0.3756	0.2488	-0.9659	-0.071	348	350	477	2	3	0.0071	0.16	0	0.01	1
0.01	0.0744	0.3401	-1.7571	0.3677	0.95	0.209	0.2318	349	0	477	2	4	0.01	0.05	0	0.01	1
0.01	0.1627	0.3266	-1.7953	0.1276	0.8481	0.5237	0.0806	90	352	478	2	1	0.01	0.05	0	0.01	1
0.01	0.019	0.4565	-1.6984	0.1597	0.7193	0.6851	-0.1152	351	353	478	2	2	0.01	0.05	0	0.01	1
0.01	0.0219	0.479	-1.6849	0.1571	0.0672	-0.3146	0.9468	352	0	478	2	3	0.01	0.05	0	0.01	1
0.0292	0.2386	0.2694	-1.9445	0.1936	0.0366	0.8263	0.5621	91	355	479	2	1	0.01	0.05	0	0.01	1
0.0292	0.0635	0.2759	-1.7567	0.3514	-0.8649	0.4895	0.1115	354	0	479	2	2	0.0071	0.4167	0	0.0292	1
0.022	0.0534	0.4614	-1.9583	0.1591	0.2349	0.2134	-0.9483	93	357	490	2	1	0.0058	0.25	1	0.022	1
0.022	0.1827	0.474	-1.9469	0.1085	-0.4983	-0.8138	-0.2991	356	358	490	2	2	0.0058	0.25	0	0.022	1
0.0245	0.0724	0.3667	-2.0735	0.048	-0.6245	-0.5936	-0.5076	357	359	490	2	3	0.0065	0.0556	0	0.0328	1
0.0173	0.1236	0.336	-2.1413	0.0245	-0.2573	-0.5691	-0.781	358	360	490	2	4	0.0146	0.225	0	0.0195	1
0.01	0.059	0.2887	-2.2061	-0.0639	-0.476	-0.8001	-0.365	359	361	490	2	5	0.01	0.05	0	0.01	1
0.0063	0.0841	0.2913	-2.2561	-0.0965	-0.2467	-0.8497	-0.466	360	0	490	2	6	0.01	0.05	0	0.01	1
0.0239	0.0863	0.4548	-1.9491	0.1596	0.8326	-0.3874	-0.3959	93	363	491	2	1	0.0062	0.5417	0	0.0229	1
0.0277	0.107	0.5492	-1.9796	0.1105	-0.4459	-0.4694	-0.7621	362	364	491	2	2	0.0052	0.4583	0	0.029	1
0.0283	0.0444	0.5092	-2.0448	0.0424	-0.32	-0.7217	-0.6138	363	0	491	2	3	0.0113	0.52	0	0.0302	1
0.0297	0.0879	0.334	-1.8999	0.2246	-0.4926	-0.4275	0.758	92	366	493	2	1	0.0089	0.375	1	0.0303	1
0.029	0.0928	0.2906	-1.9375	0.2912	0.2186	-0.9505	-0.2209	365	367	493	2	2	0.0089	0.375	0	0.0303	1
0.0261	0.0648	0.3159	-2.0191	0.2688	0.8008	-0.5448	0.2489	366	0	493	2	3	0.0087	0.3125	0	0.0261	1
0.0203	0.1433	0.3101	-1.8229	0.212	0.261	0.0893	0.9612	91	369	494	2	1	0.0035	0.375	1	0.0196	1
0.0186	0.0826	0.3475	-1.8101	0.3497	0.899	0.2705	0.3444	368	370	494	2	2	0.0035	0.375	0	0.0196	1
0.0198	0.0748	0.413	-1.8062	0.4173	0.9783	-0.1385	0.1541	369	371	494	2	3	0.009	0.325	0	0.0264	1
0.01	0.0523	0.4796	-1.8163	0.4344	0.6311	0.2131	0.7459	370	0	494	2	4	0.01	0.05	0	0.01	1
0.0286	0.0848	0.4874	-2.0119	0.2928	-0.647	0.4984	0.5771	94	373	496	2	1	0.0049	0.625	0	0.0286	1
0.0313	0.0749	0.4359	-1.9682	0.3413	0.4019	-0.8828	0.2434	372	374	496	2	2	0.0043	0.5417	0	0.0313	1
0.0364	0.0586	0.4686	-2.0624	0.3458	0.9899	0.0232	0.1399	373	375	496	2	3	0.0048	0.5417	0	0.0364	1
0.0401	0.0957	0.5251	-2.0603	0.3867	-0.1973	-0.9802	0.0146	374	376	496	2	4	0.006	0.6389	0	0.0408	1
0.0375	0.0858	0.4919	-2.1426	0.3665	-0.0024	-0.884	-0.4675	375	377	496	2	5	0.005	0.5833	0	0.0378	1
0.032	0.0617	0.4974	-2.2432	0.3509	-0.2974	-0.7054	-0.6434	376	378	496	2	6	0.0045	0.4375	0	0.032	1
0.0357	0.0337	0.4743	-2.334	0.3682	0.4412	-0.7073	-0.5523	377	379	496	2	7	0.0036	0.2917	0	0.0368	1
0.0286	0.0777	0.4439	-2.3716	0.3758	0.3717	-0.9139	0.1631	378	380	496	2	8	0.0079	0.225	0	0.0154	1
0.0321	0.2315	0.5283	-2.451	0.3861	-0.1039	-0.8373	0.5368	379	381	496	2	9	0.0049	0.1719	0	0.0321	1
0.0286	0.092	0.5443	-2.6266	0.5106	0.1105	-0.2488	0.9622	380	382	496	2	10	0.0078	0.0727	0	0.0219	1
0.0286	0.0055	0.5497	-2.6109	0.5894	0.4766	0.2686	0.837	381	0	496	2	11	0.0058	0.2813	0	0.0214	1
0.0279	0.0929	0.5822	-2.1448	0.2677	-0.6428	-0.3898	-0.6594	96	384	507	2	1	0.0076	0.4167	1	0.0279	1
0.0279	0.058	0.5225	-2.181	0.2064	-0.9956	0.0173	-0.0925	383	385	507	2	2	0.0076	0.4167	0	0.0279	1
0.0279	0.0738	0.4603	-2.2025	0.2113	0.9158	-0.3021	-0.2646	384	0	507	2	3	0.0039	0.16	0	0.01	1
0.0214	0.089	0.7718	-2.4231	0.5093	-0.0919	0.9949	0.0423	100	387	841	2	1	0.0028	0.14	0	0.0371	1
0.0214	0.0583	0.7674	-2.332	0.5093	0.7785	-0.3832	0.4971	386	388	841	2	2	0.0076	0.175	0	0.01	1
0.0214	0.1693	0.8168	-2.3643	0.5426	-0.4532	0.2004	0.8686	387	389	841	2	3	0.0062	0.07	0	0.01	1
0.0214	0.0359	0.7383	-2.3415	0.6948	-0.9896	0.1125	-0.09	388	0	841	2	4	0.0025	0.075	0	0.01	1
0.006	0.5558	0.0723	0.7759	-0.4899	0.3532	-0.8928	-0.2795	105	391	33	2	1	0.0256	0.1077	1	0.0998	1
0.006	0.1253	0.2236	0.2996	-0.638	-0.3494	-0.504	-0.7899	390	0	33	2	2	0.0072	0.0714	0	0.0998	1
0.0228	0.2335	0.0968	0.7753	-0.4804	0.6614	0.0896	-0.7447	105	393	37	2	1	0.0064	0.125	1	0.0228	1
0.0228	0.1708	0.2512	0.7963	-0.6543	0.9066	0.2499	0.3401	392	394	37	2	2	0.0064	0.125	0	0.0228	1
0.0236	0.2633	0.3103	0.9759	-0.5276	0.839	0.4041	0.3644	393	395	37	2	3	0.0662	0.0571	0	0.1622	1
0.0154	0.1143	0.4875	1.1523	-0.4164	0.8535	0.5042	0.1314	394	396	37	2	4	0.0074	0.2614	0	0.0176	1
0.0069	0.1171	0.5868	1.2056	-0.394	0.8803	0.4685	0.0745	395	0	37	2	5	0.01	0.05	0	0.01	1
0.0301	0.299	0.12	0.8636	-0.292	-0.2833	-0.9543	-0.0952	107	398	42	2	1	0.009	0.25	1	0.0301	1
0.0301	0.1495	0.0353	0.5782	-0.3205	-0.9925	-0.1171	-0.0361	397	0	42	2	2	0.009	0.25	0	0.0301	1
0.021	0.2181	0.1322	0.816	-0.3711	0.1544	-0.4468	0.8812	105	400	53	2	1	0.0046	0.2708	1	0.021	1
0.021	0.1547	0.1659	0.7186	-0.1789	0.9574	0.2878	-0.0225	399	0	53	2	2	0.0046	0.2708	0	0.021	1
0.0263	0.4145	0.0506	0.8277	-0.4082	-0.978	0.0351	0.2058	105	402	56	2	1	0.0085	0.425	1	0.0263	1
0.0263	0.1411	-0.3548	0.8422	-0.3229	-0.6279	-0.7602	0.1671	401	403	56	2	2	0.0085	0.425	0	0.0263	1
0.0263	0.0356	-0.4542	0.7518	-0.3236	-0.5888	-0.7627	-0.2676	402	0	56	2	3	0.0079	0.15	0	0.01	1
0.0279	0.3425	0.0941	0.9703	-0.3125	-0.9489	0.3123	0.0442	106	405	57	2	1	0.0085	0.4063	1	0.0251	1
0.0271	0.0999	-0.2309	1.0773	-0.2973	-0.9175	0.183	0.3533	404	406	57	2	2	0.0085	0.4063	0	0.0251	1
0.0331	0.1528	-0.3238	1.0965	-0.2578	-0.7444	0.5735	-0.3421	405	407	57	2	3	0.0049	0.5	0	0.0331	1
0.0408	0.0938	-0.4383	1.1853	-0.2887	-0.7957	0.6026	-0.0614	406	408	57	2	4	0.0059	0.5833	0	0.0421	1
0.037	0.0852	-0.5184	1.2281	-0.2824	-0.7757	0.5623	0.2865	407	409	57	2	5	0.0049	0.875	0	0.037	1
0.0362	0.0796	-0.6024	1.2511	-0.261	-0.6594	0.4011	0.6359	408	410	57	2	6	0.0049	0.5	0	0.0377	1
0.0237	0.073	-0.6523	1.2635	-0.2069	-0.8846	-0.0379	0.4649	409	411	57	2	7	0.0026	0.4167	0	0.0234	1
0.0321	0.1279	-0.7	1.264	-0.1397	-0.8541	0.3336	0.399	410	412	57	2	8	0.0024	0.25	0	0.0354	1
0.0234	0.0082	-0.8384	1.3042	-0.1307	0.5455	0.7251	-0.4203	411	413	57	2	9	0.007	0.15	0	0.01	1
0.0251	0.061	-0.8314	1.3082	-0.1315	0.2804	0.8764	0.3916	412	0	57	2	10	0.0073	0.2917	0	0.0251	1
0.0368	0.5772	0.0241	0.8064	-0.4388	-0.7038	0.7099	0.0288	105	415	61	2	1	0.0063	0.5417	1	0.0368	1
0.0368	0.1549	-0.3821	1.2162	-0.4221	-0.2286	0.9394	0.2555	414	416	61	2	2	0.0063	0.5417	0	0.0368	1
0.0385	0.1312	-0.4321	1.3469	-0.4048	-0.527	0.8254	-0.2025	415	417	61	2	3	0.0056	0.3611	0	0.0386	1
0.0368	0.1106	-0.5204	1.4421	-0.3829	-0.9021	0.3413	-0.2642	416	418	61	2	4	0.0036	0.3438	0	0.0345	1
0.0368	0.0119	-0.5938	1.5067	-0.395	-0.7406	0.6651	0.0958	417	419	61	2	5	0.01	0.05	0	0.01	1
0.0368	0.0627	-0.6001	1.5472	-0.4073	-0.9602	-0.0386	-0.2766	418	0	61	2	6	0.0049	0.1167	0	0.01	1
0.0209	0.5324	0.0599	0.9256	-0.3253	-0.9987	-0.0062	-0.05	106	421	62	2	1	0.0033	0.3333	1	0.0209	1
0.0209	0.0687	-0.4718	0.9223	-0.352	-0.5708	-0.4751	0.6697	420	422	62	2	2	0.0033	0.3333	0	0.0209	1
0.0276	0.1026	-0.5449	0.8968	-0.2987	0.2503	0.9363	0.2465	421	423	62	2	3	0.007	0.1833	0	0.0338	1
0.0204	0.0655	-0.5442	1.0019	-0.2752	0.3459	0.9124	-0.219	422	424	62	2	4	0.0025	0.375	0	0.0204	1
0.0202	0.0897	-0.518	1.0682	-0.2949	-0.1531	0.6745	0.7222	423	425	62	2	5	0.0019	0.4167	0	0.0202	1
0.0202	0.0396	-0.5453	1.1329	-0.239	0.1622	0.9646	0.2077	424	0	62	2	6	0.0064	0.12	0	0.01	1
0.0133	0.197	-0.0292	1.4195	0.0001	-0.2482	-0.6425	-0.725	111	427	69	2	1	0.01	0.05	1	0.01	1
0.0122	0.0434	-0.0781	1.293	-0.1427	-0.477	0.8131	-0.3337	426	428	69	2	2	0.01	0.05	0	0.01	1
0.0111	0.048	-0.0851	1.3343	-0.1621	-0.1627	0.8158	0.555	427	429	69	2	3	0.01	0.05	0	0.01	1
0.012	0.0575	-0.0949	1.3738	-0.1344	0.0149	0.9726	-0.2321	428	0	69	2	4	0.0043	0.25	0	0.0156	1
0.0352	0.2946	-0.0419	1.3178	0.1139	-0.2439	-0.8123	-0.5297	110	431	71	2	1	0.0075	0.65	1	0.0352	1
0.0352	0.1439	-0.1137	1.0785	-0.0422	-0.2029	0.9758	-0.0816	430	432	71	2	2	0.0075	0.65	0	0.0352	1
0.0447	0.1349	-0.1353	1.2192	-0.042	-0.6557	0.6382	0.4034	431	433	71	2	3	0.0185	0.4917	0	0.0528	1
0.0442	0.0601	-0.2188	1.3105	0.0135	-0.714	0.582	0.3892	432	434	71	2	4	0.016	0.026	0	0.0547	1
0.0437	0.2533	-0.36	1.296	0.0966	-0.6195	0.5117	-0.5953	433	435	71	2	5	0.0364	0.3193	0	0.0908	1
0.044	0.1115	-0.5364	1.3879	-0.0504	-0.6881	0.2883	-0.6659	434	436	71	2	6	0.0221	0.4694	0	0.0702	1
0.0447	0.1149	-0.6259	1.4033	-0.1154	-0.5241	-0.0705	-0.8488	435	437	71	2	7	0.0073	0.62	0	0.0454	1
0.0438	0.1066	-0.7018	1.428	-0.2193	-0.2364	-0.294	-0.9261	436	438	71	2	8	0.0174	0.4048	0	0.0556	1
0.0352	0.2198	-0.745	1.3737	-0.3021	-0.2701	-0.397	-0.8772	437	439	71	2	9	0.0057	0.3125	0	0.0338	1
0.0424	0.0433	-0.8034	1.2505	-0.4619	-0.2866	-0.6506	-0.7033	438	440	71	2	10	0.0175	0.2792	0	0.0442	1
0.0369	0.131	-0.8383	1.2356	-0.4737	-0.3126	-0.9104	0.2712	439	441	71	2	11	0.0045	0.325	0	0.0369	1
0.0352	0.2686	-0.8566	1.101	-0.433	-0.5805	-0.7889	0.2019	440	442	71	2	12	0.0106	0.2778	0	0.0249	1
0.0367	0.1472	-1.0598	1.0105	-0.4081	-0.9329	-0.36	0.0118	441	443	71	2	13	0.0038	0.225	0	0.0367	1
0.0352	0.0612	-1.122	1.1127	-0.4575	-0.9081	0.3879	-0.1577	442	444	71	2	14	0.0066	0.1667	0	0.01	1
0.0352	0.0726	-1.1742	1.0425	-0.4295	-0.991	-0.079	-0.1081	443	445	71	2	15	0.0081	0.1875	0	0.0198	1
0.0352	0.004	-1.166	1.0769	-0.3723	-0.689	0.4201	0.5905	444	446	71	2	16	0.0072	0.125	0	0.0211	1
0.0352	0.1125	-1.1599	1.131	-0.3741	-0.7206	0.175	0.6709	445	447	71	2	17	0.0097	0.1389	0	0.0173	1
0.0352	0.0734	-1.2621	1.112	-0.3096	-0.6496	0.1451	0.7463	446	448	71	2	18	0.0052	0.1458	0	0.01	1
0.0352	0.0166	-1.2825	1.1399	-0.228	-0.759	0.3274	0.5629	447	449	71	2	19	0.0077	0.1528	0	0.0169	1
0.0352	0.152	-1.3223	1.1775	-0.2451	-0.6315	0.0969	0.7693	448	450	71	2	20	0.0086	0.1354	0	0.0165	1
0.0352	0.0649	-1.4192	1.2008	-0.1336	-0.8142	0.251	0.5235	449	451	71	2	21	0.0091	0.2083	0	0.0224	1
0.0352	0.0765	-1.4663	1.1913	-0.0724	-0.9084	0.1914	0.3716	450	452	71	2	22	0.01	0.05	0	0.01	1
0.0352	0.0178	-1.5024	1.211	-0.0793	-0.5277	0.7533	-0.3924	451	0	71	2	23	0.0057	0.1167	0	0.01	1
0.0252	0.3099	0.1626	1.0436	-0.231	-0.4355	0.8797	-0.1907	108	454	72	2	1	0.0091	0.375	1	0.0261	1
0.023	0.0696	0.0276	1.3162	-0.29	-0.5037	0.4481	-0.7385	453	455	72	2	2	0.0091	0.375	0	0.0261	1
0.0144	0.062	-0	1.3665	-0.3097	-0.8733	0.48	-0.0836	454	456	72	2	3	0.01	0.05	0	0.01	1
0.01	0.0362	-0.0542	1.3962	-0.3148	-0.9348	-0.2641	-0.2377	455	0	72	2	4	0.01	0.05	0	0.01	1
0.0341	0.4545	0.0002	1.3252	0.0725	-0.5572	-0.0261	-0.83	110	458	73	2	1	0.0039	0.625	1	0.0341	1
0.0341	0.1019	-0.2531	1.3133	-0.3047	-0.6284	-0.2124	-0.7484	457	459	73	2	2	0.0039	0.625	0	0.0341	1
0.0339	0.0203	-0.2943	1.2877	-0.3852	-0.226	-0.3071	-0.9244	458	460	73	2	3	0.013	0.4091	0	0.0338	1
0.0338	0.1023	-0.2997	1.2671	-0.4076	-0.9719	-0.002	0.2356	459	0	73	2	4	0.0065	0.25	0	0.0305	1
0.0413	0.3957	0.5029	1.0132	-0.2016	0.9284	0.268	-0.2575	108	462	78	2	1	0.0046	0.6296	1	0.0417	1
0.0413	0.0634	0.8703	1.1193	-0.3035	0.921	0.3445	-0.1818	461	463	78	2	2	0.0046	0.6296	0	0.0417	1
0.036	0.0855	0.929	1.1457	-0.3022	0.7468	0.6224	-0.2345	462	464	78	2	3	0.0046	0.7917	0	0.036	1
0.0322	0.0712	0.9962	1.1931	-0.3354	0.5504	0.8061	-0.2175	463	465	78	2	4	0.0045	0.5833	0	0.0322	1
0.0309	0.0697	1.0331	1.2591	-0.3543	0.9703	0.1892	-0.1506	464	466	78	2	5	0.0036	0.375	0	0.0293	1
0.0309	0.1611	1.1182	1.2571	-0.3641	0.6441	0.7278	-0.2356	465	467	78	2	6	0.0035	0.325	0	0.0275	1
0.0309	0.0701	1.237	1.353	-0.4271	0.6873	0.7023	-0.1855	466	468	78	2	7	0.0035	0.4167	0	0.0309	1
0.0309	0.0776	1.2884	1.4152	-0.4366	0.4469	0.1273	-0.8855	467	469	78	2	8	0.0038	0.2917	0	0.0269	1
0.038	0.2144	1.3272	1.4113	-0.509	0.2922	0.3325	-0.8967	468	470	78	2	9	0.0082	0.1136	0	0.0682	1
0.0309	0.0876	1.4236	1.497	-0.6505	0.7632	0.2742	-0.5851	469	471	78	2	10	0.0079	0.24	0	0.0213	1
0.0309	0.0499	1.4797	1.5291	-0.7302	0.9292	0.2349	-0.2854	470	472	78	2	11	0.0043	0.05	0	0.0186	1
0.0309	0.177	1.5293	1.5406	-0.7306	0.9651	-0.1259	-0.2297	471	473	78	2	12	0.0085	0.2125	0	0.0191	1
0.0309	0.0455	1.6805	1.5047	-0.8015	0.8255	0.0594	-0.5613	472	474	78	2	13	0.0109	0.2857	0	0.0237	1
0.0309	0.1562	1.7058	1.4977	-0.8431	0.8309	-0.1924	-0.522	473	475	78	2	14	0.0023	0.2083	0	0.0286	1
0.0309	0.0777	1.8458	1.5055	-0.9045	0.9674	-0.1534	-0.2017	474	476	78	2	15	0.0077	0.25	0	0.022	1
0.0309	0.0493	1.9215	1.4951	-0.9159	0.9746	-0.2184	-0.0486	475	477	78	2	16	0.0024	0.2917	0	0.0263	1
0.0309	0.0107	1.9662	1.4839	-0.9345	0.8116	-0.5637	-0.1537	476	478	78	2	17	0.01	0.05	0	0.01	1
0.0309	0.0774	1.967	1.4742	-0.9281	0.2363	0.7774	0.583	477	0	78	2	18	0.0094	0.14	0	0.01	1
0.0037	1.1158	0.0736	1.0438	-0.2578	0.2309	0.8157	0.5304	108	480	81	2	1	0.0081	0.0556	0	0.7682	1
0.0054	0.1816	0.1076	0.9496	-0.0521	-0.443	-0.234	0.8654	479	0	81	2	2	0.0168	0.0794	0	0.3772	1
0.0401	0.2054	0.3869	1.0372	-0.174	0.9596	0.1796	0.2167	108	482	82	2	1	0.009	0.3232	1	0.0401	1
0.0401	0.3235	0.584	1.0741	-0.1295	0.5238	0.735	-0.4305	481	483	82	2	2	0.009	0.3232	0	0.0401	1
0.041	0.1118	0.7627	1.3057	-0.2592	0.6832	0.7012	-0.2039	482	484	82	2	3	0.005	0.5778	0	0.041	1
0.0434	0.0766	0.8289	1.4	-0.2867	0.8436	0.4565	-0.2827	483	485	82	2	4	0.0059	0.6667	0	0.0434	1
0.0449	0.0951	0.8864	1.4547	-0.3074	0.9253	0.3415	-0.1647	484	486	82	2	5	0.0064	0.52	0	0.0452	1
0.0454	0.1092	0.9605	1.5084	-0.3231	0.8273	0.5416	-0.1491	485	487	82	2	6	0.0073	0.775	0	0.0454	1
0.0399	0.0841	1.0524	1.5673	-0.3399	0.1441	0.989	-0.0344	486	488	82	2	7	0.0054	0.6944	0	0.0399	1
0.0415	0.0773	1.1117	1.6624	-0.3515	-0.2682	0.9518	-0.1491	487	489	82	2	8	0.0064	0.6111	0	0.0415	1
0.0391	0.0695	1.1074	1.7166	-0.3706	0.7304	0.6708	-0.1283	488	490	82	2	9	0.0055	0.7407	0	0.0391	1
0.038	0.0702	1.15	1.7785	-0.3774	0.8853	0.455	0.0955	489	491	82	2	10	0.0054	0.7083	0	0.038	1
0.039	0.0824	1.2167	1.8055	-0.3742	0.7215	0.6906	-0.0494	490	492	82	2	11	0.0059	0.6667	0	0.039	1
0.0292	0.0741	1.2658	1.8803	-0.3945	0.6988	0.6582	0.2801	491	493	82	2	12	0.0052	0.5833	0	0.0292	1
0.0375	0.1542	1.3555	1.912	-0.3548	0.445	0.8913	-0.0868	492	494	82	2	13	0.005	0.2889	0	0.04	1
0.0292	0.0371	1.4235	2.0444	-0.3539	0.7451	0.6176	0.2519	493	495	82	2	14	0.0147	0.3472	0	0.0251	1
0.0292	0.0034	1.45	2.0769	-0.3446	0.9313	0.1092	-0.3476	494	496	82	2	15	0.01	0.05	0	0.01	1
0.0292	0.0476	1.4777	2.0763	-0.346	0.034	0.9804	-0.1941	495	0	82	2	16	0.0006	0.1	0	0.01	1
0.0417	0.5363	0.0888	0.9198	-0.2815	-0.6598	-0.1133	0.7429	106	498	83	2	1	0.0054	0.4028	1	0.0417	1
0.0417	0.2231	-0.2651	0.8591	0.1169	0.0487	0.8735	0.4845	497	499	83	2	2	0.0054	0.4028	0	0.0417	1
0.0356	0.066	-0.2607	1.0394	0.2258	-0.8931	0.409	0.1873	498	500	83	2	3	0.0035	0.625	0	0.0335	1
0.0401	0.1364	-0.3144	1.0765	0.249	-0.9022	0.4301	0.0312	499	501	83	2	4	0.0055	0.4889	0	0.0401	1
0.0462	0.1439	-0.4422	1.1302	0.2474	-0.8482	0.3851	0.3636	500	502	83	2	5	0.006	0.44	0	0.0462	1
0.0411	0.1143	-0.5942	1.1803	0.2956	0.0924	-0.8757	0.474	501	503	83	2	6	0.0053	0.6389	0	0.0411	1
0.0441	0.1457	-0.5834	1.0801	0.3518	0.1083	-0.994	-0.0128	502	504	83	2	7	0.0075	0.58	0	0.0441	1
0.0395	0.1036	-0.5723	0.9334	0.3527	0.4767	-0.8485	0.2296	503	505	83	2	8	0.0059	0.6111	0	0.0395	1
0.0445	0.1674	-0.5053	0.8449	0.3618	0.1882	-0.9439	0.2712	504	506	83	2	9	0.008	0.5167	0	0.0445	1
0.049	0.1138	-0.4727	0.6826	0.3745	0.6229	-0.7731	0.1197	505	507	83	2	10	0.0084	0.6818	0	0.0506	1
0.0483	0.1548	-0.4351	0.5712	0.3781	0.6002	-0.6603	-0.4514	506	508	83	2	11	0.0189	0.4722	0	0.0551	1
0.0481	0.1388	-0.2832	0.4326	0.3721	-0.2922	-0.9218	-0.2548	507	509	83	2	12	0.0283	0.5764	0	0.0723	1
0.0479	0.0762	-0.29	0.3084	0.3592	-0.1872	-0.8855	0.4252	508	510	83	2	13	0.0206	0.0125	0	0.0634	1
0.0453	0.1594	-0.3172	0.2644	0.3829	-0.3631	0.1402	0.9211	509	511	83	2	14	0.0065	0.74	0	0.0453	1
0.0436	0.1078	-0.3927	0.2665	0.5291	-0.1024	0.0551	0.9932	510	512	83	2	15	0.0073	0.6944	0	0.0421	1
0.0419	0.0968	-0.3969	0.2909	0.6405	-0.5225	-0.0057	0.8526	511	513	83	2	16	0.0075	0.8333	0	0.0419	1
0.0419	0.0935	-0.4576	0.2943	0.7192	-0.39	-0.0927	0.9161	512	514	83	2	17	0.0093	0.525	0	0.0457	1
0.042	0.0918	-0.5036	0.291	0.8014	-0.3491	-0.0185	0.9369	513	515	83	2	18	0.0068	0.7778	0	0.042	1
0.0415	0.1027	-0.5292	0.2924	0.8995	-0.8848	0.0351	0.4647	514	516	83	2	19	0.006	0.6667	0	0.0383	1
0.0411	0.0775	-0.6018	0.3022	1.0037	-0.9317	0.2371	0.2751	515	517	83	2	20	0.0058	0.7222	0	0.0411	1
0.0427	0.07	-0.6652	0.3358	1.0378	-0.9141	0.2813	0.2921	516	518	83	2	21	0.0059	0.7778	0	0.0427	1
0.0413	0.1297	-0.7342	0.3362	1.0754	-0.935	-0.0674	-0.3483	517	519	83	2	22	0.0075	0.6	0	0.0415	1
0.0376	0.0726	-0.8804	0.3519	1.1488	-0.9452	-0.296	-0.1375	518	520	83	2	23	0.0042	0.625	0	0.0376	1
0.0384	0.1104	-0.9499	0.3123	1.1369	-0.947	0.0131	0.3209	519	521	83	2	24	0.0071	0.5556	0	0.0384	1
0.0332	0.0996	-1.0613	0.3128	1.1879	-0.8023	-0.4583	-0.3825	520	522	83	2	25	0.0032	0.5833	0	0.0332	1
0.0318	0.1133	-1.1325	0.2686	1.1542	-0.4714	0.3429	0.8125	521	523	83	2	26	0.0036	0.5625	0	0.0318	1
0.0353	0.0811	-1.1807	0.3019	1.2602	-0.9422	-0.0637	0.3289	522	524	83	2	27	0.0038	0.375	0	0.0353	1
0.032	0.1489	-1.2563	0.2949	1.2861	-0.9366	-0.3171	-0.1495	523	525	83	2	28	0.0049	0.525	0	0.032	1
0.0362	0.094	-1.3893	0.2556	1.293	-0.9648	-0.1024	0.2424	524	526	83	2	29	0.0041	0.2917	0	0.0362	1
0.0318	0.1268	-1.4753	0.2946	1.3123	-0.6104	0.1153	0.7837	525	527	83	2	30	0.0037	0.25	0	0.0315	1
0.0318	0.0887	-1.5228	0.3278	1.4133	-0.194	0.2247	0.9549	526	528	83	2	31	0.0071	0.14	0	0.01	1
0.0318	0.1233	-1.5687	0.2776	1.4174	-0.9002	-0.1152	0.42	527	529	83	2	32	0.0077	0.1444	0	0.0144	1
0.0318	0.0046	-1.681	0.2746	1.4643	-0.9383	0.0374	0.3439	528	530	83	2	33	0.0059	0.15	0	0.01	1
0.0318	0.0674	-1.6862	0.2943	1.4652	-0.5896	0	0.8077	529	0	83	2	34	0.0059	0.175	0	0.01	1
0.035	0.3762	0.2169	1.0015	-0.1647	-0.1	0.1786	0.9788	108	532	90	2	1	0.005	0.4688	1	0.0353	1
0.0346	0.1058	0.1792	1.0687	0.2035	0.2063	0.9526	0.2235	531	533	90	2	2	0.005	0.4688	0	0.0353	1
0.0293	0.0824	0.2051	1.1866	0.2259	-0.8454	0.2348	0.4797	532	534	90	2	3	0.0033	0.5417	0	0.0293	1
0.0246	0.0779	0.1382	1.2239	0.2865	-0.979	-0.072	0.1906	533	535	90	2	4	0.003	0.4167	0	0.0246	1
0.0287	0.0823	0.0586	1.2219	0.3081	-0.914	-0.1112	-0.3903	534	536	90	2	5	0.0036	0.5833	0	0.0287	1
0.0288	0.0935	0.0104	1.2142	0.3073	-0.6392	0.5609	0.5262	535	537	90	2	6	0.0037	0.375	0	0.0288	1
0.0274	0.0889	-0.0551	1.2644	0.3502	-0.513	0.8433	0.1606	536	538	90	2	7	0.0027	0.375	0	0.0274	1
0.0246	0.0728	-0.0854	1.3307	0.3716	0.2115	0.8185	0.5342	537	539	90	2	8	0.0023	0.25	0	0.022	1
0.0246	0.154	-0.0422	1.3924	0.4068	0.0138	0.8236	0.5671	538	0	90	2	9	0.0054	0.08	0	0.01	1
0.0398	0.1783	0.134	1.0923	0.0073	0.6556	-0.1367	0.7427	109	541	91	2	1	0.0075	0.4167	1	0.0398	1
0.0398	0.2216	0.2509	1.068	0.1397	0.8317	0.5241	-0.1834	540	542	91	2	2	0.0075	0.4167	0	0.0398	1
0.0398	0.1594	0.4274	1.184	0.0818	0.8947	0.1904	-0.404	541	0	91	2	3	0.0101	0.2051	0	0.0315	1
0.0227	0.4985	0.4073	0.9965	-0.1283	-0.5541	0.1781	0.8132	108	544	92	2	1	0.0062	0.375	1	0.0227	1
0.0227	0.1163	0.131	1.0853	0.2771	0.5569	-0.6403	-0.529	543	0	92	2	2	0.0062	0.375	0	0.0227	1
0.0149	0.359	0.0549	1.2604	0.062	-0.5693	-0.3954	0.7208	110	546	97	2	1	0.0072	0.25	0	0.0417	1
0.01	0.0692	-0.1536	1.1715	0.3043	-0.8905	0.0692	0.4496	545	0	97	2	2	0.01	0.05	0	0.01	1
0.0276	0.0734	0.017	1.3071	0.1574	-0.6336	0.1235	0.7637	110	548	98	2	1	0.008	0.5	0	0.0276	1
0.0276	0.1064	0.0009	1.3276	0.1939	0.0765	0.8038	0.5899	547	0	98	2	2	0.0065	0.1429	0	0.0198	1
0.0269	0.1653	0.0197	1.3784	0.1008	-0.1134	0.9693	0.218	110	550	100	2	1	0.0268	0.3117	0	0.0315	1
0.0209	0.0629	0.0201	1.5576	0.1375	-0.7043	0.7073	0.0608	549	551	100	2	2	0.0036	0.25	0	0.025	1
0.0142	0.0576	-0.0185	1.6042	0.1449	-0.3483	-0.4551	0.8195	550	0	100	2	3	0.0036	0.3333	0	0.0142	1
0.0317	0.0477	0.0936	1.5709	-0.0063	-0.3836	0.9033	0.1921	113	553	102	2	1	0.0038	0.4167	0	0.0332	1
0.0232	0.1	0.0444	1.6174	-0.0094	-0.2481	0.5663	0.786	552	554	102	2	2	0.0059	0.22	0	0.018	1
0.0308	0.1154	0.0415	1.6979	0.0999	-0.8685	0.3649	0.3355	553	555	102	2	3	0.0158	0.2167	0	0.0489	1
0.0232	0.0831	-0.0239	1.7443	0.157	-0.137	0.99	0.0331	554	556	102	2	4	0.0026	0.375	0	0.0212	1
0.0232	0.1167	-0.0469	1.8247	0.1367	0.1046	0.9859	-0.1309	555	557	102	2	5	0.0028	0.4063	0	0.0232	1
0.0232	0.0078	-0.0425	1.935	0.112	-0.2079	0.931	-0.2999	556	558	102	2	6	0.0098	0.3542	0	0.0226	1
0.0232	0.0528	-0.0263	1.9456	0.122	0.5155	-0.6333	-0.5773	557	559	102	2	7	0	0.04	0	0.01	1
0.0232	0.0989	0.0049	1.9126	0.0913	0.0989	-0.9492	-0.2988	558	0	102	2	8	0.0046	0.1167	0	0.01	1
0.0279	0.1926	0.1847	1.7322	0.1398	-0.1015	0.9452	-0.3102	116	561	104	2	1	0.0037	0.5	0	0.0279	1
0.0237	0.111	0.1763	1.9203	0.0904	-0.3853	0.9151	-0.1187	560	562	104	2	2	0.0034	0.4375	0	0.0217	1
0.0235	0.096	0.1394	2.0233	0.0662	-0.5254	0.8348	-0.1641	561	563	104	2	3	0.0032	0.2917	0	0.0216	1
0.0308	0.119	0.0716	2.0987	0.0321	-0.7187	0.3769	0.5843	562	564	104	2	4	0.0042	0.4688	0	0.0308	1
0.0314	0.0646	-0.014	2.1489	0.113	-0.1598	0.8932	-0.4203	563	565	104	2	5	0.0036	0.6667	0	0.0315	1
0.0321	0.0662	-0.0221	2.2103	0.0937	-0.2043	0.902	-0.3802	564	566	104	2	6	0.0046	0.7083	0	0.0321	1
0.0337	0.0712	-0.0265	2.2687	0.0708	-0.0472	0.7643	0.6431	565	567	104	2	7	0.0042	0.75	0	0.0337	1
0.0297	0.0959	-0.0244	2.3379	0.1077	-0.319	0.5665	0.7598	566	568	104	2	8	0.0039	0.2813	0	0.0316	1
0.0262	0.0923	-0.0503	2.3875	0.1669	0.2235	0.9412	-0.2536	567	569	104	2	9	0.0023	0.375	0	0.0262	1
0.0217	0.017	-0.0191	2.4689	0.1514	0.1157	0.8826	0.4557	568	570	104	2	10	0.01	0.05	0	0.01	1
0.0217	0.0453	-0.0172	2.4839	0.1592	-0.7533	0.5939	-0.2825	569	0	104	2	11	0.01	0.05	0	0.01	1
0.0182	0.0378	0.2064	1.7145	0.1641	-0.0083	0.4515	0.8922	116	572	106	2	1	0.0042	0.3438	1	0.0185	1
0.0169	0.1159	0.2061	1.7316	0.1978	-0.7092	0.6229	-0.3301	571	573	106	2	2	0.0042	0.3438	0	0.0185	1
0.0145	0.0753	0.1242	1.8026	0.1674	-0.3217	0.9339	0.1558	572	574	106	2	3	0.0029	0.25	0	0.0179	1
0.01	0.1098	0.0931	1.8721	0.1699	-0.7801	0.2608	0.5687	573	0	106	2	4	0.01	0.05	0	0.01	1
0.0381	0.2835	0.4059	1.7295	0.0939	0.0754	-0.9016	-0.4259	118	576	1022	2	1	0.0051	0.6296	1	0.0429	1
0.038	0.0709	0.4273	1.4739	-0.0268	-0.245	-0.9557	0.1631	575	577	1022	2	2	0.0051	0.6296	0	0.0429	1
0.0356	0.0737	0.4145	1.4094	-0.0081	-0.4126	-0.7037	0.5784	576	578	1022	2	3	0.0044	0.6667	0	0.0356	1
0.0315	0.0664	0.3847	1.3619	0.0376	0.3356	-0.5604	0.7572	577	579	1022	2	4	0.0044	0.4167	0	0.0315	1
0.0315	0.1259	0.4354	1.3105	0.1018	-0.5708	-0.651	0.5003	578	580	1022	2	5	0.0087	0.1714	0	0.0241	1
0.0315	0.0098	0.3641	1.2231	0.1806	-0.7544	-0.6287	-0.1886	579	0	1022	2	6	0.0049	0.15	0	0.01	1
0.0374	0.048	0.8206	2.2248	0.5573	-0.9887	0.078	0.1279	125	582	410	2	1	0.0069	0.4167	0	0.0374	1
0.0374	0.0061	0.7658	2.2387	0.556	-0.5848	-0.7126	-0.3876	581	583	410	2	2	0.01	0.05	0	0.01	1
0.0374	0.1231	0.7612	2.2468	0.5673	-0.9605	-0.2378	0.1447	582	0	410	2	3	0.012	0.0729	0	0.01	1
0.0095	0.1443	0.8162	2.2346	0.5713	-0.0349	0.6024	0.7974	126	585	411	2	1	0.0023	0.3333	0	0.0314	1
0.0096	0.0294	0.7839	2.3022	0.679	-0.2725	0.6525	-0.7071	584	586	411	2	2	0.01	0.05	0	0.01	1
0.0095	0.0138	0.7719	2.3335	0.6558	-0.0517	-0.2132	-0.9756	585	0	411	2	3	0.01	0.05	0	0.01	1
0.0363	0.0801	-0.1602	-0.0661	-0.4747	0.7947	0.3243	-0.5131	0	588	1023	0	1	0.0103	0.5	0	0.0363	0
0.0363	0.0406	-0.1135	-0.0582	-0.5203	-0.4498	0.5919	-0.6688	587	589	1023	0	2	0.01	0.05	0	0.01	0
0.0363	0.0555	-0.1383	-0.0162	-0.5196	-0.0678	0.8321	-0.5505	588	0	1023	0	3	0.0073	0.125	0	0.01	0
0.0237	0.0894	-0.9231	0.9584	-0.3912	0.752	-0.6563	-0.0618	167	591	920	3	1	0.0033	0.4583	0	0.0297	1
0.0223	0.0822	-0.8656	0.9052	-0.3978	-0.0539	0.0889	0.9946	590	592	920	3	2	0.0033	0.4167	0	0.0221	1
0.0221	0.0033	-0.8563	0.9071	-0.3167	-0.0263	-0.1838	0.9826	591	593	920	3	3	0.01	0.05	0	0.01	1
0.0221	0.0612	-0.8564	0.9065	-0.3134	-0.0449	-0.1484	0.9879	592	0	920	3	4	0.01	0.05	0	0.01	1
0.01	0.0385	-1.2984	1.088	0.0377	0.4088	-0.3649	0.8365	175	595	1026	3	1	0.01	0.05	1	0.01	1
0.01	0.0858	-1.2826	1.074	0.0698	0.2153	-0.6572	0.7223	594	596	1026	3	2	0.01	0.05	0	0.01	1
0.01	0.0377	-1.2642	1.0176	0.1318	0.4154	-0.8729	0.2559	595	0	1026	3	3	0.01	0.05	0	0.01	1
0.0456	0.3228	-0.0049	0.1019	0.477	0.7357	0.1365	0.6634	202	598	417	3	1	0.006	0.7667	1	0.0456	0
0.0456	0.0871	0.2326	0.146	0.6912	-0.3242	0.1577	0.9328	597	599	417	3	2	0.006	0.7667	0	0.0456	0
0.0419	0.1139	0.214	0.1567	0.7711	0.1934	0.2135	0.9576	598	600	417	3	3	0.0075	0.6667	0	0.0419	0
0.0412	0.1585	0.2326	0.1704	0.8812	0.1903	0.0355	0.9811	599	601	417	3	4	0.0079	0.537	0	0.0418	0
0.0426	0.1002	0.3233	0.2035	1.0354	-0.0102	0.071	0.9974	600	602	417	3	5	0.0066	0.75	0	0.0426	0
0.0382	0.0838	0.3296	0.2077	1.1257	0.8077	0.1636	0.5665	601	603	417	3	6	0.0052	0.6667	0	0.0383	0
0.0404	0.0968	0.3626	0.2202	1.2089	0.7176	-0.0181	0.6962	602	604	417	3	7	0.0168	0.5055	0	0.0492	0
0.037	0.0971	0.4019	0.2294	1.2746	-0.0887	-0.0945	0.9916	603	605	417	3	8	0.006	0.7083	0	0.037	0
0.0291	0.0597	0.3942	0.2227	1.3718	-0.0718	-0.3098	0.9481	604	606	417	3	9	0.0039	0.4583	0	0.0291	0
0.0336	0.0828	0.4033	0.1837	1.4424	-0.2757	0.4132	0.8679	605	607	417	3	10	0.0059	0.1636	0	0.0492	0
0.0234	0.1074	0.3856	0.2309	1.5092	0.7009	0.0028	0.7133	606	608	417	3	11	0.0033	0.4583	0	0.0234	0
0.0234	0.0511	0.4594	0.239	1.5845	0.6567	0.2423	0.7141	607	609	417	3	12	0.0059	0.14	0	0.01	0
0.0234	0.0906	0.5002	0.2532	1.6156	0.462	0.44	0.77	608	0	417	3	13	0.004	0.1167	0	0.01	0
0.0355	0.2358	-0.1366	0.0601	0.5906	0.7924	0.1386	0.594	203	0	418	3	1	0.0081	0.5	0	0.0355	0
0.0121	0.102	-0.9855	-0.4225	0.9551	-0.5947	-0.8038	-0.0139	215	612	420	3	1	0.0142	0.2167	0	0.0283	0
0.0146	0.1001	-1.0762	-0.5432	0.9506	-0.1411	0.0299	0.9895	611	613	420	3	2	0.0019	0.2917	0	0.0178	0
0.01	0.0642	-1.1003	-0.5306	1.0428	-0.3082	0.3176	0.8967	612	0	420	3	3	0.01	0.05	0	0.01	0
0.0227	0.2352	-0.1635	0.0317	0.6688	-0.602	-0.1288	0.7881	205	615	421	3	1	0.0071	0.4375	0	0.0227	0
0.0227	0.0722	-0.3173	0.0032	0.847	-0.5153	-0.2401	0.8227	614	616	421	3	2	0.0029	0.25	0	0.02	0
0.0227	0.0439	-0.3536	-0.0189	0.9084	-0.5627	0.2263	0.7951	615	0	421	3	3	0.0074	0.175	0	0.01	0
0.0346	0.3007	-0.1261	0.008	0.5779	-0.3837	-0.7644	0.5182	203	618	1030	3	1	0.0045	0.7917	1	0.0346	0
0.0346	0.0756	-0.2415	-0.2219	0.7337	-0.8126	-0.5728	0.1072	617	619	1030	3	2	0.0045	0.7917	0	0.0346	0
0.0385	0.0849	-0.3005	-0.2767	0.7506	-0.9805	-0.0789	0.1802	618	620	1030	3	3	0.0057	0.5556	0	0.0387	0
0.0396	0.0892	-0.3859	-0.2828	0.7709	-0.913	-0.1795	-0.3663	619	621	1030	3	4	0.0105	0.3077	0	0.0486	0
0.0346	0.1453	-0.4648	-0.3082	0.7294	-0.911	-0.3834	0.1518	620	622	1030	3	5	0.0088	0.1818	0	0.0256	0
0.0346	0.1211	-0.5639	-0.4041	0.7143	-0.6976	-0.7031	0.1376	621	623	1030	3	6	0.007	0.1515	0	0.0185	0
0.0346	0.0532	-0.6654	-0.4645	0.7864	-0.5878	-0.7901	0.1739	622	624	1030	3	7	0.007	0.2273	0	0.0277	0
0.0346	0.0019	-0.6887	-0.5165	0.7964	-0.4753	-0.3165	0.8209	623	0	1030	3	8	0.01	0.05	0	0.01	1
0.043	0.1258	-0.4385	-0.0289	0.6165	-0.8211	-0.5566	-0.1264	206	626	636	3	1	0.0072	0.44	0	0.043	0
0.043	0.0604	-0.5509	-0.0899	0.6041	-0.4028	-0.6558	0.6385	625	0	636	3	2	0.0081	0.1688	0	0.0479	0
0.0227	0.1035	-0.5175	-0.0572	0.8671	0.4089	0.1723	0.8962	209	628	638	3	1	0.0028	0.2813	1	0.0227	0
0.0221	0.1167	-0.4752	-0.0394	0.9599	0.9031	0.4254	0.0588	627	629	638	3	2	0.0028	0.2813	0	0.0227	0
0.0127	0.0595	-0.3762	0.0144	0.9572	0.8035	0.5028	-0.3187	628	630	638	3	3	0.01	0.05	0	0.01	0
0.01	0.0093	-0.356	0.0104	0.9927	0.8727	0.0652	0.4838	629	631	638	3	4	0.01	0.05	0	0.01	0
0.006	0.0342	-0.3407	0.0081	1.0016	-0.4235	0.2663	0.8659	630	0	638	3	5	0.01	0.05	0	0.01	0
0.01	0.2296	-0.5342	-0.0226	0.8679	-0.4417	-0.4052	0.8004	207	633	640	3	1	0.01	0.05	0	0.01	0
0.01	0.0574	-0.6357	-0.1156	1.0517	0.17	0.9667	0.1912	632	0	640	3	2	0.01	0.05	0	0.01	0
0.0337	0.0366	-0.6521	-0.169	0.8136	0.853	-0.5188	0.0568	210	635	644	3	1	0.0065	0.5	1	0.0347	0
0.0333	0.0958	-0.6209	-0.188	0.8157	-0.6144	-0.6514	-0.4452	634	636	644	3	2	0.0065	0.5	0	0.0347	0
0.0269	0.109	-0.6548	-0.2611	0.7644	-0.4306	-0.8916	-0.1403	635	637	644	3	3	0.0041	0.375	0	0.0255	0
0.0269	0.0629	-0.7071	-0.3833	0.7386	0.9265	-0.044	-0.3736	636	0	644	3	4	0.0076	0.4167	0	0.0269	0
0.0148	0.0678	-0.8	-0.2578	0.7969	0.5123	-0.5981	-0.6163	212	0	645	3	1	0.0205	0.1778	0	0.0401	0
0.0231	0.2597	-0.8292	-0.3352	0.8648	0.1225	0.7396	0.6618	212	640	650	3	1	0.0073	0.4583	0	0.0231	0
0.0231	0.1075	-0.7968	-0.1624	1.0285	0.8258	-0.1976	0.5283	639	0	650	3	2	0.0044	0.2	0	0.0206	0
0.0256	0.1735	-0.7735	-0.1901	0.843	-0.4698	0.0182	0.8826	211	642	652	3	1	0.0077	0.5	1	0.0256	0
0.0256	0.0709	-0.855	-0.1869	0.9961	-0.7098	0.3509	-0.6107	641	0	652	3	2	0.0077	0.5	0	0.0256	0
0.0196	0.2617	-0.8392	-0.1434	0.8816	-0.6781	-0.6792	0.281	212	644	655	3	1	0.01	0.05	0	0.01	0
0.0157	0.0494	-1.0192	-0.311	0.9476	-0.9148	0.0664	0.3983	643	0	655	3	2	0.0067	0.3333	0	0.0219	0
0.0142	0.271	-0.7453	-0.2482	0.7752	-0.0356	-0.981	-0.191	211	646	660	3	1	0.002	0.2	1	0.0149	0
0.0132	0.1289	-0.755	-0.514	0.7235	-0.4661	-0.5083	0.7241	645	647	660	3	2	0.002	0.2	0	0.0149	0
0.0112	0.0356	-0.8131	-0.5784	0.816	0.493	-0.3463	0.7982	646	648	660	3	3	0.01	0.05	0	0.01	0
0.01	0.0808	-0.7955	-0.5908	0.8445	0.7466	0.216	0.6292	647	0	660	3	4	0.01	0.05	0	0.01	0
0.0237	0.0957	-0.8852	-0.4259	0.8473	0.1365	-0.1132	-0.9842	213	650	662	3	1	0.0065	0.4375	0	0.0232	0
0.0261	0.0518	-0.8481	-0.4526	0.7673	-0.1768	-0.7911	-0.5856	649	651	662	3	2	0.0049	0.25	0	0.0296	0
0.0236	0.0798	-0.8287	-0.5252	0.7384	-0.6553	-0.5664	0.4998	650	652	662	3	3	0.0028	0.4167	0	0.0236	0
0.0232	0.0776	-0.8784	-0.5749	0.7748	-0.4965	-0.6942	0.5211	651	0	662	3	4	0.0074	0.2188	0	0.023	0
0.0381	0.0547	-0.966	-0.5217	0.8715	-0.4159	-0.8981	0.1429	213	654	668	3	1	0.0073	0.2778	1	0.0407	0
0.0379	0.1127	-0.9887	-0.5708	0.8793	-0.9351	-0.258	0.243	653	655	668	3	2	0.0073	0.2778	0	0.0407	0
0.0265	0.0085	-1.0896	-0.6101	0.9026	0.2551	-0.2658	0.9297	654	656	668	3	3	0.0073	0.15	0	0.01	0
0.0259	0.0705	-1.0886	-0.6176	0.9099	-0.1561	-0.0816	0.9844	655	657	668	3	4	0.0028	0.4583	0	0.0234	0
0.0341	0.1518	-1.1243	-0.6154	0.9923	0.4646	-0.0054	0.8855	656	658	668	3	5	0.0114	0.1136	0	0.0399	0
0.0234	0.1469	-1.0878	-0.6037	1.1291	0.1149	0.1244	0.9856	657	659	668	3	6	0.0136	0.0875	0	0.01	0
0.0234	0.0322	-1.072	-0.5627	1.1378	0.0387	0.9857	0.1643	658	0	668	3	7	0.0078	0.14	0	0.01	0
0.0323	0.0627	-0.0945	-0.8275	-0.4255	-0.7132	-0.7004	0.0302	231	661	434	3	1	0.0066	0.5625	1	0.0378	0
0.0323	0.116	-0.1361	-0.8692	-0.4221	0.5946	-0.8038	0.0195	660	662	434	3	2	0.0113	0.4545	0	0.0378	0
0.0323	0.0887	-0.0817	-0.929	-0.4454	-0.2935	-0.6585	-0.693	661	663	434	3	3	0.0048	0.5833	0	0.0359	0
0.0323	0.0419	-0.1124	-0.9494	-0.4792	-0.7543	0.3236	-0.5712	662	0	434	3	4	0.0067	0.2167	0	0.0683	1
0.0273	0.1251	-0.0819	-0.8734	-0.4898	-0.1985	0.1427	0.9697	233	665	435	3	1	0.0077	0.4167	1	0.0273	0
0.0273	0.0878	-0.1068	-0.8555	-0.3685	0.8622	0.1138	0.4935	664	666	435	3	2	0.0077	0.4167	0	0.0273	0
0.0273	0.0942	-0.0426	-0.8511	-0.3066	-0.0627	0.9655	0.2528	665	0	435	3	3	0.0069	0.1964	0	0.0247	0
0.0025	0.1154	0.5985	-2.2798	0.4276	-0.601	-0.0071	-0.7992	240	668	1032	3	1	0.018	0.1125	1	0.01	1
0.0025	0.0772	0.5453	-2.2937	0.3431	-0.6322	-0.7746	0.0178	667	669	1032	3	2	0.0094	0.1	0	0.01	1
0.0025	0.0629	0.4929	-2.3526	0.352	-0.6864	0.6074	-0.4	668	0	1032	3	3	0.0113	0.2	0	0.01	1
0.035	0.1507	0.1101	-1.2798	-0.5844	0.3192	-0.9476	0.0145	248	671	192	3	1	0.0165	0.5208	0	0.0424	0
0.035	0.0764	0.1449	-1.4294	-0.5788	0.4735	-0.8759	0.0931	670	672	192	3	2	0.0148	0.6167	0	0.0423	0
0.035	0.0755	0.1707	-1.5014	-0.575	0.3594	-0.8989	0.2505	671	673	192	3	3	0.0184	0.6667	0	0.0446	0
0.035	0.0966	0.1994	-1.5695	-0.5559	-0.1593	-0.9811	0.1101	672	674	192	3	4	0.0163	0.625	0	0.0448	0
0.035	0.082	0.1897	-1.6631	-0.554	0.3509	-0.9305	0.1051	673	675	192	3	5	0.0143	0.7333	0	0.0431	0
0.034	0.0908	0.2296	-1.7445	-0.5372	-0.1696	-0.9262	-0.3367	674	676	192	3	6	0.0055	0.5625	0	0.037	0
0.0256	0.0526	0.2368	-1.8398	-0.5817	-0.4827	-0.8722	-0.0795	675	677	192	3	7	0.0025	0.4167	0	0.0256	0
0.0211	0.0826	0.214	-1.9042	-0.5635	0.9464	-0.1887	-0.262	676	678	192	3	8	0.0024	0.4583	0	0.0211	0
0.0211	0.1319	0.2928	-1.9298	-0.6093	0.577	-0.7485	0.3268	677	679	192	3	9	0.0026	0.15	0	0.021	0
0.0211	0.0269	0.3465	-2.0341	-0.5469	0.6004	-0.6004	0.5282	678	0	192	3	10	0.0062	0.1333	0	0.01	0
0.0458	0.6971	0.0206	-0.754	-0.4192	-0.3112	0.9013	0.3013	245	681	1033	3	1	0.0532	0.2458	1	0.097	0
0.0451	0.6761	-0.2233	-0.1647	-0.2106	0.3053	-0.2444	0.9204	680	682	1033	3	2	0.0822	0.202	0	0.097	0
0.0447	0.2138	0.002	-0.3488	0.4863	-0.9688	-0.1253	0.2138	681	683	1033	3	3	0.0515	0.5765	0	0.1077	0
0.0448	0.1511	-0.1627	-0.4342	0.6268	-0.9345	-0.1923	0.2995	682	684	1033	3	4	0.0233	0.5641	0	0.0667	0
0.0432	0.0825	-0.2435	-0.5199	0.7329	-0.8083	-0.3695	0.4584	683	685	1033	3	5	0.0323	0.4018	0	0.0811	0
0.0453	0.1711	-0.2551	-0.5536	0.7916	-0.2611	-0.779	0.57	684	686	1033	3	6	0.0175	0.6133	0	0.0546	0
0.0456	0.1214	-0.296	-0.666	0.9091	0.093	-0.6954	0.7126	685	687	1033	3	7	0.0186	0.6667	0	0.0539	0
0.0515	0.1119	-0.3165	-0.7571	0.9736	-0.3449	-0.6374	0.689	686	688	1033	3	8	0.0075	0.8409	0	0.0515	0
0.0442	0.104	-0.3234	-0.8178	1.0742	-0.4688	-0.3781	0.7983	687	689	1033	3	9	0.0166	0.5595	0	0.0507	0
0.0409	0.1247	-0.3494	-0.8867	1.1553	-0.2739	-0.2715	0.9226	688	690	1033	3	10	0.0074	0.4222	0	0.0428	0
0.0374	0.0674	-0.3761	-0.9323	1.2683	-0.0128	-0.177	0.9841	689	691	1033	3	11	0.005	0.375	0	0.0375	0
0.0317	0.0929	-0.399	-0.9427	1.3034	-0.81	-0.1578	0.5648	690	692	1033	3	12	0.0047	0.5417	0	0.0317	0
0.0397	0.054	-0.4509	-0.9784	1.3657	-0.6266	-0.375	0.6832	691	693	1033	3	13	0.0039	0.3333	0	0.0435	0
0.0317	0.0759	-0.4932	-1.0009	1.3511	0.836	-0.5367	-0.1139	692	694	1033	3	14	0.0034	0.375	0	0.0277	0
0.0317	0.1836	-0.4078	-1.0353	1.3688	0.4119	-0.9022	-0.1282	693	695	1033	3	15	0.007	0.1111	0	0.0242	0
0.0337	0.3497	-0.4627	-1.2672	1.3835	0.4337	-0.3842	0.815	694	696	1033	3	16	0.0766	0.0455	0	0.1232	0
0.0317	0.0892	-0.3883	-1.3672	1.6579	-0.1511	-0.0333	0.988	695	697	1033	3	17	0.0075	0.0389	0	0.01	0
0.0317	0.1884	-0.4534	-1.3725	1.7466	0.0356	-0.5531	0.8323	696	0	1033	3	18	0.008	0.0818	0	0.01	0
0.0097	0.1641	0.102	-0.5303	0.0168	-0.3313	0.6714	0.6629	242	699	515	3	1	0.0209	0.149	1	0.0603	0
0.0097	0.4728	0.0338	-0.42	0.131	-0.2623	-0.7088	-0.6548	698	0	515	3	2	0.0475	0.2125	0	0.0603	0
0.0102	0.0894	0.2889	-1.5058	-0.8837	0.2711	0.0878	-0.9585	251	701	743	3	1	0.0093	0.0833	0	0.0287	0
0.016	0.1323	0.3283	-1.4991	-0.9693	-0.0735	-0.9823	-0.1725	700	0	743	3	2	0.0077	0.32	0	0.021	0
0.0234	0.0265	0.3427	-1.8892	-0.9776	0.1134	-0.4472	0.8872	255	703	942	3	1	0.0031	0.375	0	0.0234	0
0.0186	0.1009	0.3511	-1.9026	-0.9488	-0.5552	-0.7599	0.338	702	704	942	3	2	0.0021	0.3125	0	0.0169	0
0.0235	0.0498	0.3143	-2.0113	-0.9106	-0.855	-0.5172	-0.0381	703	705	942	3	3	0.0018	0.3333	0	0.0237	0
0.0234	0.1458	0.3038	-2.0492	-0.9085	-0.3539	-0.9352	0.007	704	706	942	3	4	0.0052	0.1714	0	0.0284	0
0.0118	0.0523	0.2754	-2.1872	-0.909	-0.0548	-0.9795	0.1937	705	707	942	3	5	0.01	0.05	0	0.01	0
0.01	0.0252	0.2572	-2.2004	-0.9197	-0.6878	-0.5419	-0.4829	706	708	942	3	6	0.01	0.05	0	0.01	0
0.0062	0.0579	0.2398	-2.2141	-0.9318	0.2345	-0.9062	-0.3518	707	0	942	3	7	0.01	0.05	0	0.01	0
0.0442	0.0721	0.289	-2.4155	-0.961	0.6901	0.0549	-0.7216	263	710	1012	3	1	0.0056	0.375	1	0.0239	0
0.0442	0.0873	0.3293	-2.4356	-1.0305	0.8653	0.0207	-0.5009	709	711	1012	3	2	0.0107	0.1286	0	0.0239	0
0.0442	0.0063	0.3695	-2.4484	-1.0523	-0.2826	-0.5225	-0.8044	710	712	1012	3	3	0.0027	0.4	0	0.0442	0
0.0442	0.0226	0.3414	-2.4502	-1.0366	-0.008	-0.9981	0.0616	711	713	1012	3	4	0.01	0.05	0	0.01	0
0.0442	0.0845	0.3719	-2.4596	-1.0568	0.1826	-0.9339	-0.3074	712	0	1012	3	5	0.0074	0.1286	0	0.01	0
0.0252	0.1647	-0.0173	-0.7149	0.1661	-0.0249	0.5322	-0.8462	273	0	675	3	1	0.0081	0.375	0	0.0252	0
0.0139	0.2467	0.0638	-0.6055	0.092	-0.5002	-0.8448	-0.19	270	716	676	3	1	0.0166	0.1	0	0.0334	0
0.0113	0.0694	-0.0602	-0.8205	0.0252	-0.9964	-0.066	0.053	715	717	676	3	2	0.01	0.05	0	0.01	0
0.01	0.0764	-0.1294	-0.8251	0.0289	0.0677	-0.9945	0.0803	716	0	676	3	3	0.01	0.05	0	0.01	0
0.037	0.1019	-0.1257	-1.1062	0.2773	-0.1883	-0.8919	-0.4112	276	719	677	3	1	0.0109	0.3571	1	0.0637	0
0.0369	0.2403	-0.136	-1.214	0.2222	-0.3617	-0.6846	0.6328	718	720	677	3	2	0.0212	0.4295	0	0.0637	0
0.0342	0.0833	-0.1879	-1.3838	0.3729	-0.1533	-0.9302	-0.3336	719	721	677	3	3	0.0056	0.5625	0	0.0342	0
0.0342	0.0963	-0.2244	-1.5123	0.3558	0.326	0.046	0.9443	720	722	677	3	4	0.0037	0.375	0	0.032	0
0.0342	0.0762	-0.1812	-1.5024	0.434	0.6252	0.3115	0.7156	721	723	677	3	5	0.0083	0.2182	0	0.0269	0
0.0342	0.0709	-0.1432	-1.5256	0.51	0.8348	0.0787	0.5449	722	724	677	3	6	0.0171	0.1625	0	0.0228	0
0.0342	0.1042	-0.1	-1.5406	0.5258	0.6505	-0.732	0.2027	723	0	677	3	7	0.0062	0.25	0	0.031	0
0.0426	0.3462	-0.0523	-0.6843	0.1092	-0.0928	-0.8982	-0.4296	271	726	1034	3	1	0.0089	0.5648	0	0.0565	0
0.0279	0.0776	-0.0737	-0.9965	-0.0359	-0.1364	-0.9888	0.0602	725	727	1034	3	2	0.0054	0.7576	0	0.0514	0
0.0279	0.0951	-0.0808	-1.0725	-0.0254	0.0539	-0.9946	0.0888	726	728	1034	3	3	0.005	0.8182	0	0.05	0
0.0426	0.094	-0.0666	-1.1654	-0.0266	-0.0599	-0.9737	-0.2199	727	729	1034	3	4	0.0059	0.675	0	0.0462	0
0.0426	0.1228	-0.0635	-1.275	-0.0618	-0.007	-0.6299	0.7767	728	730	1034	3	5	0.0057	0.5111	0	0.0426	0
0.0426	0.1287	-0.0672	-1.4435	-0.011	-0.0436	-0.4379	0.898	729	731	1034	3	6	0.0077	0.5227	0	0.0504	0
0.0426	0.1556	-0.0709	-1.5194	0.1042	0.1266	-0.0053	0.9919	730	732	1034	3	7	0.0059	0.5167	0	0.045	0
0.0426	0.1111	-0.0491	-1.5191	0.2279	0.2754	-0.9612	-0.0159	731	733	1034	3	8	0.0049	0.3889	0	0.0411	0
0.0426	0.0928	-0.0107	-1.6424	0.2458	-0.0772	-0.7809	-0.6198	732	734	1034	3	9	0.0028	0.3333	0	0.0327	0
0.0426	0.0597	0.0025	-1.7395	0.1925	-0.7746	-0.6038	0.1883	733	735	1034	3	10	0.0032	0.3333	0	0.04	0
0.0426	0.0286	-0.0253	-1.7453	0.2158	0.5814	-0.5803	0.5703	734	736	1034	3	11	0.01	0.05	0	0.01	0
0.0426	0.1116	-0.0087	-1.7618	0.2322	-0.422	-0.8911	-0.1667	735	737	1034	3	12	0.01	0.05	0	0.01	0
0.0426	0.062	-0.0558	-1.8613	0.2136	-0.5485	-0.813	-0.1953	736	0	1034	3	13	0.01	0.05	0	0.01	0
0.037	0.0699	-0.1355	-1.0027	0.2979	-0.7642	0.547	0.3416	275	739	811	3	1	0.0058	0.3077	1	0.0608	0
0.0364	0.0997	-0.2031	-0.9531	0.3449	0.8549	0.0038	0.5187	738	740	811	3	2	0.0123	0.3333	0	0.0608	0
0.0334	0.1573	-0.1136	-0.944	0.4185	0.8289	-0.5559	0.0625	739	741	811	3	3	0.0168	0.1023	0	0.0506	0
0.0306	0.1453	0.0718	-1.0046	0.4435	0.4804	-0.8405	-0.2505	740	742	811	3	4	0.0072	0.2	0	0.0398	0
0.0231	0.0821	0.1408	-1.1103	0.3833	0.1872	-0.8071	-0.56	741	743	811	3	5	0.0028	0.2917	0	0.0276	0
0.01	0.0571	0.1629	-1.1561	0.3447	0.8804	-0.1228	-0.4581	742	0	811	3	6	0.01	0.05	0	0.01	0
0.0219	0.1921	-0.1512	-1.1309	0.3275	-0.0047	0.3779	0.9258	277	745	817	3	1	0.0085	0.3438	0	0.024	0
0.0146	0.0664	-0.1714	-1.0425	0.5033	0.284	0.455	0.844	744	746	817	3	2	0.01	0.05	0	0.01	0
0.0135	0.0602	-0.1553	-1.0127	0.5635	0.0713	0.9859	0.1513	745	0	817	3	3	0.004	0.3333	0	0.0174	0
0.0098	0.1612	-0.6308	-1.9587	0.6739	0.5051	0.8607	-0.0636	289	748	822	3	1	0.0134	0.1778	0	0.0241	0
0.0092	0.0791	-0.5512	-1.8219	0.6526	0.2985	0.9296	-0.216	747	0	822	3	2	0.0106	0.275	0	0.027	0
0.0244	0.0963	-0.5172	-1.5631	0.379	0.2663	-0.1409	-0.9535	283	750	895	3	1	0.0063	0.3438	1	0.0262	0
0.0223	0.1115	-0.4915	-1.5766	0.2871	0.9094	0.0271	-0.4151	749	751	895	3	2	0.0063	0.3438	0	0.0262	0
0.0157	0.0905	-0.4066	-1.5669	0.2345	0.466	0.817	-0.3397	750	752	895	3	3	0.0015	0.3333	0	0.0172	0
0.01	0.0506	-0.3542	-1.497	0.2095	0.297	0.9445	0.1402	751	0	895	3	4	0.01	0.05	0	0.01	0
0.0223	0.0917	-0.4925	-1.4849	0.4231	0.0285	0.5479	0.8361	283	754	896	3	1	0.0081	0.4167	1	0.0223	0
0.0223	0.0791	-0.4899	-1.4347	0.4998	-0.3629	0.7062	0.6079	753	755	896	3	2	0.0081	0.4167	0	0.0223	0
0.0223	0.0503	-0.5144	-1.373	0.5323	-0.2163	0.9314	0.2927	754	756	896	3	3	0.0056	0.225	0	0.01	0
0.0223	0.0389	-0.525	-1.3274	0.5464	0.5326	-0.2796	0.7989	755	0	896	3	4	0.0059	0.225	0	0.01	0
0.0187	0.0428	-0.6197	-1.6948	0.54	-0.6529	0.4801	0.5858	286	758	900	3	1	0.0055	0.25	1	0.0187	0
0.0187	0.1134	-0.6476	-1.6743	0.5651	0.2256	0.8124	0.5377	757	759	900	3	2	0.0055	0.25	0	0.0187	0
0.0196	0.0773	-0.6488	-1.5645	0.6409	0.2796	-0.3329	0.9006	758	760	900	3	3	0.0025	0.3333	0	0.0196	0
0.0216	0.1434	-0.6191	-1.5812	0.7122	-0.098	-0.0942	0.9907	759	761	900	3	4	0.0038	0.3	0	0.0257	0
0.0107	0.0024	-0.6497	-1.6078	0.8501	-0.3086	0.089	0.947	760	762	900	3	5	0.01	0.05	0	0.01	0
0.0095	0.0952	-0.6504	-1.6076	0.8524	0.1953	0.7163	0.6699	761	763	900	3	6	0.01	0.05	0	0.01	0
0.0053	0.0158	-0.6096	-1.5313	0.9482	0.7813	0.1987	-0.5916	762	0	900	3	7	0.01	0.05	0	0.01	0
0.01	0.1446	-0.5968	-1.688	0.5464	-0.0874	0.7173	0.6912	286	765	901	3	1	0.01	0.05	1	0.01	0
0.01	0.073	-0.6094	-1.5843	0.6464	0.7436	0.5918	-0.3111	764	766	901	3	2	0.01	0.05	0	0.01	0
0.01	0.0834	-0.5552	-1.5411	0.6237	0.7796	0.5397	0.3178	765	767	901	3	3	0.01	0.05	0	0.01	0
0.01	0.0278	-0.4954	-1.49	0.6551	-0.0441	0.604	-0.7958	766	0	901	3	4	0.01	0.05	0	0.01	0
0.0112	0.1478	-0.6196	-1.6905	0.6048	-0.0351	-0.4608	0.8868	287	769	902	3	1	0.0022	0.3333	0	0.0236	0
0.01	0.0271	-0.621	-1.7604	0.7286	-0.5284	0.7231	-0.445	768	0	902	3	2	0.01	0.05	0	0.01	0
0.0105	0.0344	-0.6305	-2.0651	0.7611	-0.3502	0.9361	0.0325	290	771	903	3	1	0.0074	0.1	0	0.0256	0
0.01	0.0852	-0.6201	-2.0012	0.7065	-0.4813	0.8317	0.2767	770	772	903	3	2	0.0108	0.275	0	0.0211	0
0.01	0.0541	-0.6611	-1.9294	0.7207	-0.2623	0.9591	0.1066	771	0	903	3	3	0.01	0.05	0	0.01	0
0.0294	0.1131	0.3161	-1.4318	0.0425	0.0384	0.0546	-0.9978	307	774	703	3	1	0.0083	0.5417	0	0.0294	1
0.0294	0.0573	0.2691	-1.4232	-0.0475	-0.2762	-0.7991	-0.534	773	775	703	3	2	0	0.0333	0	0.01	1
0.0294	0.0829	0.2654	-1.4481	-0.101	-0.454	-0.5241	-0.7206	774	0	703	3	3	0.0018	0.08	0	0.01	1
0.0125	0.0234	0.416	-1.4712	0.0804	0.7417	0.601	0.2977	308	777	704	3	1	0.0096	0.375	1	0.0234	1
0.0125	0.0642	0.424	-1.4613	0.0868	-0.3259	0.6467	0.6896	776	778	704	3	2	0.0133	0.15	0	0.0234	1
0.01	0.0892	0.416	-1.4027	0.111	0.6024	0.3729	0.7057	777	0	704	3	3	0.01	0.05	0	0.01	1
0.0219	0.05	0.2566	-1.5605	0.2986	-0.2451	-0.0483	0.9683	324	780	709	3	1	0.0035	0.4167	1	0.0219	1
0.0219	0.0641	0.2444	-1.563	0.347	0.4448	-0.3294	0.8329	779	781	709	3	2	0.0035	0.4167	0	0.0219	1
0.0219	0.0666	0.2675	-1.5815	0.3982	-0.3807	-0.0181	0.9245	780	782	709	3	3	0.005	0.16	0	0.01	1
0.0219	0.0674	0.2204	-1.6033	0.4583	0.5174	-0.5921	0.6178	781	783	709	3	4	0.0034	0.125	0	0.01	1
0.0219	0.0582	0.2582	-1.6337	0.4874	0.9078	-0.4072	-0.1009	782	0	709	3	5	0.0039	0.08	0	0.01	1
0.007	0.0931	0.2866	-1.4575	0.3537	-0.5323	-0.8462	-0.023	325	785	1036	3	1	0.0053	0.4583	1	0.0188	1
0.007	0.0853	0.2361	-1.5357	0.3508	0.5457	0.8346	-0.0752	784	786	1036	3	2	0.0113	0.28	0	0.0188	1
0.007	0.057	0.2834	-1.464	0.3436	0.691	0.0588	0.7204	785	787	1036	3	3	0.01	0.05	0	0.01	1
0.007	0.0534	0.3228	-1.4606	0.3847	0.7581	0.648	0.0734	786	0	1036	3	4	0.01	0.05	0	0.01	1
0.0224	0.0886	0.1758	-1.4121	0.3187	-0.6279	-0.2525	0.7362	330	789	714	3	1	0.0059	0.4583	0	0.0224	1
0.0224	0.046	0.118	-1.4406	0.3845	0.3242	-0.0184	0.9458	788	0	714	3	2	0.0049	0.175	0	0.01	1
0.0101	0.176	0.209	-1.7496	0.2673	0.9819	0.0982	0.1618	348	791	1039	3	1	0.0258	0.24	0	0.0365	1
0.0101	0.0533	0.3958	-1.7527	0.2914	0.4943	0.4954	-0.7143	790	0	1039	3	2	0.0135	0.2	0	0.0328	1
0.0171	0.0228	0.4543	-2.008	0.3846	-0.2281	0.5237	0.8208	373	793	730	3	1	0.0018	0.3125	1	0.0171	1
0.0171	0.0928	0.4491	-1.9961	0.4034	0.3524	0.9025	0.2475	792	794	730	3	2	0.0018	0.3125	0	0.0171	1
0.0167	0.0912	0.4735	-1.9033	0.427	0.5146	0.4182	0.7485	793	795	730	3	3	0.0027	0.25	0	0.0172	1
0.0107	0.0089	0.5218	-1.864	0.4926	0.3471	0.7842	0.5143	794	796	730	3	4	0.01	0.05	0	0.01	1
0.01	0.0732	0.5248	-1.8571	0.4972	-0.205	-0.6014	0.7722	795	797	730	3	5	0.01	0.05	0	0.01	1
0.0065	0.0818	0.5098	-1.9011	0.5537	-0.8004	0.5987	-0.0305	796	0	730	3	6	0.01	0.05	0	0.01	1
0.0301	0.1371	0.4993	-2.0775	0.3831	0.7287	0.2331	0.644	374	799	731	3	1	0.0058	0.3	0	0.0301	1
0.0316	0.1075	0.5817	-2.0119	0.4807	0.1691	-0.1802	0.969	798	800	731	3	2	0.0032	0.2813	0	0.0334	1
0.018	0.101	0.58	-2.0453	0.5865	0.3908	-0.4646	0.7946	799	801	731	3	3	0.0098	0.2375	0	0.018	1
0.01	0.0476	0.614	-2.084	0.6758	0.3499	-0.5832	0.7331	800	802	731	3	4	0.01	0.05	0	0.01	1
0.0061	0.0559	0.6363	-2.124	0.6739	0.4665	-0.8151	0.3434	801	0	731	3	5	0.01	0.05	0	0.01	1
0.022	0.1775	0.4263	-2.4042	0.381	-0.8613	-0.5035	0.0682	379	804	1042	3	1	0.0024	0.3333	1	0.0229	1
0.02	0.0558	0.2734	-2.4936	0.3931	-0.4132	-0.5721	-0.7085	803	805	1042	3	2	0.0024	0.3333	0	0.0229	1
0.0135	0.0136	0.2488	-2.5227	0.3704	0.1802	0.9723	-0.1486	804	806	1042	3	3	0.01	0.05	0	0.01	1
0.01	0.038	0.2506	-2.4949	0.3571	0.1707	0.6061	0.7768	805	0	1042	3	4	0.01	0.05	0	0.01	1
0.0151	0.0551	-0.412	1.2151	-0.2789	0.8406	0.4853	0.2405	407	808	270	3	1	0.0086	0.2727	1	0.0489	1
0.0151	0.11	-0.382	1.2048	-0.2641	0.6102	-0.2368	0.756	807	809	270	3	2	0.0051	0.1333	0	0.0489	1
0.01	0.1139	-0.3226	1.1957	-0.1862	0.8844	0.2957	-0.3612	808	0	270	3	3	0.01	0.05	0	0.01	1
0.0178	0.0836	-0.555	1.2476	-0.3084	0.0131	-0.1833	-0.983	408	811	277	3	1	0.0099	0.3542	1	0.0359	1
0.0178	0.1719	-0.5587	1.2336	-0.3947	0.0933	-0.9104	-0.403	810	0	277	3	2	0.0175	0.3222	0	0.0359	1
0.0352	0.1047	-0.5717	1.2992	-0.2843	0.2435	0.6998	-0.6716	408	813	1045	3	1	0.0099	0.3056	1	0.0423	1
0.0352	0.2319	-0.5441	1.3715	-0.3565	-0.6088	-0.7393	-0.2879	812	814	1045	3	2	0.0175	0.2917	0	0.0423	1
0.0352	0.1362	-0.6886	1.2032	-0.4442	0.4348	-0.8784	-0.1983	813	815	1045	3	3	0.0134	0.25	0	0.0448	1
0.0254	0.0152	-0.6356	1.0805	-0.464	-0.5958	-0.4198	-0.6846	814	0	1045	3	4	0.0062	0.4167	0	0.0254	1
0.0354	0.1443	-0.1708	1.0511	-0.4155	0.0183	0.9513	0.3077	414	817	282	3	1	0.0119	0.4167	1	0.0354	1
0.0354	0.0819	-0.1682	1.1884	-0.3711	0.0087	0.9999	0.0076	816	818	282	3	2	0.0119	0.4167	0	0.0354	1
0.0354	0.04	-0.1724	1.2847	-0.3124	-0.9018	0.3947	-0.1759	817	0	282	3	3	0	0.0417	0	0.01	1
0.0259	0.0996	-0.3907	1.3625	-0.3574	0.6447	0.2522	0.7216	415	820	285	3	1	0.0041	0.25	1	0.0259	1
0.025	0.0831	-0.3265	1.3876	-0.2855	0.4521	0.8784	-0.1547	819	821	285	3	2	0.0041	0.25	0	0.0259	1
0.0153	0.0107	-0.2638	1.4682	-0.3066	-0.3604	0.8908	-0.2767	820	822	285	3	3	0.0173	0.2	0	0.01	1
0.0118	0.0364	-0.2749	1.4822	-0.2967	-0.8311	-0.4679	-0.3005	821	823	285	3	4	0.01	0.05	0	0.01	1
0.0079	0.0578	-0.3041	1.4664	-0.3018	-0.4309	0.8949	-0.116	822	0	285	3	5	0.01	0.05	0	0.01	1
0.0257	0.0557	-0.4764	1.4356	-0.3873	-0.2763	0.796	0.5386	416	825	287	3	1	0.004	0.2917	1	0.0265	1
0.0213	0.0372	-0.4924	1.4799	-0.3585	-0.7034	0.6017	0.3783	824	826	287	3	2	0.0091	0.225	0	0.0265	1
0.01	0.043	-0.518	1.5094	-0.3399	0.1288	0.5215	-0.8435	825	0	287	3	3	0.01	0.05	0	0.01	1
0.0277	0.111	-0.1786	1.2136	0.0015	0.1185	-0.9661	0.2296	432	828	291	3	1	0.0079	0.5	1	0.0277	1
0.0277	0.0692	-0.1654	1.1064	0.027	-0.2461	0.7982	0.5498	827	829	291	3	2	0.0079	0.5	0	0.0277	1
0.0277	0.0581	-0.1976	1.1604	0.049	-0.7259	0.0832	0.6828	828	830	291	3	3	0.0138	0.0833	0	0.01	1
0.0277	0.04	-0.2527	1.1507	0.092	-0.7349	0.6733	0.0813	829	0	291	3	4	0.0123	0.15	0	0.01	1
0.0425	0.2526	-0.2398	1.3063	-0.0298	-0.4533	0.1161	-0.8838	432	832	298	3	1	0.0076	0.1607	1	0.0661	1
0.0386	0.0905	-0.3934	1.3491	-0.2573	0.3232	0.7492	-0.5782	831	833	298	3	2	0.0077	0.0615	0	0.0661	1
0.035	0.1439	-0.366	1.4071	-0.2934	0.9664	0.158	0.2029	832	834	298	3	3	0.0045	0.2917	0	0.0367	1
0.0306	0.1034	-0.1964	1.4251	-0.2836	0.1192	0.9912	-0.0571	833	835	298	3	4	0.0047	0.2813	0	0.0336	1
0.0248	0.0586	-0.1585	1.4933	-0.2587	0.6747	0.7034	0.2235	834	836	298	3	5	0.0078	0.275	0	0.0309	1
0.0143	0.0391	-0.1119	1.5342	-0.2518	0.2889	0.9172	0.2744	835	837	298	3	6	0.01	0.05	0	0.01	1
0.01	0.0912	-0.1135	1.5741	-0.2498	0.2832	0.9588	0.0235	836	0	298	3	7	0.01	0.05	0	0.01	1
0.0274	0.267	-0.6215	1.4094	-0.0715	-0.7257	0.667	0.1687	435	839	302	3	1	0.0085	0.4167	0	0.0274	1
0.0274	0.0679	-0.8244	1.5847	0.0024	-0.7186	0.6762	-0.1622	838	0	302	3	2	0.0061	0.1333	0	0.01	1
0.0301	0.1264	-0.6867	1.4316	-0.1564	-0.7439	0.6683	0.005	436	841	306	3	1	0.0086	0.4167	1	0.0313	1
0.03	0.0683	-0.7807	1.516	-0.1558	-0.9617	-0.2497	-0.1132	840	842	306	3	2	0.0086	0.4167	0	0.0313	1
0.0253	0.0783	-0.8524	1.5135	-0.096	-0.4407	0.8688	-0.2257	841	843	306	3	3	0.0033	0.4167	0	0.0253	1
0.0206	0.0812	-0.8883	1.5784	-0.1051	-0.7098	0.6919	0.1322	842	844	306	3	4	0.0029	0.5	0	0.0206	1
0.0257	0.0857	-0.9474	1.6349	-0.1001	-0.8614	0.4442	0.2464	843	845	306	3	5	0.0023	0.4583	0	0.0257	1
0.0231	0.0688	-1.0231	1.671	-0.0465	-0.6419	0.7667	0.0096	844	846	306	3	6	0.004	0.4167	0	0.0231	1
0.0206	0.1628	-1.0571	1.7203	-0.024	-0.5166	0.7741	0.3658	845	847	306	3	7	0.0055	0.1556	0	0.0153	1
0.0206	0.0366	-1.1536	1.845	0.0114	-0.5489	0.8003	0.2411	846	848	306	3	8	0.0065	0.225	0	0.01	1
0.0206	0.1039	-1.1598	1.876	0.0409	-0.265	0.9587	0.103	847	0	306	3	9	0.0047	0.1333	0	0.01	1
0.0351	0.1213	-0.8343	1.1337	-0.4455	0.9005	-0.3835	0.2051	440	850	1047	3	1	0.0117	0.2917	0	0.036	1
0.0294	0.1151	-0.7238	1.0262	-0.3922	0.9352	-0.1324	-0.3284	849	851	1047	3	2	0.0028	0.3438	0	0.0294	1
0.0314	0.115	-0.6237	1.0206	-0.403	0.1261	0.9444	-0.3037	850	852	1047	3	3	0.0035	0.3125	0	0.034	1
0.0248	0.1032	-0.5933	1.1228	-0.3936	-0.3325	0.9086	0.2528	851	853	1047	3	4	0.0029	0.2813	0	0.0259	1
0.012	0.0113	-0.6266	1.2044	-0.3598	-0.0277	0.5367	0.8433	852	854	1047	3	5	0.01	0.05	0	0.01	1
0.0071	0.0744	-0.627	1.2105	-0.3502	-0.1741	-0.0514	0.9834	853	0	1047	3	6	0.01	0.05	0	0.01	1
0.0204	0.0843	0.9012	1.1424	-0.3509	-0.4754	0.0931	-0.8748	462	856	314	3	1	0.0051	0.3438	1	0.0204	1
0.0204	0.1106	0.8611	1.1503	-0.4247	0.9624	-0.1652	-0.2158	855	857	314	3	2	0.0051	0.3438	0	0.0204	1
0.0223	0.3369	0.9863	1.1239	-0.4457	0.3035	0.391	-0.8689	856	858	314	3	3	0.0085	0.0588	0	0.0286	1
0.0208	0.0657	1.1079	1.2562	-0.7321	0.307	-0.2934	-0.9053	857	859	314	3	4	0.0128	0.1167	0	0.0258	1
0.0143	0.0127	1.1373	1.2437	-0.7691	0.9227	0.0207	-0.3849	858	0	314	3	5	0.0043	0.3333	0	0.0186	1
0.0269	0.0802	1.1684	1.2723	-0.3895	-0.3183	-0.947	0.0423	466	0	316	3	1	0.0073	0.4375	0	0.0269	1
0.0036	0.4514	0.2207	1.5743	0.0838	-0.5979	-0.3027	-0.7422	479	862	319	3	1	0.0055	0.1719	1	0.0305	1
0.0036	0.2285	-0.0408	1.4339	-0.2569	0.5759	0.7267	0.3746	861	863	319	3	2	0.0231	0.0833	0	0.0305	1
0.0036	0.0761	0.0687	1.6129	-0.1849	0.3594	0.8941	0.2674	862	864	319	3	3	0.0207	0.0875	0	0.0266	1
0.0036	0.0245	0.0904	1.6584	-0.1662	-0.624	0.2126	-0.752	863	0	319	3	4	0.01	0.05	0	0.01	1
0.0279	0.1378	0.1624	1.344	-0.0627	0.975	-0.1869	-0.1202	479	866	1049	3	1	0.0117	0.1818	1	0.0326	1
0.0279	0.3231	0.2968	1.3182	-0.0793	0.8366	0.123	-0.5338	865	867	1049	3	2	0.0117	0.1818	0	0.0326	1
0.0279	0.0708	0.5628	1.3701	-0.2353	0.8203	0.5393	-0.1906	866	868	1049	3	3	0.0029	0.4167	0	0.0279	1
0.0279	0.1193	0.6298	1.3866	-0.2833	0.5267	0.7742	-0.3509	867	869	1049	3	4	0.0073	0.07	0	0.0177	1
0.0279	0.0109	0.6792	1.4725	-0.3361	0.0521	0.8281	-0.5582	868	0	1049	3	5	0.0051	0.2	0	0.01	1
0.0263	0.1835	0.866	1.4216	-0.3448	-0.7261	-0.6671	-0.1665	486	871	322	3	1	0.0061	0.375	1	0.025	1
0.025	0.114	0.7327	1.2992	-0.3753	-0.7674	-0.6349	0.0898	870	872	322	3	2	0.0061	0.375	0	0.025	1
0.0329	0.0869	0.6492	1.2314	-0.3501	-0.9372	-0.1772	0.3005	871	873	322	3	3	0.0072	0.2273	0	0.0462	1
0.0131	0.0482	0.5631	1.2316	-0.3392	-0.3268	-0.7094	-0.6244	872	874	322	3	4	0.01	0.05	0	0.01	1
0.0096	0.073	0.5473	1.1974	-0.3693	-0.5521	-0.8323	0.0494	873	0	322	3	5	0.01	0.05	0	0.01	1
0.0177	0.1922	0.746	1.3434	-0.2775	-0.1987	0.8993	-0.3897	483	876	324	3	1	0.0157	0.09	1	0.01	1
0.0138	0.0824	0.7098	1.5146	-0.3477	0.8967	0.3741	-0.2368	875	877	324	3	2	0.01	0.05	0	0.01	1
0.0132	0.0994	0.7851	1.5462	-0.3654	-0.2515	0.9412	-0.2256	876	0	324	3	3	0.0106	0.1125	0	0.0229	1
0.0223	0.3798	-0.6157	0.9917	0.3934	-0.797	0.5728	0.1915	502	879	341	3	1	0.0032	0.3125	0	0.0223	1
0.021	0.1418	-0.926	1.1978	0.4682	-0.7561	0.5598	0.339	878	880	341	3	2	0.0025	0.225	0	0.0184	1
0.028	0.1081	-1.0162	1.289	0.5175	-0.4405	0.5653	0.6974	879	881	341	3	3	0.0025	0.25	0	0.0292	1
0.0199	0.0668	-1.0797	1.3215	0.5939	-0.3068	0.2055	0.9293	880	882	341	3	4	0.01	0.05	0	0.01	1
0.0257	0.0396	-1.106	1.3739	0.6243	-0.4799	0.5116	0.7128	881	883	341	3	5	0.0024	0.3438	0	0.0258	1
0.0281	0.1213	-1.1131	1.4047	0.6489	-0.3382	0.6194	0.7085	882	884	341	3	6	0.0019	0.2	0	0.0371	1
0.0205	0.4228	-1.1571	1.4518	0.7561	-0.3309	0.5927	0.7343	883	885	341	3	7	0.0117	0.0794	0	0.0251	1
0.0105	0.1004	-1.2521	1.6691	1.0674	0.139	0.2113	0.9675	884	886	341	3	8	0.01	0.05	0	0.01	1
0.0145	0.1272	-1.3199	1.6852	1.053	-0.1819	0.9793	0.0888	885	887	341	3	9	0.0039	0.0833	0	0.0631	1
0.0081	0.0772	-1.3523	1.8123	1.118	0.4722	0.8805	0.0406	886	888	341	3	10	0.01	0.05	0	0.01	1
0.0062	0.0415	-1.3158	1.8802	1.1212	0.6704	0.3409	0.659	887	0	341	3	11	0.01	0.05	0	0.01	1
0.01	0.368	-0.631	1.2016	0.3255	-0.4774	-0.8784	-0.0213	503	890	342	3	1	0.01	0.05	0	0.01	1
0.01	0.0554	-0.8067	0.8784	0.3177	-0.5835	0.2758	-0.7638	889	0	342	3	2	0.01	0.05	0	0.01	1
0.0049	0.4679	-0.6312	1.1586	0.3322	-0.5559	-0.8242	-0.1081	503	892	344	3	1	0.003	0.0816	0	0.0664	1
0.011	0.0633	-0.907	0.7206	0.3087	-0.6396	0.496	0.5873	891	0	344	3	2	0.0034	0.2813	0	0.02	1
0.0313	0.1477	-0.5051	0.6726	0.379	-0.6977	-0.3492	-0.6255	505	894	347	3	1	0.0084	0.2813	1	0.0313	1
0.0302	0.1099	-0.6081	0.621	0.2866	-0.8028	-0.1207	0.5839	893	895	347	3	2	0.0084	0.2813	0	0.0313	1
0.0181	0.0667	-0.6697	0.5849	0.3483	-0.0489	-0.1629	0.9854	894	896	347	3	3	0.0054	0.15	0	0.01	1
0.0113	0.1281	-0.6772	0.5885	0.3418	-0.9007	0.4128	0.1351	895	897	347	3	4	0.01	0.05	0	0.01	1
0.0052	0.0352	-0.7927	0.6414	0.3592	-0.3987	0.4177	-0.8164	896	0	347	3	5	0.01	0.05	0	0.01	1
0.0201	0.1521	-0.2502	0.3806	0.352	0.965	-0.1983	-0.1716	508	899	357	3	1	0.006	0.2708	1	0.0201	1
0.0201	0.1588	-0.1033	0.3504	0.3259	0.4087	-0.1561	0.8992	898	0	357	3	2	0.006	0.2708	0	0.0201	1
0.0227	0.123	-0.2659	0.3086	0.4028	0.5406	0.1868	0.8203	509	901	358	3	1	0.0076	0.25	1	0.0227	1
0.0227	0.1374	-0.1994	0.3316	0.5037	0.6832	-0.1096	-0.722	900	0	358	3	2	0.0076	0.25	0	0.0227	1
0.0293	0.188	-0.2447	0.4031	0.3836	0.9204	-0.1651	0.3545	508	903	359	3	1	0.0076	0.375	1	0.0305	1
0.0265	0.1116	-0.0717	0.3721	0.4502	0.3391	-0.0212	0.9405	902	904	359	3	2	0.0076	0.375	0	0.0305	1
0.0202	0.074	-0.0267	0.3858	0.5525	-0.2167	0.2542	0.9426	903	905	359	3	3	0.0085	0.3333	0	0.0249	1
0.01	0.0549	-0.0451	0.4085	0.6057	-0.5758	0.7725	0.2678	904	0	359	3	4	0.01	0.05	0	0.01	1
0.0227	0.3313	-0.4402	0.2593	0.5758	-0.339	-0.2042	-0.9184	511	0	364	3	1	0.0069	0.2321	0	0.0227	1
0.0133	0.2537	-0.36	0.289	0.5948	0.9019	0.4319	0.0024	511	908	366	3	1	0.0064	0.25	1	0.0372	1
0.0133	0.1482	-0.1319	0.3963	0.6015	0.9687	-0.2467	0.0267	907	909	366	3	2	0.0245	0.125	0	0.0372	1
0.02	0.1112	0.0129	0.3688	0.6122	0.2825	0.5432	-0.7906	908	0	366	3	3	0.013	0.15	0	0.0305	1
0.0268	0.1852	-0.3646	0.2694	0.6792	0.4635	0.5678	0.6803	511	911	369	3	1	0.01	0.1889	0	0.0298	1
0.01	0.0623	-0.2855	0.3495	0.7655	-0.915	-0.2532	0.314	910	0	369	3	2	0.01	0.05	0	0.01	1
0.0345	0.0651	-0.7318	0.2957	1.0667	0.1128	-0.9752	-0.1904	518	913	376	3	1	0.0071	0.5625	1	0.0345	1
0.0345	0.1124	-0.7244	0.2323	1.0543	0.0834	-0.118	0.9895	912	914	376	3	2	0.0071	0.5625	0	0.0345	1
0.0334	0.0978	-0.7452	0.2142	1.1504	-0.4168	-0.1781	0.8914	913	915	376	3	3	0.0056	0.5625	0	0.0334	1
0.0378	0.1057	-0.8177	0.1592	1.2201	-0.3502	-0.1366	0.9266	914	916	376	3	4	0.0068	0.3333	0	0.0406	1
0.0334	0.2601	-0.8482	0.1597	1.362	-0.8179	-0.497	0.2897	915	917	376	3	5	0.0089	0.197	0	0.0186	1
0.0334	0.0454	-1.0646	0.0372	1.4432	-0.9116	-0.3983	-0.1016	916	918	376	3	6	0.0104	0.3167	0	0.0288	1
0.0334	0.1489	-1.1234	0.0118	1.4546	-0.6156	-0.2011	-0.7619	917	919	376	3	7	0.0103	0.2273	0	0.0267	1
0.036	0.135	-1.1959	-0.0672	1.3253	-0.7739	-0.1005	-0.6253	918	920	376	3	8	0.022	0.0833	0	0.0658	1
0.0334	0.1287	-1.301	-0.0921	1.2568	-0.7746	-0.4998	-0.3875	919	921	376	3	9	0.0077	0.0404	0	0.01	1
0.0334	0.0696	-1.3718	-0.1436	1.2045	0.0165	-0.223	-0.9747	920	0	376	3	10	0.0052	0.1136	0	0.01	1
0.0364	0.1808	-0.9827	0.3503	1.1565	0.2911	0.4918	0.8206	520	923	387	3	1	0.0106	0.0833	1	0.064	1
0.0364	0.1877	-0.9816	0.4222	1.3376	0.2668	0.6167	0.7406	922	924	387	3	2	0.0065	0.0606	0	0.064	1
0.0151	0.1768	-0.9148	0.5529	1.4789	-0.3343	0.2282	0.9144	923	925	387	3	3	0.0141	0.0667	0	0.01	1
0.01	0.0979	-0.9693	0.5989	1.6504	-0.7626	0.6467	-0.0155	924	0	387	3	4	0.01	0.05	0	0.01	1
0.0202	0.1457	-1.1037	0.2929	1.2043	0.0517	0.8194	0.5709	521	927	388	3	1	0.0055	0.2321	0	0.0215	1
0.01	0.0167	-1.1065	0.4025	1.291	-0.2076	0.5152	0.8315	926	0	388	3	2	0.01	0.05	0	0.01	1
0.0286	0.1707	-1.3795	0.2624	1.3272	0.6731	0.6246	0.3961	525	929	391	3	1	0.0074	0.3	0	0.0322	1
0.0231	0.0688	-1.2665	0.3834	1.3731	0.7468	0.5825	0.3207	928	930	391	3	2	0.0028	0.4167	0	0.0221	1
0.0221	0.019	-1.2099	0.4199	1.379	0.9522	0.1065	0.2863	929	931	391	3	3	0.01	0.05	0	0.01	1
0.0221	0.0681	-1.1883	0.4127	1.3935	0.7047	0.6135	0.3565	930	0	391	3	4	0.0103	0.1	0	0.01	1
0.0194	0.121	-1.41	0.2502	1.2277	0.5642	-0.3839	-0.7309	526	933	392	3	1	0.0068	0.2813	1	0.0194	1
0.0194	0.1048	-1.3418	0.2037	1.1392	0.9805	0.1665	-0.1041	932	0	392	3	2	0.0068	0.2813	0	0.0194	1
0.0265	0.3045	0.2161	1.6969	0.1582	0.3367	0.7744	0.5357	560	935	400	3	1	0.0046	0.225	0	0.0372	1
0.0235	0.082	0.3258	1.946	0.2941	0.5959	0.6474	0.4752	934	936	400	3	2	0.0046	0.25	0	0.033	1
0.0141	0.0811	0.3901	1.9935	0.3161	0.7464	0.3599	0.5598	935	937	400	3	3	0.01	0.05	0	0.01	1
0.0173	0.0674	0.4373	2.0534	0.3435	-0.3667	0.3455	0.8638	936	938	400	3	4	0.003	0.1563	0	0.0747	1
0.0092	0.0383	0.4859	2.0799	0.4092	0.0105	0.8755	-0.4831	937	939	400	3	5	0.01	0.05	0	0.01	1
0.005	0.0482	0.4863	2.1134	0.3907	-0.3446	0.3872	-0.8552	938	0	400	3	6	0.01	0.05	0	0.01	1
0.0243	0.134	0.082	2.0819	0.0558	0.8428	-0.4304	-0.3231	563	941	401	3	1	0.0067	0.3125	0	0.0243	1
0.0224	0.1706	0.1881	2.0139	0.0536	-0.1037	0.9687	0.2255	940	942	401	3	2	0.0016	0.2917	0	0.0224	1
0.0205	0.137	0.1835	2.175	0.0999	0.0225	0.8972	0.4411	941	943	401	3	3	0.0026	0.2188	0	0.0241	1
0.01	0.0765	0.181	2.3005	0.1559	0.2185	0.9366	0.2738	942	944	401	3	4	0.01	0.05	0	0.01	1
0.0072	0.0196	0.1791	2.3728	0.1727	-0.0168	0.9736	0.2276	943	0	401	3	5	0.01	0.05	0	0.01	1
0.0112	0.1647	0.0545	2.089	0.0718	-0.5353	-0.3606	0.7638	563	946	403	3	1	0.0136	0.1625	1	0.028	1
0.0112	0.101	-0.0447	2.0627	0.1717	-0.9215	-0.0021	0.3883	945	947	403	3	2	0.019	0.12	0	0.028	1
0.0139	0.0054	-0.1031	2.0435	0.2033	-0.5066	-0.8379	-0.203	946	0	403	3	3	0.0085	0.2188	0	0.0198	1
0.0146	0.1882	-0.0201	2.2409	0.0036	-0.0663	0.8499	0.5227	566	0	407	3	1	0.007	0.3438	0	0.0297	1
0.0262	0.2472	0.4577	1.5443	-0.0084	0.4839	0.8569	0.1778	575	950	109	3	1	0.0062	0.3438	1	0.0268	1
0.0222	0.0908	0.5773	1.7561	0.0356	0.0783	-0.9757	-0.2047	949	951	109	3	2	0.0062	0.3438	0	0.0268	1
0.01	0.1998	0.5735	1.6819	0.0159	0.6773	0.556	0.4818	950	0	109	3	3	0.01	0.05	0	0.01	1
0.0061	0.1154	0.4396	1.4514	-0.0579	0.3057	-0.5582	-0.7713	576	953	118	3	1	0.0083	0.15	1	0.0283	1
0.0061	0.2733	0.4769	1.389	-0.1464	0.2299	-0.4714	0.8514	952	0	118	3	2	0.022	0.1143	0	0.0283	1
0.0171	0.1308	-0.3219	0.0855	-0.1156	-0.0575	-0.6865	0.7248	0	0	1052	0	1	0.019	0.2286	0	0.0369	0
0.0433	0.1512	0.1421	0.0969	0.6481	-0.5941	-0.5639	0.5737	597	956	632	4	1	0.0059	0.3667	0	0.0459	0
0.0279	0.0652	0.0533	0.0265	0.753	0.6304	-0.6168	0.4713	955	957	632	4	2	0.0032	0.2917	0	0.0249	0
0.0255	0.091	0.1015	-0.012	0.7815	0.3566	-0.5619	0.7464	956	958	632	4	3	0.0043	0.25	0	0.0234	0
0.0433	0.1731	0.1421	-0.0349	0.8655	0.4196	-0.5378	0.7312	957	0	632	4	4	0.0075	0.125	0	0.0444	0
0.0297	0.1574	0.3917	0.2277	1.3389	0.924	0.1966	0.3281	604	960	1054	4	1	0.0104	0.2875	0	0.0348	0
0.0183	0.1103	0.5584	0.2459	1.3944	-0.2359	-0.1077	0.9658	959	961	1054	4	2	0.0023	0.2917	0	0.0166	0
0.0144	0.0417	0.5258	0.2249	1.503	-0.1679	0.3359	0.9268	960	962	1054	4	3	0.01	0.05	0	0.01	0
0.01	0.0324	0.5188	0.2389	1.5416	-0.0188	0.8261	0.5632	961	0	1054	4	4	0.01	0.05	0	0.01	0
0.0223	0.1773	-0.3603	-0.3148	0.7821	-0.4831	-0.681	0.5503	619	964	428	4	1	0.0081	0.2	0	0.0234	0
0.0183	0.1168	-0.4389	-0.4385	0.8662	-0.8791	0.0445	-0.4746	963	965	428	4	2	0.0022	0.2917	0	0.0189	0
0.0137	0.039	-0.5389	-0.4349	0.8085	-0.6491	-0.0369	-0.7598	964	966	428	4	3	0.01	0.05	0	0.01	0
0.0172	0.0527	-0.5732	-0.4329	0.7604	-0.7747	-0.5718	0.2699	965	0	428	4	4	0.0069	0.22	0	0.0251	0
0.0306	0.0868	-0.4688	-0.2681	0.7672	-0.6861	0.616	0.3871	620	968	1055	4	1	0.0069	0.3281	0	0.0348	0
0.0306	0.0389	-0.5283	-0.213	0.8044	-0.9901	0.1339	-0.0423	967	0	1055	4	2	0.0102	0.45	0	0.0306	0
0.0073	0.0537	-0.9438	-0.2634	0.9111	0.2991	-0.476	-0.827	643	970	1059	4	1	0.007	0.275	1	0.0209	0
0.0073	0.1474	-0.9189	-0.2846	0.865	0.2025	-0.0199	0.9791	969	971	1059	4	2	0.0122	0.125	0	0.0209	0
0.0075	0.0788	-0.9	-0.3066	1.0054	-0.1573	-0.1116	0.9812	970	0	1059	4	3	0.01	0.05	0	0.01	0
0.0286	0.6854	-0.1649	-0.1556	-0.1465	0.6699	0.1047	0.735	681	973	195	4	1	0.0087	0.5208	1	0.0286	0
0.0286	0.1612	0.2942	-0.0839	0.3572	-0.7089	-0.2711	0.6511	972	0	195	4	2	0.0087	0.5208	0	0.0286	0
0.0223	0.7864	-0.0205	-0.2988	0.2585	0.9096	-0.1024	-0.4027	681	975	200	4	1	0.0075	0.4167	1	0.0223	0
0.0223	0.0836	0.6948	-0.3793	-0.0582	0.6819	-0.5669	-0.4622	974	976	200	4	2	0.0075	0.4167	0	0.0223	0
0.0321	0.0635	0.7499	-0.4486	-0.1356	0.4489	-0.7865	0.4242	975	977	200	4	3	0.0064	0.2273	0	0.0373	0
0.0252	0.1836	0.7833	-0.4962	-0.1092	0.2761	-0.3642	0.8894	976	978	200	4	4	0.004	0.4464	0	0.0253	0
0.0215	0.0533	0.8336	-0.5602	0.0549	0.2692	-0.227	0.936	977	979	200	4	5	0.0027	0.3333	0	0.0215	0
0.021	0.0663	0.8443	-0.574	0.1063	0.395	-0.0709	0.916	978	980	200	4	6	0.0026	0.2083	0	0.021	0
0.02	0.075	0.8666	-0.578	0.168	0.2733	0.2487	0.9292	979	981	200	4	7	0.0024	0.4583	0	0.02	0
0.02	0.0084	0.8713	-0.5586	0.2362	-0.0594	0.4198	0.9057	980	982	200	4	8	0.01	0.05	0	0.01	0
0.02	0.046	0.8867	-0.5543	0.2438	0.0324	-0.6234	0.7812	981	0	200	4	9	0.004	0.175	0	0.01	0
0.0374	0.916	-0.1389	-0.1717	-0.2041	0.9106	-0.2752	0.3082	680	984	205	4	1	0.0124	0.5417	1	0.0374	0
0.0374	0.1616	0.6952	-0.4238	0.0782	0.6373	-0.5134	0.5747	983	985	205	4	2	0.0124	0.5417	0	0.0374	0
0.0307	0.0562	0.7902	-0.4892	0.1739	0.3014	-0.0122	0.9534	984	986	205	4	3	0.0029	0.5417	0	0.0307	0
0.0294	0.0695	0.7972	-0.5072	0.2279	0.3249	-0.1656	0.9312	985	987	205	4	4	0.0032	0.4167	0	0.027	0
0.0292	0.0788	0.8248	-0.5043	0.297	0.4178	-0.3982	0.8166	986	988	205	4	5	0.0034	0.375	0	0.0272	0
0.0406	0.2013	0.8998	-0.5151	0.3795	-0.465	0.1866	0.8654	987	989	205	4	6	0.006	0.5873	0	0.0411	0
0.0425	0.1232	0.8633	-0.5386	0.5794	-0.1589	0.2523	0.9545	988	990	205	4	7	0.0061	0.7222	0	0.0425	0
0.0401	0.1427	0.8928	-0.5589	0.6684	0.2617	-0.2677	0.9273	989	991	205	4	8	0.0156	0.5385	0	0.054	0
0.0392	0.0823	0.9308	-0.5322	0.8447	0.679	-0.4168	0.6043	990	992	205	4	9	0.0047	0.8148	0	0.0392	0
0.0391	0.1141	0.965	-0.5238	0.923	0.8658	0.1135	0.4874	991	993	205	4	10	0.0165	0.3974	0	0.0446	0
0.0393	0.1263	1.0553	-0.557	0.9899	0.6526	0.0634	0.755	992	994	205	4	11	0.0041	0.4167	0	0.0425	0
0.0263	0.1229	1.1408	-0.5115	1.0804	0.7581	0.0223	0.6517	993	995	205	4	12	0.0041	0.4375	0	0.0263	0
0.0254	0.086	1.2431	-0.5268	1.1428	0.7661	-0.212	0.6067	994	996	205	4	13	0.0036	0.4583	0	0.0254	0
0.0254	0.0601	1.305	-0.5325	1.2055	0.7342	-0.2833	0.617	995	997	205	4	14	0.0029	0.25	0	0.0216	0
0.0254	0.05	1.356	-0.5442	1.2372	0.615	0.0023	0.7885	996	998	205	4	15	0.0097	0.2917	0	0.0237	0
0.0254	0.0695	1.4026	-0.5339	1.2707	0.3148	0.0656	0.9469	997	999	205	4	16	0.0068	0.225	0	0.0203	0
0.0301	0.2443	1.4166	-0.514	1.3507	0.7062	-0.2508	0.6621	998	1000	205	4	17	0.0076	0.0917	0	0.0821	0
0.0254	0.003	1.5792	-0.5924	1.5121	0.6491	-0.3606	-0.6697	999	0	205	4	18	0.0081	0.125	0	0.01	0
0.0278	0.2104	0.0275	-0.3005	0.4795	0.4626	0.8778	-0.1247	682	1002	207	4	1	0.0112	0.375	1	0.0278	0
0.0278	0.0637	0.1248	-0.1158	0.4532	0.7608	-0.1213	0.6375	1001	0	207	4	2	0.0112	0.375	0	0.0278	0
0.0403	0.3399	0.1509	-0.3087	0.4934	0.9646	0.2596	0.046	682	1004	210	4	1	0.0371	0.4869	1	0.0488	0
0.0402	0.3541	0.4767	-0.2167	0.514	0.0905	-0.7703	0.6312	1003	1005	210	4	2	0.0402	0.4316	0	0.0488	0
0.03	0.0589	0.5125	-0.4922	0.7331	0.5315	-0.4307	0.7294	1004	1006	210	4	3	0.0039	0.5417	0	0.03	0
0.0315	0.0885	0.5377	-0.5142	0.7833	0.366	-0.6823	0.6329	1005	1007	210	4	4	0.0044	0.5313	0	0.0315	1
0.0259	0.086	0.546	-0.5819	0.8423	0.2785	-0.6205	0.733	1006	1008	210	4	5	0.0041	0.5417	0	0.0259	1
0.0339	0.1058	0.5391	-0.6638	0.9156	0.1618	0.1769	0.9708	1007	1009	210	4	6	0.0048	0.3333	0	0.0342	1
0.0274	0.1497	0.5408	-0.6636	1.0161	-0.7559	0.5989	0.2645	1008	1010	210	4	7	0.0033	0.35	0	0.0274	1
0.0259	0.0213	0.4438	-0.5516	1.0571	-0.5521	0.3543	0.7547	1009	1011	210	4	8	0.0086	0.3571	0	0.0231	1
0.0259	0.2318	0.4096	-0.5454	1.065	-0.3397	-0.0203	0.9403	1010	1012	210	4	9	0.0036	0.1563	0	0.0246	1
0.0259	0.0917	0.3299	-0.5477	1.2852	0.1676	-0.6188	0.7675	1011	1013	210	4	10	0.0086	0.26	0	0.0198	1
0.0259	0.1659	0.3359	-0.6193	1.3495	0.2054	-0.4734	0.8565	1012	1014	210	4	11	0.0035	0.25	0	0.0223	1
0.0259	0.0836	0.3716	-0.6955	1.4926	0.2249	-0.4927	0.8406	1013	1015	210	4	12	0.0026	0.3333	0	0.0233	1
0.0259	0.028	0.3796	-0.7449	1.5594	0.2664	-0.6507	0.711	1014	1016	210	4	13	0.0081	0.2917	0	0.0233	1
0.0259	0.2153	0.3852	-0.7647	1.5784	0.0811	-0.579	0.8113	1015	1017	210	4	14	0.0027	0.125	0	0.0231	1
0.0259	0.2086	0.4261	-0.8732	1.7684	-0.0012	-0.6867	0.727	1016	0	210	4	15	0.0053	0.0667	0	0.01	1
0.0308	0.4518	-0.0267	-0.3495	0.4469	-0.6925	-0.654	-0.3045	682	1019	213	4	1	0.004	0.5	0	0.0308	0
0.0308	0.1313	-0.3552	-0.6644	0.3274	-0.4573	-0.3776	-0.8052	1018	1020	213	4	2	0.009	0.2143	0	0.0192	0
0.0308	0.0045	-0.3921	-0.7284	0.2286	-0.3779	-0.816	-0.4373	1019	1021	213	4	3	0.01	0.05	0	0.01	0
0.0308	0.0484	-0.3771	-0.7343	0.227	0.1325	0.9547	-0.2663	1020	0	213	4	4	0.0076	0.125	0	0.0182	1
0.0322	0.225	0.0852	-0.3742	0.4962	0.9502	-0.2903	0.1129	682	1023	215	4	1	0.0114	0.5313	1	0.0322	0
0.0322	0.1148	0.299	-0.4396	0.5216	0.2313	-0.2491	0.9405	1022	1024	215	4	2	0.0114	0.5313	0	0.0322	0
0.0322	0.0601	0.3251	-0.4494	0.6302	0.9928	0.0245	0.1176	1023	1025	215	4	3	0.0117	0.36	0	0.0297	0
0.0322	0.0761	0.3757	-0.4543	0.6462	0.7427	-0.128	0.6572	1024	0	215	4	4	0.0093	0.2955	0	0.0249	0
0.0197	0.1115	0.0627	-0.3392	0.5186	0.8744	0.1391	0.4648	682	1027	216	4	1	0.0097	0.325	1	0.0475	0
0.0197	0.1159	0.1723	-0.3064	0.5836	-0.0131	-0.601	0.7991	1026	0	216	4	2	0.0164	0.3	0	0.0475	0
0.0262	0.2136	0.0186	-0.3878	0.5025	0.5581	-0.7786	0.287	682	1029	225	4	1	0.0049	0.4167	1	0.0262	0
0.0262	0.0735	0.1378	-0.5541	0.5638	0.6233	-0.5233	0.5811	1028	1030	225	4	2	0.0049	0.4167	0	0.0262	0
0.0271	0.0859	0.2014	-0.5889	0.6002	0.2831	-0.9227	0.2617	1029	1031	225	4	3	0.0029	0.3333	0	0.0271	0
0.0262	0.0549	0.2019	-0.6504	0.6563	-0.3095	-0.913	0.2658	1030	1032	225	4	4	0.0033	0.1167	0	0.01	0
0.0262	0.036	0.1777	-0.7274	0.6714	-0.9638	0.2599	0.0603	1031	0	225	4	5	0.0063	0.2	0	0.01	0
0.0292	0.1994	-0.0935	-0.4053	0.5175	0.4966	-0.862	0.1018	682	1034	228	4	1	0.0065	0.275	1	0.0312	0
0.0256	0.1381	0.0077	-0.5831	0.5332	0.7549	-0.203	0.6236	1033	1035	228	4	2	0.0067	0.1714	0	0.0312	0
0.0156	0.0171	0.1138	-0.6107	0.6087	0.9446	0.2744	0.1799	1034	1036	228	4	3	0.0049	0.2	0	0.01	0
0.01	0.0398	0.1315	-0.6054	0.6106	0.0419	0.87	0.4912	1035	0	228	4	4	0.01	0.05	0	0.01	0
0.0358	0.3575	0.0017	-0.3739	0.525	-0.0057	-0.5445	0.8388	682	1038	231	4	1	0.0035	0.4167	1	0.0358	0
0.0358	0.0642	-0.0003	-0.5686	0.8249	-0.3884	-0.7842	0.484	1037	1039	231	4	2	0.0035	0.4167	0	0.0358	0
0.0358	0.1051	-0.0691	-0.6247	0.8452	0.0129	-0.9033	0.4289	1038	1040	231	4	3	0.0066	0.1667	0	0.0189	0
0.0358	0.0319	-0.0365	-0.6998	0.943	0.503	-0.8638	0.0285	1039	1041	231	4	4	0.006	0.125	0	0.01	0
0.0358	0.0311	-0.0638	-0.7595	0.898	-0.6992	-0.0723	0.7113	1040	0	231	4	5	0.0036	0.0833	0	0.01	0
0.0333	0.2591	-0.1638	-0.48	0.6348	-0.0255	-0.9848	0.1717	683	1043	237	4	1	0.0034	0.375	1	0.0346	0
0.0331	0.0524	-0.1704	-0.7351	0.6793	-0.4084	-0.8931	-0.1887	1042	1044	237	4	2	0.0034	0.375	0	0.0346	1
0.0336	0.0619	-0.2334	-0.7777	0.706	-0.5453	-0.635	-0.5472	1043	1045	237	4	3	0.0032	0.3333	0	0.0362	1
0.0232	0.1085	-0.2559	-0.8259	0.6538	0.0817	-0.8761	0.4751	1044	1046	237	4	4	0.0076	0.28	0	0.0177	1
0.0229	0.1124	-0.251	-0.9217	0.7062	0.2724	-0.5652	0.7787	1045	1047	237	4	5	0.0024	0.4688	0	0.0201	1
0.032	0.1401	-0.1989	-0.9994	0.7722	0.1445	-0.7544	0.6403	1046	1048	237	4	6	0.0035	0.275	0	0.0354	1
0.0263	0.0759	-0.232	-1.0971	0.8317	-0.1492	-0.9888	0.0028	1047	1049	237	4	7	0.0125	0.25	0	0.0263	1
0.0281	0.0605	-0.2364	-1.1636	0.8656	-0.5964	-0.7402	0.3105	1048	1050	237	4	8	0.0115	0.3	0	0.0287	1
0.0227	0.0131	-0.2711	-1.2138	0.8807	-0.2197	-0.5955	0.7727	1049	1051	237	4	9	0.009	0.375	0	0.0227	1
0.0251	0.1759	-0.2625	-1.2208	0.8704	-0.4808	-0.8232	-0.3019	1050	1052	237	4	10	0.0112	0.1759	0	0.0273	1
0.0201	0.0035	-0.3465	-1.3755	0.8562	-0.1455	-0.9593	-0.2419	1051	1053	237	4	11	0.01	0.05	0	0.01	1
0.0201	0.0442	-0.3425	-1.3843	0.8412	-0.5141	-0.8434	0.156	1052	0	237	4	12	0.01	0.15	0	0.01	1
0.0324	0.0667	-0.2926	-0.5417	0.8193	-0.7589	0.4545	0.4663	685	1055	242	4	1	0.0106	0.3571	1	0.0324	0
0.0324	0.2038	-0.3433	-0.5114	0.8504	-0.8731	-0.3579	-0.3312	1054	1056	242	4	2	0.0106	0.3571	0	0.0324	0
0.0268	0.0764	-0.5338	-0.5848	0.7801	-0.112	-0.7515	0.6502	1055	1057	242	4	3	0.0025	0.3333	0	0.0268	0
0.0266	0.081	-0.5516	-0.646	0.8253	-0.1582	-0.5734	0.8038	1056	1058	242	4	4	0.0033	0.375	0	0.0266	0
0.0281	0.1093	-0.5721	-0.6866	0.8911	-0.6019	-0.7984	0.0169	1057	1059	242	4	5	0.0034	0.2813	0	0.0281	0
0.0214	0.0749	-0.6551	-0.7733	0.8994	-0.2867	0.521	-0.804	1058	1060	242	4	6	0.0017	0.3333	0	0.0188	0
0.0329	0.0787	-0.6838	-0.7362	0.8026	-0.8415	-0.5053	0.1913	1059	1061	242	4	7	0.0057	0.1818	0	0.0407	0
0.0193	0.0889	-0.7542	-0.7681	0.8292	-0.957	-0.1742	-0.232	1060	1062	242	4	8	0.0024	0.25	0	0.0177	0
0.0244	0.204	-0.8823	-0.7707	0.7927	-0.4279	-0.6388	0.6394	1061	1063	242	4	9	0.0083	0.09	0	0.0719	0
0.0206	0.1139	-0.9746	-0.905	0.9048	-0.8339	-0.4427	0.3295	1062	1064	242	4	10	0.0053	0.2	0	0.0264	0
0.0105	0.0869	-1.0674	-0.9536	0.9531	-0.8495	-0.4626	0.2537	1063	1065	242	4	11	0.01	0.05	0	0.01	0
0.0092	0.0788	-1.1412	-0.9938	0.9752	-0.8444	-0.4169	0.3365	1064	1066	242	4	12	0.01	0.05	0	0.01	0
0.0057	0.0423	-1.2077	-1.0266	1.0017	-0.8663	-0.2056	0.4552	1065	0	242	4	13	0.01	0.05	0	0.01	0
0.0231	0.195	-0.3142	-0.7021	0.8483	-0.4133	-0.8316	-0.3708	685	1068	244	4	1	0.0025	0.3438	0	0.0239	0
0.0185	0.0625	-0.385	-0.8826	0.7439	-0.2829	-0.8682	0.4077	1067	1069	244	4	2	0.0031	0.25	0	0.0226	0
0.01	0.0322	-0.4042	-0.9415	0.7706	0.8637	-0.1489	0.4815	1068	0	244	4	3	0.01	0.05	0	0.01	0
0.0264	0.1222	-0.2513	-0.6681	0.9341	0.9187	0.38	0.1078	686	1071	248	4	1	0.0041	0.4583	1	0.0264	0
0.0264	0.0405	-0.1391	-0.6216	0.9472	0.1784	-0.8509	0.4941	1070	1072	248	4	2	0.0041	0.4583	0	0.0264	0
0.0264	0.1155	-0.1321	-0.6551	0.9702	0.1172	-0.9351	0.3345	1071	0	248	4	3	0.0054	0.0875	0	0.0206	0
0.0254	0.1763	-0.3068	-0.6785	0.8312	-0.4473	-0.8798	-0.1605	685	1074	249	4	1	0.0062	0.4167	1	0.0254	0
0.0254	0.0803	-0.3856	-0.8336	0.8029	0.0096	-0.9415	0.3369	1073	1075	249	4	2	0.0062	0.4167	0	0.0254	0
0.0254	0.0472	-0.4024	-0.9125	0.8071	-0.6833	0.5851	0.4368	1074	0	249	4	3	0.0068	0.2	0	0.01	0
0.0274	0.1859	-0.306	-0.7623	0.9482	-0.3743	-0.8272	-0.4191	686	1077	252	4	1	0.0086	0.4063	1	0.0274	0
0.0274	0.0948	-0.3755	-0.916	0.8703	-0.86	-0.4578	0.2253	1076	0	252	4	2	0.0086	0.4063	0	0.0274	0
0.0339	0.243	-0.3685	-0.8289	0.988	-0.5789	-0.7996	0.1601	687	1079	255	4	1	0.0038	0.375	1	0.0339	0
0.0339	0.0664	-0.5091	-1.0232	1.0269	0.3578	-0.7345	0.5766	1078	1080	255	4	2	0.0038	0.375	0	0.0339	0
0.0258	0.069	-0.4742	-1.0842	1.0429	0.025	-0.8696	0.4931	1079	1081	255	4	3	0.0115	0.3	0	0.0258	0
0.032	0.0941	-0.5107	-1.139	1.0763	-0.1279	-0.9606	-0.2468	1080	1082	255	4	4	0.011	0.2159	0	0.0328	0
0.0286	0.1977	-0.518	-1.2204	1.1013	-0.4165	-0.8853	0.2068	1081	1083	255	4	5	0	0.0118	0	0.0395	0
0.0165	0.1053	-0.524	-1.4026	1.1447	-0.0986	-0.9111	0.4003	1082	1084	255	4	6	0.0038	0.1333	0	0.01	0
0.0128	0.2227	-0.6292	-1.4403	1.1799	-0.5026	-0.7721	0.3889	1083	1085	255	4	7	0.01	0.05	0	0.01	0
0.0083	0.2744	-0.7808	-1.545	1.2888	-0.6711	-0.5577	0.4884	1084	0	255	4	8	0.01	0.05	0	0.01	0
0.0301	0.1076	-0.2908	-0.8159	0.9979	0.8317	-0.5172	-0.2021	687	1087	258	4	1	0.0063	0.3125	1	0.0301	1
0.0301	0.1674	-0.2014	-0.8716	0.9762	0.9601	-0.0159	0.2793	1086	1088	258	4	2	0.0063	0.3125	0	0.0301	1
0.0235	0.0943	-0.042	-0.8542	1.0241	0.3081	0.0752	-0.9484	1087	1089	258	4	3	0.0025	0.2917	0	0.0235	1
0.034	0.1084	0.0392	-0.8345	0.9397	-0.0987	0.0092	0.9951	1088	1090	258	4	4	0.0231	0.1364	0	0.0589	1
0.018	0.1986	0.0598	-0.877	1.0461	0.2729	0.1644	0.9479	1089	1091	258	4	5	0.0071	0.05	0	0.01	1
0.01	0.1693	0.1196	-0.8387	1.2297	0.2912	0.4296	0.8548	1090	0	258	4	6	0.01	0.05	0	0.01	1
0.0286	0.1801	-0.3599	-0.8647	1.0146	-0.3006	-0.6222	0.7228	687	1093	259	4	1	0.0081	0.3333	0	0.0286	0
0.0245	0.1375	-0.4147	-0.9873	1.1338	0.5449	-0.6195	0.565	1092	1094	259	4	2	0.0034	0.2188	0	0.0245	0
0.0157	0.1037	-0.3435	-1.0381	1.2181	0.4557	-0.1202	0.882	1093	1095	259	4	3	0.0063	0.15	0	0.01	0
0.01	0.1194	-0.368	-1.0718	1.2878	-0.196	-0.2952	0.9351	1094	1096	259	4	4	0.01	0.05	0	0.01	0
0.0049	0.0363	-0.3566	-1.0718	1.2824	-0.8686	0.4826	-0.1126	1095	0	259	4	5	0.0115	0.1	0	0.01	0
0.0241	0.1312	-0.2886	-0.8397	1.0912	0.2432	-0.5827	0.7754	688	0	260	4	1	0.0066	0.5833	0	0.0241	0
0.0242	0.0784	-0.3974	-0.8936	1.1736	-0.4676	-0.8221	0.3246	689	1099	261	4	1	0.0037	0.4583	0	0.0242	0
0.029	0.0677	-0.4455	-0.9601	1.1946	-0.1547	-0.7033	0.6938	1098	1100	261	4	2	0.0033	0.4167	0	0.029	0
0.0341	0.0854	-0.4524	-1.0006	1.2697	-0.4244	-0.8642	0.2704	1099	1101	261	4	3	0.0033	0.4167	0	0.0368	0
0.0242	0.112	-0.4848	-1.086	1.2689	-0.3904	-0.8518	0.3494	1100	1102	261	4	4	0.0065	0.2	0	0.0166	0
0.0242	0.0723	-0.5013	-1.1911	1.3063	-0.2955	-0.8893	0.349	1101	1103	261	4	5	0.006	0.1167	0	0.01	0
0.0242	0.0759	-0.5304	-1.2642	1.3456	-0.5146	-0.5721	-0.6387	1102	1104	261	4	6	0.0034	0.12	0	0.01	0
0.0242	0.0352	-0.5624	-1.3066	1.285	-0.4876	-0.7978	-0.3546	1103	0	261	4	7	0.0026	0.125	0	0.01	0
0.0199	0.2147	-0.3963	-0.9384	1.3391	-0.684	0.1347	0.717	691	1106	263	4	1	0.0056	0.3438	0	0.0214	0
0.0164	0.1255	-0.5456	-0.891	1.4942	-0.7146	-0.1431	0.6847	1105	1107	263	4	2	0.0082	0.25	0	0.0177	0
0.0126	0.102	-0.642	-0.9236	1.5713	-0.6655	-0.14	0.7331	1106	1108	263	4	3	0.01	0.05	0	0.01	0
0.01	0.0725	-0.7087	-0.9351	1.6561	-0.6856	-0.6783	0.2644	1107	0	263	4	4	0.01	0.05	0	0.01	0
0.0329	0.0976	0.2864	-1.3939	-0.8789	-0.3341	0.0692	-0.94	0	1110	1065	0	1	0.0076	0.3125	0	0.0347	0
0.0288	0.0816	0.2641	-1.3849	-0.9531	0.2002	0.95	-0.2397	1109	1111	1065	0	2	0.0067	0.25	0	0.0352	0
0.0166	0.0284	0.2442	-1.2985	-0.9617	0.2101	0.973	-0.0959	1110	1112	1065	0	3	0.0045	0.14	0	0.01	0
0.01	0.0761	0.2557	-1.2704	-0.9588	-0.4563	0.8003	0.3889	1111	0	1065	0	4	0.01	0.05	0	0.01	0
0.0274	0.041	0.3145	-1.9784	-0.9077	0.1666	0.3694	0.9142	703	1114	1066	4	1	0.0035	0.4583	0	0.0274	0
0.0274	0.0928	0.3071	-1.9522	-0.8706	0.6103	0.7901	0.0575	1113	0	1066	4	2	0.0131	0.2639	0	0.0255	0
0.0154	0.0227	-0.2111	-1.4049	0.3344	-0.5475	-0.1755	-0.8182	720	1116	825	4	1	0.0058	0.175	0	0.0288	0
0.0153	0.1374	-0.2738	-1.395	0.3266	-0.238	-0.9623	0.1319	1115	1117	825	4	2	0.0131	0.2333	0	0.0312	0
0.01	0.0335	-0.327	-1.5231	0.3574	-0.5008	0.1344	-0.8551	1116	0	825	4	3	0.01	0.05	0	0.01	0
0.0324	0.0862	-0.1259	-1.4535	0.4666	0.6876	0.6561	0.3111	722	1119	826	4	1	0.0055	0.2917	0	0.0364	0
0.0221	0.0909	-0.0639	-1.4082	0.4898	0.6006	-0.1028	0.7929	1118	1120	826	4	2	0.003	0.2188	0	0.025	0
0.015	0.0881	-0.0596	-1.4145	0.5526	-0.1878	-0.1256	0.9741	1119	1121	826	4	3	0.01	0.05	0	0.01	0
0.01	0.096	-0.058	-1.4137	0.5469	0.9729	0.105	0.2062	1120	0	826	4	4	0.01	0.05	0	0.01	0
0.0248	0.0868	-0.061	-0.787	0.1073	0.021	-0.2132	0.9768	725	1123	680	4	1	0.0077	0.35	1	0.0264	0
0.0217	0.1438	-0.0592	-0.8055	0.1921	-0.8324	-0.248	-0.4955	1122	1124	680	4	2	0.0077	0.35	0	0.0264	0
0.0108	0.0488	-0.1963	-0.8341	0.1158	0.4487	0.7064	-0.5475	1123	0	680	4	3	0.0039	0.1	0	0.055	0
0.0229	0.2482	-0.0671	-1.2328	-0.0852	-0.0066	-0.7543	-0.6565	728	1126	687	4	1	0.0067	0.5417	1	0.0229	0
0.0229	0.0842	-0.0688	-1.42	-0.2482	-0.4266	-0.2507	0.869	1125	1127	687	4	2	0.0067	0.5417	0	0.0229	0
0.0229	0.0882	-0.0901	-1.4808	-0.1643	0.5583	-0.0193	-0.8294	1126	0	687	4	3	0.003	0.3438	0	0.0191	0
0.0359	0.1541	-0.0859	-1.5293	0.209	0.0592	0.9431	0.3272	732	1129	690	4	1	0.0076	0.5469	0	0.0346	0
0.0359	0.0929	-0.0873	-1.3776	0.266	0.6236	0.7221	0.2996	1128	1130	690	4	2	0.0045	0.75	0	0.0359	0
0.0359	0.0675	-0.0284	-1.3106	0.2937	0.0743	0.9798	0.1855	1129	1131	690	4	3	0.0041	0.6667	0	0.0359	0
0.0359	0.0972	-0.0345	-1.2508	0.3175	0.0191	0.861	0.5082	1130	1132	690	4	4	0.0113	0.3833	0	0.0295	0
0.0359	0.0458	-0.0154	-1.1612	0.3568	0.1141	0.7561	0.6444	1131	0	690	4	5	0.0132	0.4	0	0.0292	0
0.0392	0.2958	-0.019	-1.5099	0.2339	-0.2895	-0.5144	-0.8072	732	1134	1067	4	1	0.0193	0.2256	0	0.0612	0
0.0283	0.1237	-0.0972	-1.6858	-0.0232	0.2264	-0.5494	0.8043	1133	1135	1067	4	2	0.0036	0.2813	0	0.0283	0
0.0189	0.0149	-0.0654	-1.7533	0.0819	-0.7847	-0.2796	0.5532	1134	1136	1067	4	3	0.0043	0.18	0	0.01	1
0.0129	0.0955	-0.0728	-1.7741	0.0913	-0.9671	-0.2456	0.0665	1135	1137	1067	4	4	0.01	0.05	0	0.01	1
0.0074	0.0827	-0.1652	-1.7976	0.0977	0.2443	-0.9304	-0.2731	1136	0	1067	4	5	0.01	0.05	0	0.01	1
0.0256	0.1862	-0.0177	-1.668	0.279	0.1191	0.8865	0.4471	733	1139	830	4	1	0.0038	0.4167	0	0.0255	0
0.0259	0.0909	0.0031	-1.5002	0.356	0.1993	0.9137	0.3542	1138	1140	830	4	2	0.004	0.375	0	0.0261	0
0.0255	0.0602	0.0213	-1.417	0.3866	0.5357	0.83	0.1554	1139	0	830	4	3	0.008	0.16	0	0.01	0
0.0203	0.0535	-0.0236	-1.7733	0.1585	-0.6348	-0.3886	-0.6679	734	1142	831	4	1	0.0065	0.4167	0	0.0197	0
0.0218	0.0854	-0.0739	-1.8202	0.1307	-0.0552	-0.2585	-0.9644	1141	1143	831	4	2	0.0029	0.375	0	0.0231	0
0.0197	0.0487	-0.0772	-1.8454	0.0481	-0.0468	0.0468	-0.9978	1142	0	831	4	3	0.0028	0.175	0	0.01	0
0.0306	0.0713	-0.0243	-1.0035	0.4586	0.7503	-0.1822	0.6355	740	1145	887	4	1	0.0097	0.4167	0	0.0306	0
0.0306	0.1481	0.0359	-1.0181	0.5023	0.2721	0.1744	0.9463	1144	1146	887	4	2	0.0078	0.15	0	0.0182	0
0.0306	0.0237	0.041	-0.989	0.6651	0.1958	-0.881	0.4307	1145	0	887	4	3	0.0195	0.1	0	0.01	0
0.0419	0.1907	-0.027	-0.9628	0.4169	0.0643	0.9957	0.067	740	1148	1069	4	1	0.0104	0.4222	0	0.0419	0
0.0419	0.0635	0.0143	-0.7561	0.4751	-0.0152	0.9409	-0.3384	1147	1149	1069	4	2	0.0117	0.25	0	0.0261	0
0.0419	0.0399	-0.0089	-0.6613	0.51	0.805	0.5912	-0.0503	1148	0	1069	4	3	0.0056	0.0893	0	0.01	0
0.0304	0.0697	-0.5888	-1.8938	0.6782	0.0857	-0.2162	0.9726	747	1151	1071	4	1	0.0085	0.4167	0	0.0304	1
0.0304	0.0453	-0.5846	-1.9238	0.7444	0.3306	-0.1349	0.9341	1150	1152	1071	4	2	0.0063	0.1	0	0.01	1
0.0304	0.0631	-0.5807	-1.933	0.7845	-0.3171	0.893	0.3193	1151	0	1071	4	3	0.0081	0.12	0	0.02	1
0.0223	0.0427	-0.3503	-1.485	0.2011	0.3066	0.9495	0.0671	752	1154	926	4	1	0.0065	0.375	0	0.0212	0
0.0223	0.057	-0.3547	-1.4089	0.2068	-0.4852	-0.3033	0.8201	1153	1155	926	4	2	0.0029	0.4167	0	0.0223	0
0.0223	0.032	-0.3892	-1.4183	0.2743	-0.1191	-0.9408	0.3173	1154	0	926	4	3	0.0058	0.375	0	0.0229	0
0.0241	0.0396	-0.6513	-1.6267	0.5871	-0.5996	-0.5666	-0.5652	758	1157	1074	4	1	0.0047	0.1	0	0.0153	0
0.0241	0.1232	-0.672	-1.6491	0.5311	-0.5794	-0.8132	-0.0546	1156	1158	1074	4	2	0.0019	0.2917	0	0.0213	0
0.0241	0.1126	-0.7583	-1.7462	0.5836	-0.9122	-0.3513	-0.211	1157	1159	1074	4	3	0.0127	0.2429	0	0.0425	0
0.0241	0.0783	-0.8306	-1.7906	0.5862	-0.4563	-0.806	0.377	1158	1160	1074	4	4	0.0035	0.4583	0	0.0241	0
0.0241	0.0382	-0.855	-1.8491	0.6217	0.517	-0.7533	-0.4065	1159	0	1074	4	5	0.0072	0.175	0	0.01	0
0.0066	0.0978	-0.6281	-1.5913	0.666	-0.4151	-0.7432	0.5247	759	1162	959	4	1	0.011	0.16	0	0.0197	0
0.01	0.0895	-0.664	-1.664	0.7233	-0.7787	-0.1471	0.6099	1161	1163	959	4	2	0.015	0.275	0	0.0257	0
0.0069	0.0602	-0.7246	-1.669	0.782	0.7045	-0.5974	-0.3832	1162	0	959	4	3	0.01	0.05	0	0.01	0
0.0082	0.0981	-0.6437	-1.6072	0.8146	0.4306	0.8543	-0.2912	760	1165	1007	4	1	0.016	0.1667	0	0.0267	0
0.0086	0.0204	-0.5815	-1.5319	0.7945	-0.2045	0.4089	0.8894	1164	1166	1007	4	2	0.01	0.05	0	0.01	0
0.0084	0.0713	-0.5857	-1.5236	0.8127	0.3717	0.8345	0.4067	1165	0	1007	4	3	0.01	0.05	0	0.01	0
0.0066	0.0559	0.3012	-1.4629	0.3721	-0.9146	-0.1443	0.3778	786	1168	1078	4	1	0.0093	0.425	1	0.0329	1
0.0066	0.1208	0.2546	-1.4782	0.4056	-0.6132	-0.7583	-0.2215	1167	1169	1078	4	2	0.0222	0.2857	0	0.0329	1
0.0066	0.0506	0.1757	-1.5548	0.376	-0.7008	-0.3443	-0.6248	1168	1170	1078	4	3	0.0105	0.3125	0	0.0236	1
0.0066	0.0505	0.1396	-1.5725	0.355	-0.8952	-0.4414	-0.0619	1169	0	1078	4	4	0.01	0.05	0	0.01	1
0.019	0.2382	-0.6541	1.2059	-0.4614	-0.0525	0.9978	-0.0407	814	1172	279	4	1	0.0055	0.5417	0	0.019	1
0.019	0.0478	-0.6734	1.4555	-0.4708	0.5603	0.2925	0.775	1171	1173	279	4	2	0.0095	0.25	0	0.0251	1
0.019	0.0321	-0.6363	1.4714	-0.4253	0.514	-0.7243	-0.4595	1172	0	279	4	3	0.0031	0.125	0	0.01	1
0.0301	0.0455	-0.6344	1.1304	-0.4941	0.3376	0.36	-0.8697	814	1175	1083	4	1	0.0075	0.45	1	0.0301	1
0.03	0.1472	-0.6191	1.1468	-0.5336	0.9284	0.0486	0.3684	1174	1176	1083	4	2	0.0075	0.45	0	0.0301	1
0.0239	0.0737	-0.4649	1.1639	-0.5056	0.0954	0.9066	0.4112	1175	1177	1083	4	3	0.0027	0.4167	0	0.0239	1
0.0239	0.0342	-0.4596	1.2283	-0.4785	-0.8986	0.3738	0.2297	1176	1178	1083	4	4	0.01	0.05	0	0.01	1
0.0239	0.0467	-0.4744	1.2467	-0.4705	-0.3139	0.8961	0.3139	1177	0	1083	4	5	0.0055	0.125	0	0.01	1
0.008	0.1705	-0.1676	1.519	-0.2611	-0.8709	0.3834	-0.3077	835	1180	596	4	1	0.0107	0.0889	0	0.018	1
0.0084	0.1531	-0.3245	1.5896	-0.3072	0.5749	0.8142	0.0808	1179	1181	596	4	2	0.01	0.05	0	0.01	1
0.0082	0.0407	-0.2365	1.7142	-0.2948	-0.8472	0.5188	0.1142	1180	0	596	4	3	0.01	0.05	0	0.01	1
0.0191	0.1004	-0.7923	1.544	-0.1546	-0.6788	0.7336	0.0328	841	1183	597	4	1	0.0048	0.25	0	0.0202	1
0.01	0.0552	-0.8617	1.6449	-0.1335	-0.998	-0.0063	-0.0628	1182	0	597	4	2	0.01	0.05	0	0.01	1
0.0126	0.0336	0.5788	1.3483	-0.2284	0.0943	-0.9536	0.2859	867	1185	320	4	1	0.0155	0.225	0	0.0334	1
0.0152	0.0236	0.5736	1.3023	-0.2183	-0.59	0.3259	-0.7387	1184	0	320	4	2	0.0041	0.2813	0	0.0192	1
0.0045	0.2519	0.3477	1.2975	-0.1098	0.198	-0.9785	-0.0583	866	1187	1084	4	1	0.0148	0.119	1	0.2446	1
0.0045	0.4137	0.5143	1.2287	-0.0207	-0.5495	0.6604	-0.5118	1186	0	1084	4	2	0.0485	0.4048	0	0.2446	1
0.0219	0.2582	-1.0665	1.3083	0.6012	0.3613	-0.2981	-0.8835	881	1189	604	4	1	0.0062	0.4583	0	0.0219	1
0.0219	0.3169	-0.9857	1.2412	0.3723	0.6216	0.7774	-0.0966	1188	1190	604	4	2	0.009	0.0412	0	0.01	1
0.0219	0.0395	-0.7616	1.4835	0.3459	0.1274	0.9842	0.123	1189	0	604	4	3	0.0017	0.1	0	0.01	1
0.02	0.0288	-0.9108	1.1858	0.4836	0.6136	-0.4846	0.6234	879	1192	605	4	1	0.0065	0.4167	1	0.0215	1
0.02	0.0587	-0.8931	1.1718	0.5016	0.3122	0.9307	0.1907	1191	1193	605	4	2	0.0065	0.4167	0	0.0215	1
0.02	0.0882	-0.8772	1.2262	0.5105	0.2633	0.9012	-0.3443	1192	1194	605	4	3	0.0051	0.1167	0	0.01	1
0.02	0.0764	-0.8637	1.3299	0.4916	0.1835	0.4831	-0.8561	1193	0	605	4	4	0.0058	0.12	0	0.01	1
0.0107	0.179	-0.6994	0.2822	1.0794	0.6617	-0.0723	0.7463	912	1196	612	4	1	0.0145	0.1444	1	0.0256	1
0.0107	0.0895	-0.5795	0.2753	1.2148	-0.7639	-0.0183	0.6451	1195	1197	612	4	2	0.0131	0.3	0	0.0256	1
0.0114	0.0931	-0.6368	0.2724	1.2931	-0.6921	-0.6404	0.333	1196	0	612	4	3	0.0122	0.1333	0	0.0295	1
0.0185	0.133	-1.0403	0.0817	1.4287	0.2286	0.0699	-0.971	916	1199	614	4	1	0.0019	0.225	0	0.0182	1
0.0188	0.1155	-1.0067	0.0914	1.2863	0.9033	0.3589	0.2348	1198	1200	614	4	2	0.0025	0.25	0	0.0197	1
0.018	0.0824	-0.904	0.1357	1.3157	0.9042	0.3943	0.1639	1199	1201	614	4	3	0.0077	0.2639	0	0.0178	1
0.0181	0.0051	-0.8402	0.159	1.3394	0.7169	-0.0685	0.6938	1200	0	614	4	4	0.0048	0.25	0	0.0186	1
0.0236	0.083	-1.0133	0.0569	1.4557	0.5828	0.5559	0.5927	916	1203	615	4	1	0.0057	0.4583	0	0.0227	1
0.0227	0.1037	-0.9665	0.104	1.5027	-0.6564	-0.7439	0.1255	1202	1204	615	4	2	0.0025	0.2188	0	0.0194	1
0.0227	0.0791	-1.0389	0.0306	1.5219	-0.8211	-0.5045	-0.2671	1203	1205	615	4	3	0	0.0333	0	0.01	1
0.0318	0.041	-1.1262	-0.0289	1.4942	-0.0923	-0.2188	0.9714	1204	0	615	4	4	0.0039	0.3333	0	0.0335	1
0.0161	0.1146	0.0416	1.9899	0.1449	-0.7693	0.3168	-0.5548	0	1207	1092	0	1	0.0138	0.25	0	0.0301	0
0.012	0.0444	-0.028	2.0261	0.0765	-0.0499	0.9753	-0.2152	1206	1208	1092	0	2	0.0074	0.05	0	0.0292	0
0.01	0.0367	-0.0487	2.0622	0.0981	0.4689	0.7574	0.4544	1207	0	1092	0	3	0.01	0.05	0	0.01	0
0.0297	0.0793	0.5417	1.5356	-0.105	0.9856	-0.1385	0.0971	0	1210	1095	0	1	0.0075	0.4583	0	0.0297	0
0.0297	0.0955	0.5879	1.5588	-0.0908	-0.7231	-0.6882	0.0598	1209	0	1095	0	2	0.003	0.1	0	0.01	0
0.0239	0.0384	0.7458	-0.4306	-0.0719	0.0594	-0.4478	0.8922	975	1212	1099	5	1	0.0061	0.4583	1	0.0239	0
0.0239	0.0595	0.748	-0.4478	-0.0376	-0.8748	-0.4598	0.1528	1211	0	1099	5	2	0.0061	0.4583	0	0.0239	0
0.0151	0.0483	0.7672	-0.495	-0.1469	0.0489	-0.2268	-0.9727	976	1214	747	5	1	0.0027	0.375	0	0.0138	0
0.0165	0.081	0.7697	-0.5057	-0.215	0.7603	-0.6495	-0.0066	1213	1215	747	5	2	0.0026	0.2917	0	0.021	0
0.01	0.0494	0.8346	-0.5571	-0.2147	-0.0893	0.7212	-0.6869	1214	0	747	5	3	0.01	0.05	0	0.01	0
0.0209	0.3047	0.8332	-0.5262	0.5202	0.741	-0.6101	0.2806	988	1217	535	5	1	0.007	0.3438	0	0.0215	0
0.017	0.0673	1.0526	-0.7146	0.5958	0.6855	-0.6735	-0.2764	1216	1218	535	5	2	0.0027	0.25	0	0.0204	0
0.01	0.0329	1.1023	-0.7565	0.5786	0.4835	-0.7022	0.5226	1217	0	535	5	3	0.01	0.05	0	0.01	0
0.0098	0.2698	0.7748	-0.4615	0.5335	-0.6507	0.1331	0.7476	988	0	536	5	1	0.0168	0.225	0	0.0628	0
0.0199	0.2371	0.9926	-0.5566	0.9772	-0.9798	0.006	-0.1998	993	1221	540	5	1	0.0071	0.2292	1	0.0199	0
0.0199	0.1777	0.7602	-0.5552	0.9298	-0.8029	0.0792	-0.5908	1220	0	540	5	2	0.0071	0.2292	0	0.0199	0
0.031	0.2306	1.0166	-0.5497	0.9246	0.3834	-0.7849	-0.4867	992	1223	543	5	1	0.0065	0.3333	1	0.031	0
0.031	0.0526	1.105	-0.7307	0.8124	0.1838	0.6145	-0.7672	1222	1224	543	5	2	0.0065	0.3333	0	0.031	0
0.0274	0.0979	1.0876	-0.7123	0.7697	0.2864	-0.4149	-0.8636	1223	1225	543	5	3	0.0035	0.4167	0	0.0274	1
0.0274	0.0531	1.1078	-0.7412	0.662	0.5876	-0.624	-0.5151	1224	1226	543	5	4	0.0031	0.375	0	0.0234	1
0.0274	0.0373	1.1303	-0.761	0.6141	0.7585	-0.3533	-0.5476	1225	0	543	5	5	0.0084	0.15	0	0.017	1
0.0414	0.3462	0.9346	-0.5444	0.9453	0.4407	-0.5854	0.6805	992	1228	1100	5	1	0.0056	0.75	0	0.0414	0
0.0351	0.0602	1.0802	-0.7604	1.1764	0.3845	-0.4666	0.7965	1227	1229	1100	5	2	0.0056	0.7083	0	0.0351	0
0.027	0.0603	1.0988	-0.7895	1.2274	0.4075	-0.8557	0.3189	1228	1230	1100	5	3	0.0036	0.5833	0	0.027	0
0.0314	0.0566	1.1377	-0.8331	1.2389	0.6003	-0.6984	0.3898	1229	1231	1100	5	4	0.0028	0.4167	0	0.0314	0
0.0316	0.1194	1.2078	-0.8653	1.2943	0.2181	-0.9757	-0.0206	1230	1232	1100	5	5	0.0029	0.1778	0	0.0399	0
0.027	0.0078	1.2192	-0.9896	1.3079	0.5975	-0.7853	0.1625	1231	0	1100	5	6	0.01	0.05	0	0.01	0
0.0128	0.2994	0.5431	-0.6451	0.8469	-0.4077	0.877	0.2541	1008	1234	555	5	1	0.0045	0.2778	0	0.0405	1
0.0109	0.03	0.3965	-0.4124	0.918	0.6278	-0.5988	0.4974	1233	1235	555	5	2	0.01	0.05	0	0.01	1
0.01	0.0154	0.4135	-0.434	0.927	0.7504	0.432	-0.5003	1234	0	555	5	3	0.01	0.05	0	0.01	1
0.0135	0.1572	0.5674	-0.5258	0.7724	0.5115	-0.8425	-0.1691	1006	0	1101	5	1	0.0083	0.1375	0	0.0252	1
0.0194	0.0901	0.5078	-0.6233	1.056	-0.3808	-0.3838	0.8412	1009	1238	759	5	1	0.0031	0.3125	0	0.0194	1
0.0239	0.1116	0.4915	-0.6708	1.142	-0.3737	0.1972	0.9064	1237	1239	759	5	2	0.0064	0.25	0	0.0334	1
0.0133	0.055	0.4288	-0.6545	1.2323	-0.502	0.2771	0.8193	1238	1240	759	5	3	0.01	0.05	0	0.01	1
0.0106	0.0501	0.4319	-0.6726	1.2592	-0.1395	-0.5689	0.8105	1239	1241	759	5	4	0.01	0.05	0	0.01	1
0.0079	0.0329	0.4199	-0.6608	1.2742	-0.5217	0.4113	0.7474	1240	0	759	5	5	0.01	0.05	0	0.01	1
0.0216	0.0975	0.5341	-0.6224	0.975	-0.3989	0.7387	-0.5433	1008	1243	760	5	1	0.0037	0.4583	0	0.0216	1
0.0216	0.0906	0.5037	-0.5375	0.9192	-0.8387	0.5093	-0.193	1242	1244	760	5	2	0.0091	0.28	0	0.0278	1
0.0216	0.0396	0.436	-0.4915	0.9108	-0.711	0.2612	0.6529	1243	0	760	5	3	0.0052	0.15	0	0.01	1
0.0258	0.0631	0.027	-0.5781	0.7983	0.694	-0.2411	-0.6784	1038	1246	562	5	1	0.0065	0.4583	1	0.0254	0
0.0257	0.0816	0.0708	-0.5933	0.7555	0.0944	-0.8536	-0.5124	1245	1247	562	5	2	0.0065	0.4583	0	0.0254	0
0.0287	0.1086	0.0848	-0.6421	0.7448	-0.0237	-0.8276	0.5608	1246	1248	562	5	3	0.0034	0.4583	0	0.0302	0
0.0254	0.0373	0.0795	-0.728	0.791	0.8998	0.4334	-0.0497	1247	0	562	5	4	0.0065	0.375	0	0.0232	0
0.0243	0.0134	-0.215	-1.0844	0.8347	-0.0441	-0.9731	-0.2263	1047	1250	569	5	1	0.0052	0.3333	0	0.0243	1
0.0265	0.0695	-0.2073	-1.0766	0.7789	0.2519	-0.9128	-0.3214	1249	1251	569	5	2	0.0031	0.375	0	0.0277	1
0.0171	0.0965	-0.2112	-1.1426	0.7627	-0.0442	-0.8596	-0.509	1250	1252	569	5	3	0.0021	0.1875	0	0.0139	1
0.0121	0.0984	-0.2123	-1.2242	0.7109	-0.0427	-0.866	-0.4982	1251	1253	569	5	4	0.01	0.05	0	0.01	1
0.0067	0.064	-0.2165	-1.3094	0.6618	0.1753	0.2129	-0.9612	1252	0	569	5	5	0.01	0.05	0	0.01	1
0.0304	0.1301	-0.2096	-0.9788	0.7945	-0.2149	0.1129	0.9701	1047	1255	1106	5	1	0.0079	0.3393	0	0.0332	1
0.0304	0.0985	-0.2182	-0.9597	0.9272	-0.3718	0.3734	0.8499	1254	1256	1106	5	2	0.0094	0.22	0	0.0368	1
0.0166	0.1151	-0.2473	-0.9218	1.0227	-0.5079	-0.7649	0.3962	1255	1257	1106	5	3	0.0031	0.1875	0	0.0192	1
0.01	0.0759	-0.3042	-1.0111	1.074	-0.2714	-0.9543	-0.125	1256	0	1106	5	4	0.01	0.05	0	0.01	1
0.0225	0.0864	-0.2164	-1.0423	0.7789	-0.8057	-0.1837	0.5631	1047	1259	766	5	1	0.0051	0.3333	0	0.0225	1
0.0304	0.2036	-0.3088	-1.0704	0.8419	-0.2059	-0.5565	-0.8049	1258	1260	766	5	2	0.0064	0.1	0	0.041	1
0.0139	0.051	-0.3598	-1.1976	0.689	-0.8396	0.1372	-0.5256	1259	1261	766	5	3	0.01	0.05	0	0.01	1
0.01	0.0731	-0.4027	-1.1906	0.6622	-0.6524	0.6524	-0.3858	1260	0	766	5	4	0.01	0.05	0	0.01	1
0.0092	0.0582	-0.5568	-0.5894	0.7793	-0.7745	-0.6316	0.0336	1056	1263	575	5	1	0.0091	0.2	0	0.0193	0
0.0087	0.1256	-0.5975	-0.6255	0.7701	-0.9251	0.1447	-0.3512	1262	1264	575	5	2	0.0108	0.28	0	0.0195	0
0.0088	0.0326	-0.7115	-0.6094	0.7258	-0.1463	-0.2678	0.9523	1263	0	575	5	3	0.01	0.05	0	0.01	0
0.0263	0.0953	-0.5661	-0.6943	0.9176	0.7637	-0.5039	0.4036	1058	1266	1107	5	1	0.0072	0.4167	0	0.0263	0
0.0263	0.0773	-0.4996	-0.7255	0.9729	0.7946	0.5518	-0.2533	1265	0	1107	5	2	0.0062	0.225	0	0.0205	0
0.0313	0.3196	-0.8048	-0.817	0.8637	-0.1214	-0.3118	0.9424	1060	1268	770	5	1	0.0042	0.0815	0	0.0715	0
0.0146	0.0056	-0.824	-0.9816	1.132	-0.8183	-0.4354	0.3753	1267	1269	770	5	2	0.01	0.05	0	0.01	1
0.0123	0.0567	-0.8287	-0.9841	1.1342	-0.2555	-0.3084	0.9163	1268	1270	770	5	3	0.01	0.05	0	0.01	1
0.01	0.1194	-0.8432	-1.0016	1.1862	0.4766	0.3111	0.8222	1269	0	770	5	4	0.01	0.05	0	0.01	1
0.0219	0.0714	-0.4993	-1.123	1.1123	0.8036	-0.1845	0.5658	1081	1272	581	5	1	0.0022	0.375	0	0.0195	0
0.0246	0.0774	-0.4339	-1.1511	1.1383	0.5459	-0.4082	0.7317	1271	1273	581	5	2	0.0033	0.3333	0	0.0299	0
0.0193	0.0815	-0.4118	-1.2158	1.2005	0.8089	-0.4255	0.4058	1272	1274	581	5	3	0.021	0.2273	0	0.0285	0
0.01	0.0801	-0.3617	-1.2329	1.2061	-0.2844	-0.874	-0.394	1273	0	581	5	4	0.01	0.05	0	0.01	0
0.01	0.1039	-0.5142	-1.1161	1.1143	-0.1195	0.154	0.9808	1081	0	585	5	1	0.01	0.05	0	0.01	1
0.0216	0.1067	-0.5192	-1.1706	1.0353	-0.9519	-0.3047	-0.0332	1081	1277	586	5	1	0.0069	0.4063	0	0.0216	1
0.0217	0.1319	-0.5934	-1.2084	1.0345	-0.2026	-0.9596	0.1954	1276	1278	586	5	2	0.0027	0.225	0	0.0218	1
0.0216	0.0224	-0.5979	-1.3023	1.0556	-0.1324	0.2264	0.965	1277	1279	586	5	3	0.008	0.175	0	0.01	1
0.0216	0.1428	-0.6189	-1.2893	1.0597	-0.5062	-0.8512	0.1386	1278	0	586	5	4	0.0021	0.0667	0	0.01	1
0.0249	0.0624	0.0232	-0.865	0.9512	0.4911	0.0558	-0.8693	1089	1281	589	5	1	0.007	0.5	0	0.0249	1
0.028	0.0699	0.0558	-0.8635	0.8982	-0.6697	-0.7392	-0.0714	1280	1282	589	5	2	0.0034	0.3333	0	0.0287	1
0.0249	0.1306	0.0477	-0.9183	0.8836	-0.0997	-0.9925	-0.0711	1281	1283	589	5	3	0.0061	0.1667	0	0.0197	1
0.0249	0.0893	0.0575	-1.041	0.9189	0.3212	-0.9469	-0.0167	1282	1284	589	5	4	0.0037	0.14	0	0.01	1
0.0249	0.0914	0.0425	-1.0425	0.8945	-0.3507	-0.4168	-0.8386	1283	0	589	5	5	0.0093	0.1	0	0.01	1
0.0212	0.029	-0.4909	-1.0612	1.2553	0.4941	-0.6031	-0.6263	1100	1286	1110	5	1	0.0048	0.5	0	0.0212	0
0.0212	0.0843	-0.4644	-1.0911	1.2367	0.2148	0.242	-0.9462	1285	1287	1110	5	2	0.0025	0.2917	0	0.0203	0
0.0212	0.049	-0.453	-1.064	1.1665	-0.8371	-0.0751	-0.5419	1286	0	1110	5	3	0.006	0.15	0	0.01	0
0.0107	0.0229	-0.0717	-1.4919	-0.1558	0.3381	-0.408	0.8481	1127	1289	1112	5	1	0.0088	0.3438	1	0.0279	0
0.0107	0.0998	-0.0614	-1.516	-0.1341	-0.2832	-0.1963	-0.9388	1288	1290	1112	5	2	0.0144	0.3	0	0.0279	0
0.0091	0.0438	-0.0813	-1.524	-0.2274	-0.801	0.5862	-0.122	1289	0	1112	5	3	0.0127	0.175	0	0.0228	0
0.0343	0.1381	-0.0657	-0.9123	0.4214	-0.6066	0.7918	0.0709	1147	1292	889	5	1	0.008	0.5	1	0.0343	0
0.0343	0.0838	-0.1495	-0.8029	0.4312	0.4515	0.8707	0.1949	1291	1293	889	5	2	0.008	0.5	0	0.0343	0
0.0343	0.0508	-0.1867	-0.7309	0.4689	0.1727	0.7483	0.6405	1292	0	889	5	3	0.0096	0.1591	0	0.0183	0
0.0199	0.0792	-0.8954	0.154	1.3305	0.5148	-0.3085	0.7998	1200	1295	950	5	1	0.0044	0.4167	0	0.0199	1
0.0199	0.0671	-0.8709	0.1589	1.3943	-0.8154	-0.4564	0.356	1294	1296	950	5	2	0.0065	0.25	0	0.0286	1
0.0199	0.0803	-0.9314	0.1213	1.4197	0.2284	0.0274	0.9732	1295	0	950	5	3	0.0076	0.1167	0	0.01	1
0.0154	0.129	-0.0645	2.0984	0.17	-0.6958	0.6262	-0.3518	0	1298	1120	0	1	0.0108	0.2143	0	0.0308	0
0.01	0.0508	-0.1351	2.1757	0.1143	0.0363	0.9658	-0.2568	1297	0	1120	0	2	0.01	0.05	0	0.01	0
0.0203	0.0716	0.8612	-0.4557	0.0046	-0.3994	0.0838	-0.9129	0	1300	846	0	1	0.0045	0.3333	0	0.0231	0
0.012	0.076	0.83	-0.4417	-0.0665	-0.9436	-0.33	-0.0267	1299	0	846	0	2	0.0128	0.1667	0	0.0269	0
0.01	0.0638	1.0625	-0.7307	0.6076	0.0055	-0.3823	0.924	1217	1302	1124	6	1	0.01	0.05	1	0.01	1
0.01	0.08	1.0629	-0.7551	0.6665	0.4089	0.6776	-0.6114	1301	0	1124	6	2	0.01	0.05	0	0.01	1
0.0255	0.0716	1.0062	-0.6523	1.1209	-0.5118	0.3744	0.7733	1227	1304	546	6	1	0.0047	0.4583	1	0.0255	0
0.0255	0.0786	0.9696	-0.6255	1.1763	-0.5524	-0.6467	-0.5259	1303	1305	546	6	2	0.0047	0.4583	0	0.0255	0
0.0255	0.094	0.9025	-0.6599	1.1634	0.6181	-0.3374	0.71	1304	1306	546	6	3	0.0056	0.0375	0	0.0182	0
0.0255	0.0598	0.9567	-0.696	1.2089	0.2654	-0.9523	0.1509	1305	0	546	6	4	0.0036	0.125	0	0.01	0
0.0055	0.1355	0.6202	-0.5988	0.7689	0.0654	-0.6911	0.7198	1236	1308	1125	6	1	0.021	0.1571	0	0.0266	1
0.0053	0.0649	0.612	-0.6881	0.8883	0.3837	-0.8014	0.4588	1307	0	1125	6	2	0.015	0.25	0	0.0206	1
0.0227	0.0452	-0.2223	-0.9914	0.9198	0.4419	-0.8651	0.2373	1254	1310	572	6	1	0.007	0.4063	1	0.0227	1
0.0227	0.1016	-0.2024	-1.0305	0.9305	-0.8417	-0.4767	0.2535	1309	1311	572	6	2	0.007	0.4063	0	0.0227	1
0.0227	0.0527	-0.2685	-1.1116	0.9415	-0.5155	-0.5874	0.6239	1310	1312	572	6	3	0.0088	0.2222	0	0.0217	1
0.0227	0.0233	-0.2999	-1.1407	0.9635	-0.3585	-0.9334	-0.0123	1311	0	572	6	4	0.0062	0.2917	0	0.018	1
0.0214	0.0362	-0.2881	-1.0423	0.8073	-0.5186	0.6062	-0.603	1258	1314	1128	6	1	0.0078	0.3125	1	0.0245	1
0.0207	0.1157	-0.3069	-1.0204	0.7855	-0.085	-0.6271	-0.7743	1313	1315	1128	6	2	0.0078	0.3125	0	0.0245	1
0.0129	0.022	-0.3149	-1.1035	0.7074	-0.8788	-0.4127	-0.2397	1314	1316	1128	6	3	0.01	0.05	0	0.01	1
0.0107	0.0459	-0.3452	-1.117	0.7136	-0.6968	0.5539	-0.4556	1315	1317	1128	6	4	0.01	0.05	0	0.01	1
0.008	0.1021	-0.3772	-1.0916	0.6927	-0.8719	0.2374	0.4282	1316	0	1128	6	5	0.01	0.05	0	0.01	1
0.01	0.051	-0.3261	-1.1531	0.7754	0.0243	-0.9901	0.1381	1259	1319	911	6	1	0.01	0.05	1	0.01	1
0.01	0.0501	-0.3249	-1.2035	0.7825	0.0648	0.9857	-0.1556	1318	0	911	6	2	0.01	0.05	0	0.01	1
0.0348	0.1169	0.0229	-0.9158	0.8839	0.4098	0.9121	-0.0138	1282	1321	776	6	1	0.0078	0.4583	0	0.0348	1
0.0348	0.0678	0.0499	-0.8221	0.8371	-0.3671	0.9256	-0.0926	1320	1322	776	6	2	0.0115	0.0606	0	0.01	1
0.0348	0.043	0.0205	-0.7372	0.8212	-0.9352	-0.0364	0.3522	1321	0	776	6	3	0.0039	0.1136	0	0.01	1
0.0223	0.1177	-0.1698	-0.7737	0.4207	0.8494	0.4917	0.1916	1292	1324	924	6	1	0.0067	0.325	0	0.0235	0
0.0191	0.0619	-0.0756	-0.6987	0.4385	-0.0606	0.2474	0.967	1323	0	924	6	2	0.0071	0.375	0	0.0191	0
