radius (m)	length (m)	start_point	axis_direction	parent	extension	branch	branch_order	position_in_branch	mad	SurfCov	added	UnmodRadius (m)	Rama_podada
0.0438	0.1754	-0.1354	0.4199	-2.3233	0.0355	0.1661	0.9855	0	2	1	0	1	0.0081	0.8667	0	0.0438	0
0.0472	0.1289	-0.1281	0.4503	-2.1506	0.0956	0.089	0.9914	1	3	1	0	2	0.0065	0.98	0	0.0472	0
0.0456	0.1683	-0.1206	0.4662	-2.0222	0.0668	-0.0827	0.9943	2	4	1	0	3	0.0064	0.95	0	0.0456	0
0.048	0.1502	-0.1109	0.4592	-1.8535	0.1754	-0.1368	0.9749	3	5	1	0	4	0.0069	0.8636	0	0.048	0
0.0453	0.1419	-0.0955	0.447	-1.7029	0.2572	-0.1516	0.9544	4	6	1	0	5	0.0065	0.94	0	0.0453	0
0.048	0.1244	-0.0686	0.4173	-1.566	0.2101	-0.0742	0.9749	5	7	1	0	6	0.0072	0.8727	0	0.048	0
0.0464	0.1233	-0.0318	0.403	-1.4429	-0.1493	0.0658	0.9866	6	8	1	0	7	0.0072	0.84	0	0.0464	0
0.0505	0.1259	-0.0152	0.4004	-1.3169	-0.1335	-0.0344	0.9905	7	9	1	0	8	0.008	0.8909	0	0.0505	0
0.0553	0.1251	-0.0375	0.4071	-1.1897	0.3399	-0.0472	0.9393	8	10	1	0	9	0.0089	0.8667	0	0.0553	0
0.0522	0.193	-0.0217	0.3876	-1.0582	0.4301	0.0786	0.8993	9	11	1	0	10	0.0095	0.8961	0	0.0522	0
0.0577	0.1359	0.0595	0.425	-0.8794	0.1635	-0.2136	0.9631	10	12	1	0	11	0.011	0.8308	0	0.0577	0
0.0579	0.2456	0.088	0.4137	-0.7414	-0.4429	-0.1921	0.8757	11	13	1	0	12	0.0217	0.6194	0	0.0634	0
0.0585	0.0583	0.0536	0.4177	-0.5004	-0.2038	-0.19	0.9604	12	14	1	0	13	0.0192	0.0737	0	0.0648	0
0.0589	0.0193	0.0431	0.3935	-0.4429	-0.0046	0.1207	0.9927	13	15	1	0	14	0.0805	0.6923	0	0.1153	0
0.056	0.3614	0.0372	0.4116	-0.46	-0.9629	-0.2673	0.0361	14	0	1	0	15	0.0413	0.2066	0	0.0687	0
0.0526	0.2242	0.1283	0.3717	-0.7759	0.8527	-0.4803	-0.2055	11	17	6	1	1	0.0113	0.5104	1	0.0526	0
0.0526	0.2154	0.3194	0.2641	-0.8219	0.5399	0.5265	0.6568	16	18	6	1	2	0.0113	0.5104	0	0.0526	0
0.0503	0.139	0.4457	0.364	-0.6905	0.6169	-0.1245	0.7771	17	19	6	1	3	0.0082	0.7818	0	0.0503	0
0.056	0.087	0.5191	0.3531	-0.5698	0.6786	-0.1278	0.7233	18	20	6	1	4	0.0078	0.8056	0	0.056	0
0.0528	0.0773	0.5829	0.3306	-0.5003	0.7274	0.5436	0.4188	19	21	6	1	5	0.0071	0.6364	0	0.0507	0
0.0496	0.0922	0.6442	0.3514	-0.4629	0.8439	0.3017	0.4437	20	22	6	1	6	0.0079	0.7273	0	0.0496	0
0.051	0.1395	0.7226	0.4113	-0.4053	0.9354	-0.1769	0.3062	21	23	6	1	7	0.009	0.5758	0	0.0497	0
0.0525	0.0788	0.8572	0.3719	-0.3594	0.923	0.3053	0.2344	22	24	6	1	8	0.0079	0.7879	0	0.0525	0
0.0509	0.125	0.9307	0.4082	-0.332	0.9477	-0.2273	0.2241	23	25	6	1	9	0.0086	0.7091	0	0.0509	0
0.05	0.0791	1.0493	0.3848	-0.313	0.9503	0.2669	0.1602	24	26	6	1	10	0.0074	0.8182	0	0.05	0
0.0479	0.1197	1.134	0.3952	-0.2902	0.5627	0.7758	0.2854	25	27	6	1	11	0.0074	0.5273	0	0.0479	0
0.0484	0.1297	1.1931	0.4673	-0.2477	0.9158	-0.2347	0.326	26	28	6	1	12	0.0077	0.6545	0	0.0484	0
0.0505	0.1141	1.319	0.4299	-0.2018	0.5275	0.7489	0.4011	27	29	6	1	13	0.0075	0.6	0	0.051	0
0.0513	0.1272	1.3946	0.5007	-0.1461	0.4951	0.7799	0.3829	28	30	6	1	14	0.0076	0.5417	0	0.0528	0
0.0521	0.1048	1.4787	0.5725	-0.0756	0.5836	0.7294	0.357	29	31	6	1	15	0.0083	0.5833	0	0.0536	0
0.0498	0.1012	1.5476	0.6314	-0.0319	0.2501	0.4234	0.8707	30	32	6	1	16	0.0073	0.5682	0	0.0512	0
0.0416	0.0813	1.6083	0.6473	0.0605	0.5924	0.7982	0.1096	31	33	6	1	17	0.0067	0.6111	0	0.0416	0
0.0465	0.1823	1.6475	0.7145	0.077	0.4839	0.8149	0.3192	32	34	6	1	18	0.0075	0.5195	0	0.0486	0
0.0423	0.0977	1.754	0.8306	0.1594	0.5914	0.6695	0.4496	33	35	6	1	19	0.0056	0.4	0	0.0451	0
0.0292	0.1183	1.7835	0.8642	0.2334	0.6606	0.112	0.7424	34	36	6	1	20	0.0044	0.4688	0	0.0292	0
0.032	0.0825	1.8641	0.8878	0.3179	0.7395	0.0383	0.6721	35	37	6	1	21	0.0045	0.3438	0	0.032	0
0.0301	0.088	1.8951	0.8943	0.3721	-0.0004	0.3457	0.9383	36	38	6	1	22	0.0034	0.3333	0	0.0301	0
0.0246	0.0764	1.915	0.9299	0.4698	-0.4558	-0.456	0.7644	37	39	6	1	23	0.0032	0.375	0	0.0243	0
0.0234	0.1125	1.8746	0.8825	0.5278	0.2007	-0.1181	0.9725	38	40	6	1	24	0.0031	0.4063	0	0.0231	0
0.025	0.1514	1.902	0.8649	0.638	-0.1642	-0.0074	0.9864	39	41	6	1	25	0.0021	0.175	0	0.025	0
0.0239	0.0761	1.8812	0.8686	0.7868	-0.0099	0.1155	0.9933	40	42	6	1	26	0.0026	0.2917	0	0.0239	0
0.0231	0.1304	1.898	0.865	0.8585	0.1519	-0.0924	0.9841	41	43	6	1	27	0.0064	0.07	0	0.016	0
0.0231	0.059	1.9117	0.8813	0.9912	0.0875	-0.1343	0.9871	42	44	6	1	28	0.005	0.15	0	0.01	0
0.0231	0.0719	1.9208	0.8421	1.0401	0.1993	-0.2581	0.9454	43	45	6	1	29	0.0058	0.175	0	0.01	0
0.0231	0.0915	1.9298	0.8374	1.1119	-0.0733	-0.2933	0.9532	44	0	6	1	30	0.0036	0.14	0	0.01	0
0.0379	0.2902	0.0306	0.4283	-0.513	0.8262	0.3965	-0.4001	15	47	8	1	1	0.007	0.4375	0	0.0379	0
0.0379	0.0376	0.2909	0.5837	-0.6213	0.1252	-0.2504	0.96	46	0	8	1	2	0.0055	0.1042	0	0.01	0
0.0445	0.2307	-0.0607	0.3686	-0.5756	-0.9857	-0.1452	0.086	12	49	22	1	1	0.0097	0.65	1	0.0445	0
0.0445	0.1509	-0.2881	0.3351	-0.5557	-0.9744	0.1338	0.1809	48	50	22	1	2	0.0097	0.65	0	0.0445	0
0.0426	0.0846	-0.4589	0.3863	-0.5153	-0.8029	-0.4508	-0.39	49	51	22	1	3	0.006	0.5111	0	0.0426	0
0.0435	0.1029	-0.5215	0.3529	-0.5308	-0.9506	-0.0608	0.3044	50	52	22	1	4	0.0066	0.8	0	0.0435	0
0.0424	0.0862	-0.6196	0.3617	-0.4916	-0.9818	-0.0982	0.1624	51	53	22	1	5	0.0061	0.9259	0	0.0424	0
0.0435	0.073	-0.7022	0.3574	-0.4686	-0.9093	-0.256	0.3281	52	54	22	1	6	0.0063	0.7	0	0.0433	0
0.0445	0.0851	-0.7736	0.3456	-0.4482	-0.8349	-0.4277	0.3464	53	55	22	1	7	0.0063	0.9	0	0.0445	0
0.0474	0.0986	-0.8642	0.3286	-0.3964	-0.4953	-0.8215	0.2825	54	56	22	1	8	0.0066	0.68	0	0.0474	0
0.0498	0.1577	-0.9122	0.2495	-0.3677	-0.7581	0.0644	0.649	55	57	22	1	9	0.0084	0.6061	0	0.05	0
0.0644	0.099	-1.016	0.2141	-0.273	-0.6607	-0.3397	0.6694	56	58	22	1	10	0.0097	0.8036	0	0.0644	0
0.0581	0.1394	-1.0991	0.1891	-0.2082	-0.4344	-0.9006	-0.0134	57	59	22	1	11	0.0083	0.7051	0	0.0581	0
0.0542	0.0997	-1.163	0.0649	-0.2	-0.75	-0.6423	-0.1582	58	60	22	1	12	0.0237	0.6019	0	0.0621	0
0.0506	0.2048	-1.253	0.0075	-0.1976	-0.6834	-0.6472	-0.3377	59	61	22	1	13	0.0092	0.5325	0	0.0517	0
0.0436	0.0711	-1.3879	-0.1431	-0.2711	-0.9497	-0.2107	-0.2317	60	62	22	1	14	0.0056	0.8333	0	0.0436	0
0.0471	0.0995	-1.4516	-0.162	-0.2844	-0.7652	-0.6262	0.1496	61	63	22	1	15	0.0067	0.725	0	0.0471	0
0.0362	0.0788	-1.5201	-0.2471	-0.2878	-0.9652	-0.148	-0.2158	62	64	22	1	16	0.0056	0.75	0	0.0362	1
0.0335	0.0597	-1.6022	-0.2638	-0.2755	-0.4109	-0.8809	-0.2349	63	65	22	1	17	0.0045	0.7083	0	0.0335	1
0.0368	0.078	-1.6239	-0.3168	-0.283	-0.7091	-0.658	0.2535	64	66	22	1	18	0.0049	0.875	0	0.0368	1
0.0411	0.1106	-1.672	-0.3835	-0.2716	-0.8317	-0.5106	0.218	65	67	22	1	19	0.0062	0.75	0	0.0411	1
0.0415	0.0902	-1.7655	-0.4617	-0.2274	-0.9909	-0.047	-0.1259	66	68	22	1	20	0.006	0.6667	0	0.0415	1
0.0459	0.0707	-1.8492	-0.503	-0.2357	-0.8165	-0.0772	0.5722	67	69	22	1	21	0.0062	0.6	0	0.0462	1
0.0474	0.0841	-1.9086	-0.5317	-0.1968	-0.9856	0.0816	-0.1482	68	70	22	1	22	0.0077	0.6136	0	0.048	1
0.0384	0.1288	-1.9724	-0.5506	-0.213	-0.8008	-0.5979	0.0343	69	71	22	1	23	0.0055	0.4444	0	0.0384	1
0.0316	0.1784	-2.0883	-0.5973	-0.2402	-0.9215	-0.3884	-0.0009	70	72	22	1	24	0.0058	0.5417	0	0.0316	1
0.0344	0.0624	-2.2621	-0.6515	-0.2711	-0.8378	-0.5458	-0.0123	71	73	22	1	25	0.0137	0.2179	0	0.0344	1
0.0316	0.0551	-2.3267	-0.6779	-0.2544	-0.8394	-0.1852	-0.511	72	74	22	1	26	0.014	0.3286	0	0.0258	1
0.0316	0.0515	-2.3716	-0.675	-0.2681	-0.9974	0.0283	0.0662	73	75	22	1	27	0.009	0.275	0	0.0249	1
0.0316	0.0659	-2.4148	-0.6834	-0.2418	-0.7679	-0.6406	-0	74	76	22	1	28	0.0034	0.375	0	0.0271	1
0.0316	0.0742	-2.4728	-0.7133	-0.2384	-0.85	-0.5259	0.0295	75	77	22	1	29	0.0054	0.05	0	0.0216	1
0.0316	0.0568	-2.5282	-0.7397	-0.2531	-0.8317	-0.1919	-0.521	76	78	22	1	30	0.0067	0.175	0	0.01	1
0.0385	0.0491	-2.5701	-0.767	-0.2255	-0.9429	-0.3329	-0.0076	77	79	22	1	31	0.0022	0.3056	0	0.0421	1
0.0371	0.0942	-2.6274	-0.7991	-0.2543	-0.7495	-0.4127	0.5177	78	80	22	1	32	0.0032	0.2222	0	0.0416	1
0.0316	0.0597	-2.6876	-0.8443	-0.1858	-0.8811	-0.2927	0.3714	79	81	22	1	33	0.0119	0.2813	0	0.0169	1
0.0316	0.0901	-2.7321	-0.8759	-0.1997	-0.9785	-0.0975	-0.182	80	82	22	1	34	0.0131	0.1919	0	0.0307	1
0.0316	0.1001	-2.7945	-0.922	-0.1953	-0.8277	-0.5609	0.0152	81	83	22	1	35	0.0075	0.1167	0	0.01	1
0.0316	0.0555	-2.8846	-0.9209	-0.2047	-0.9473	-0.1706	-0.2711	82	84	22	1	36	0.0085	0.175	0	0.01	1
0.0316	0.0875	-2.8461	-0.9713	-0.1842	-0.4957	-0.7903	0.3601	83	0	22	1	37	0.0071	0.14	0	0.01	1
0.0532	0.4459	0.0309	0.4272	-0.5134	0.1685	-0.5337	0.8287	15	86	1459	1	1	0.0771	0.3435	1	0.0724	0
0.0531	0.088	0.0655	0.21	-0.1212	-0.2115	-0.8778	0.4299	85	87	1459	1	2	0.0249	0.4706	0	0.0724	0
0.053	0.2521	0.0879	0.131	-0.0969	-0.02	-0.9974	0.0686	86	88	1459	1	3	0.0304	0.6199	0	0.0759	1
0.053	0.1022	0.1367	-0.1088	0.0161	0.0761	-0.9941	0.0778	87	89	1459	1	4	0.0265	0.5798	0	0.0666	1
0.0529	0.1265	0.1327	-0.2315	0.0703	0.5211	-0.8188	-0.2408	88	90	1459	1	5	0.0244	0.7426	0	0.075	1
0.0526	0.1776	0.1608	-0.3508	0.0403	0.371	-0.9013	-0.2238	89	91	1459	1	6	0.0238	0.6578	0	0.0768	1
0.0626	0.0832	0.2347	-0.5158	0.0884	0.0302	-0.9978	-0.0599	90	92	1459	1	7	0.0097	0.7143	0	0.0626	1
0.0572	0.113	0.2311	-0.6024	0.118	0.13	-0.9884	-0.0785	91	93	1459	1	8	0.0201	0.619	0	0.0652	1
0.0532	0.1529	0.2778	-0.6908	0.1097	0.5491	-0.7668	0.3325	92	94	1459	1	9	0.0219	0.75	0	0.0659	1
0.0613	0.0962	0.3327	-0.8493	0.1741	0.8311	-0.5232	0.1886	93	95	1459	1	10	0.009	0.7885	0	0.0613	1
0.0515	0.1285	0.4053	-0.9294	0.2266	0.9826	-0.1767	0.0578	94	96	1459	1	11	0.0192	0.4439	0	0.058	1
0.0496	0.0939	0.5139	-0.9708	0.2159	-0.1268	-0.627	0.7686	95	97	1459	1	12	0.0083	0.6591	0	0.0498	1
0.0484	0.1263	0.5013	-1.0427	0.2958	0.9931	0.0173	0.1162	96	98	1459	1	13	0.0085	0.6182	0	0.0489	1
0.0511	0.0846	0.6034	-1.1037	0.3133	0.8261	-0.2843	0.4866	97	99	1459	1	14	0.0074	0.7576	0	0.0511	1
0.0435	0.0863	0.672	-1.1306	0.3705	0.9397	-0.3417	0.0137	98	100	1459	1	15	0.0067	0.675	0	0.0435	1
0.0497	0.1421	0.7576	-1.1861	0.3598	0.6395	-0.2248	0.7351	99	101	1459	1	16	0.008	0.5758	0	0.0513	1
0.0448	0.0895	0.8432	-1.2421	0.4285	-0.0071	-0.829	0.5592	100	102	1459	1	17	0.0061	0.8	0	0.0448	1
0.0502	0.0928	0.8607	-1.308	0.4569	0.2818	-0.9506	-0.1305	101	103	1459	1	18	0.0096	0.5417	0	0.0534	1
0.0476	0.1248	0.9137	-1.3819	0.4766	0.1928	-0.9448	0.265	102	104	1459	1	19	0.0079	0.5152	0	0.0508	1
0.0366	0.0594	0.9806	-1.5119	0.5171	-0.3137	-0.7582	0.5716	103	105	1459	1	20	0.0053	0.6875	0	0.0366	1
0.0386	0.0744	0.9878	-1.5558	0.5458	0.1605	-0.7527	0.6385	104	106	1459	1	21	0.0066	0.7407	0	0.0386	1
0.0331	0.089	0.9971	-1.6166	0.586	0.6046	-0.7504	0.2669	105	107	1459	1	22	0.0049	0.5833	0	0.0331	1
0.0347	0.0461	1.0541	-1.6771	0.6106	0.7743	-0.4489	0.4459	106	108	1459	1	23	0.0023	0.4167	0	0.0349	1
0.0331	0.0627	1.0907	-1.6991	0.6272	0.5088	-0.773	0.3789	107	109	1459	1	24	0.003	0.375	0	0.0305	1
0.0331	0.1202	1.0954	-1.7775	0.6437	0.6447	-0.6741	0.3604	108	110	1459	1	25	0.0089	0.1364	0	0.0173	1
0.0331	0.1071	1.1872	-1.8263	0.7063	0.5125	-0.5972	0.6169	109	111	1459	1	26	0.0088	0.2424	0	0.0246	1
0.0331	0.0801	1.2579	-1.8785	0.7592	0.7429	-0.4286	0.5143	110	112	1459	1	27	0.0064	0.1455	0	0.01	1
0.0331	0.1247	1.3013	-1.9276	0.7697	-0.7646	0.6376	0.0938	111	0	1459	1	28	0.0085	0.1273	0	0.0206	1
0.0107	0.2002	1.0936	0.4381	-0.3034	-0.598	0.8015	-0.0034	25	114	313	2	1	0.0105	0.0545	0	0.0373	0
0.0102	0.1308	0.9818	0.6081	-0.2933	-0.4933	0.7971	-0.3484	113	115	313	2	2	0.01	0.05	0	0.01	0
0.01	0.0407	0.904	0.7234	-0.3385	0.6329	0.7553	0.1702	114	0	313	2	3	0.01	0.05	0	0.01	0
0.0213	0.1713	1.3219	0.4166	-0.2482	0.9209	-0.0831	0.3809	27	117	318	2	1	0.0065	0.375	0	0.0225	0
0.0146	0.0547	1.4838	0.3968	-0.1899	0.8343	-0.0536	0.5486	116	118	318	2	2	0.01	0.05	0	0.01	0
0.01	0.0206	1.5421	0.397	-0.167	0.5197	-0.1963	0.8315	117	0	318	2	3	0.01	0.05	0	0.01	0
0.0258	0.1129	1.2384	0.5995	-0.2563	-0.7536	0.6469	-0.1169	26	0	319	2	1	0.0057	0.3333	0	0.0258	0
0.0321	0.1287	1.4635	0.6117	-0.1075	-0.3532	0.6743	-0.6485	30	121	323	2	1	0.009	0.4375	1	0.0335	0
0.0312	0.1006	1.418	0.6985	-0.191	-0.2776	0.6637	0.6946	120	122	323	2	2	0.009	0.4375	0	0.0335	0
0.0237	0.1077	1.3994	0.7509	-0.1311	0.8825	0.3879	0.266	121	123	323	2	3	0.0025	0.4167	0	0.0228	0
0.0228	0.1108	1.4963	0.7946	-0.1075	0.6871	0.5639	0.4581	122	0	323	2	4	0.0037	0.1143	0	0.01	0
0.0356	0.121	1.4357	0.472	-0.1352	0.3648	-0.5651	0.74	29	125	324	2	1	0.0061	0.5833	0	0.0356	0
0.038	0.1747	1.4861	0.3962	-0.0585	0.9202	0.2181	0.3251	124	126	324	2	2	0.0059	0.4375	0	0.038	0
0.0356	0.018	1.6488	0.4309	-0.0132	0.9688	-0.1415	0.2033	125	127	324	2	3	0.0074	0.1071	0	0.01	0
0.0356	0.0351	1.7012	0.4524	-0.0008	0.2539	-0.6347	0.7299	126	128	324	2	4	0.0026	0.0833	0	0.01	0
0.0356	0.0394	1.6903	0.4049	0.0143	-0.695	0.2695	0.6666	127	0	324	2	5	0.0238	0.0833	0	0.01	0
0.0367	0.1106	1.5404	0.579	-0.0293	0.351	-0.8586	0.3737	30	130	337	2	1	0.0061	0.275	1	0.0367	0
0.0367	0.1368	1.5792	0.484	0.0121	-0.6808	-0.5886	0.4361	129	131	337	2	2	0.0061	0.275	0	0.0367	0
0.0296	0.1234	1.4934	0.4053	0.0563	-0.5266	-0.7773	-0.3442	130	132	337	2	3	0.0089	0.1636	0	0.033	0
0.0123	0.0828	1.4547	0.3242	-0.0114	-0.5118	-0.3922	-0.7644	131	133	337	2	4	0.01	0.05	0	0.01	0
0.0076	0.0427	1.443	0.3208	0.0145	-0.8111	-0.4136	0.4136	132	0	337	2	5	0.01	0.05	0	0.01	0
0.0311	0.2483	1.7444	0.7662	0.1577	-0.1469	-0.9888	-0.027	34	135	340	2	1	0.0074	0.325	1	0.0311	0
0.0311	0.1294	1.708	0.5207	0.151	-0.8389	-0.5436	-0.0281	134	136	340	2	2	0.0074	0.325	0	0.0311	0
0.0227	0.0884	1.6114	0.4544	0.1402	0.5607	-0.2911	0.7752	135	137	340	2	3	0.0029	0.3333	0	0.0227	0
0.024	0.1066	1.646	0.4343	0.2014	-0.461	-0.8395	0.2875	136	138	340	2	4	0.0031	0.3333	0	0.0285	0
0.01	0.0084	1.5899	0.3547	0.216	-0.4997	-0.8168	-0.2883	137	139	340	2	5	0.01	0.05	0	0.01	0
0.0066	0.021	1.5872	0.3418	0.2221	-0.5997	0.5997	0.5299	138	0	340	2	6	0.01	0.05	0	0.01	0
0.0299	0.0758	1.6652	0.7397	0.1364	-0.1155	-0.2912	0.9497	33	141	345	2	1	0.0046	0.2917	1	0.0299	0
0.0299	0.173	1.6564	0.7177	0.2083	0.7523	-0.6402	-0.1554	140	142	345	2	2	0.0046	0.2917	0	0.0299	0
0.0263	0.0803	1.7825	0.5986	0.1796	-0.1135	-0.1667	0.9794	141	143	345	2	3	0.0035	0.2917	0	0.0289	0
0.0123	0.0809	1.7732	0.5747	0.27	0.7657	0.4743	0.4345	142	144	345	2	4	0.01	0.05	0	0.01	0
0.0072	0.054	1.8506	0.616	0.3122	0.3841	-0.7606	-0.5234	143	0	345	2	5	0.01	0.05	0	0.01	0
0.0334	0.3075	1.6727	0.6676	0.0537	0.6771	0.6816	-0.2773	32	146	348	2	1	0.0058	0.35	0	0.0366	0
0.0254	0.0932	1.8663	0.8978	-0.0034	0.9133	0.3381	0.2273	145	147	348	2	2	0.0039	0.2188	0	0.0295	0
0.0163	0.0252	1.945	0.9348	0.0228	0.7583	0.4067	0.5095	146	148	348	2	3	0.01	0.05	0	0.01	0
0.01	0.1147	1.9705	0.9435	0.0508	0.7416	0.6235	-0.2477	147	0	348	2	4	0.01	0.05	0	0.01	0
0.017	0.0605	1.9244	0.9405	0.4793	0.876	0.3315	0.3504	37	150	750	2	1	0.0029	0.3333	1	0.0175	0
0.0159	0.0806	1.9774	0.9606	0.5005	0.079	0.8156	0.5732	149	151	750	2	2	0.0029	0.3333	0	0.0175	0
0.012	0.0686	1.9878	1.0249	0.5461	0.2434	0.3631	0.8994	150	152	750	2	3	0.01	0.05	0	0.01	0
0.01	0.0997	2.0045	1.0498	0.6078	0.6438	0.2157	0.7341	151	0	750	2	4	0.01	0.05	0	0.01	0
0.0094	0.3408	1.8128	0.8607	0.2982	-0.0258	0.3675	0.9297	36	0	945	2	1	0.0059	0.2813	0	0.0235	0
0.0025	0.2018	1.8878	0.8796	0.6777	-0.4963	-0.7898	-0.3603	41	155	947	2	1	0.0156	0.0636	1	0.1071	0
0.0025	0.2261	1.761	0.6952	0.6276	-0.2676	0.788	0.5544	154	156	947	2	2	0.0747	0.08	0	0.1071	0
0.003	0.1462	1.6542	0.8111	0.7355	-0.0736	-0.2178	0.9732	155	0	947	2	3	0.015	0.06	0	0.01	0
0.0237	0.2931	1.8923	0.8681	0.6622	-0.8885	-0.2543	-0.3819	40	158	948	2	1	0.0122	0.0533	0	0.0457	0
0.0226	0.1317	1.6462	0.7883	0.5457	-0.4351	-0.756	-0.489	157	159	948	2	2	0.0108	0.1429	0	0.0499	0
0.0205	0.2562	1.6096	0.6724	0.4695	-0.6739	-0.4088	-0.6154	158	160	948	2	3	0.0194	0.0923	0	0.0457	0
0.0123	0.1678	1.4507	0.5434	0.3225	-0.7103	-0.5789	-0.4005	159	161	948	2	4	0.01	0.05	0	0.01	0
0.0162	0.0547	1.4096	0.5493	0.3657	-0.8275	0.0251	0.561	160	162	948	2	5	0.0081	0.1571	0	0.0388	0
0.01	0.0896	1.3684	0.5566	0.3831	-0.7056	0.7024	0.0934	161	163	948	2	6	0.01	0.05	0	0.01	0
0.006	0.1148	1.3052	0.6195	0.3915	-0.3213	0.869	0.3764	162	0	948	2	7	0.01	0.05	0	0.01	0
0.0456	0.2238	-1.1703	0.1137	-0.1606	-0.6144	-0.1168	0.7803	58	165	371	2	1	0.0066	0.825	1	0.0456	0
0.0456	0.0925	-1.3078	0.0875	0.014	-0.7732	-0.0486	0.6323	164	166	371	2	2	0.0066	0.825	0	0.0456	0
0.0375	0.0727	-1.3794	0.0929	0.0857	-0.9385	-0.2803	0.2015	165	167	371	2	3	0.0047	0.8333	0	0.0375	0
0.0386	0.0687	-1.445	0.0678	0.1083	-0.9235	0.0921	0.3724	166	168	371	2	4	0.0055	0.7778	0	0.0386	0
0.042	0.0633	-1.5069	0.077	0.1411	-0.9135	-0.2699	0.3043	167	169	371	2	5	0.0059	0.8519	0	0.042	0
0.0434	0.0719	-1.5648	0.0628	0.1629	-0.8844	-0.3126	0.3467	168	170	371	2	6	0.0057	0.8333	0	0.0434	0
0.0441	0.0952	-1.6302	0.0335	0.1868	-0.5848	0.0466	0.8098	169	171	371	2	7	0.0059	0.75	0	0.0441	0
0.0465	0.0769	-1.7199	0.0232	0.2553	-0.3547	0.2974	0.8864	170	172	371	2	8	0.0069	0.6	0	0.0472	0
0.0438	0.1436	-1.7549	0.0239	0.3349	-0.4437	0.5273	0.7246	171	173	371	2	9	0.0069	0.5167	0	0.0445	0
0.0466	0.1102	-1.8129	0.1052	0.4468	-0.8399	0.0983	0.5337	172	174	371	2	10	0.0068	0.65	0	0.047	0
0.0379	0.1993	-1.9023	0.0909	0.4904	-0.488	-0.4975	0.7172	173	175	371	2	11	0.0054	0.5893	0	0.0379	0
0.0375	0.0692	-2.0039	-0.0027	0.6248	-0.9118	-0.326	0.2496	174	176	371	2	12	0.0036	0.5833	0	0.0375	0
0.03	0.0913	-2.0492	-0.0297	0.6535	-0.5413	-0.5633	0.6243	175	177	371	2	13	0.0038	0.5833	0	0.03	0
0.0281	0.0882	-2.0921	-0.0671	0.7281	-0.8928	-0.1264	0.4324	176	178	371	2	14	0.0099	0.32	0	0.0207	0
0.0274	0.1176	-2.1707	-0.0763	0.7669	-0.9978	0.062	0.0235	177	179	371	2	15	0.0075	0.3	0	0.0216	0
0.0266	0.0536	-2.2515	-0.0807	0.7771	-0.1091	0.2653	0.958	178	180	371	2	16	0.0151	0.28	0	0.0266	0
0.027	0.0903	-2.2622	-0.0485	0.8341	0.7168	-0.0241	0.6969	179	181	371	2	17	0.0114	0.2099	0	0.027	0
0.0246	0.0595	-2.2863	-0.0534	0.8941	-0.0375	0.1688	0.9849	180	182	371	2	18	0.0048	0.15	0	0.01	0
0.0254	0.0668	-2.2423	-0.0646	0.8793	0.7708	-0.2872	0.5687	181	183	371	2	19	0.0027	0.2813	0	0.0254	0
0.0323	0.0801	-2.188	-0.0946	0.9451	0.6913	0.6947	0.199	182	184	371	2	20	0.0035	0.3333	0	0.0342	0
0.0279	0.1161	-2.1381	-0.0382	0.9674	0.4551	0.8429	0.287	183	185	371	2	21	0.0034	0.2188	0	0.0279	0
0.0257	0.0809	-2.1486	0.0522	0.9727	-0.0762	0.9929	-0.0912	184	186	371	2	22	0.0208	0.2099	0	0.0257	0
0.0207	0.0834	-2.0979	0.1521	0.9868	-0.1614	0.9036	-0.3969	185	187	371	2	23	0.01	0.05	0	0.01	0
0.0207	0.0301	-2.1109	0.1315	0.905	0.5397	0.3825	-0.7499	186	188	371	2	24	0.0052	0.125	0	0.01	0
0.023	0.1616	-2.1287	0.1476	0.888	0.1286	-0.2177	0.9675	187	189	371	2	25	0.003	0.2917	0	0.023	0
0.0207	0.1163	-2.1093	0.1093	1.0433	-0.6399	0.0356	0.7676	188	190	371	2	26	0.0017	0.2188	0	0.016	0
0.0207	0.0882	-2.1458	0.1341	1.1371	-0.3114	0.3801	0.871	189	191	371	2	27	0.0043	0.14	0	0.01	0
0.0207	0.0936	-2.2135	0.1051	1.1549	-0.6721	-0.2315	0.7033	190	192	371	2	28	0.0049	0.12	0	0.01	0
0.0207	0.0468	-2.2322	0.0535	1.1876	-0.4027	-0.8787	0.2563	191	0	371	2	29	0.0033	0.1	0	0.01	0
0.01	0.1349	-1.2922	-0.095	-0.2144	0.6091	-0.7111	0.3512	60	194	375	2	1	0.01	0.05	1	0.01	0
0.01	0.1352	-1.21	-0.1909	-0.167	0.7802	-0.3175	-0.5389	193	195	375	2	2	0.01	0.05	0	0.01	0
0.01	0.0457	-1.1045	-0.2338	-0.2399	0.4869	-0.5159	-0.7048	194	0	375	2	3	0.01	0.05	0	0.01	0
0.0301	0.1709	-1.3835	-0.1687	-0.3074	0.5923	-0.7594	0.2694	61	197	384	2	1	0.0054	0.3333	0	0.0301	0
0.0312	0.1194	-1.2916	-0.3027	-0.2542	0.3758	-0.9252	-0.0527	196	198	384	2	2	0.0041	0.2188	0	0.0312	0
0.0308	0.124	-1.2718	-0.3894	-0.2552	-0.4129	-0.5882	0.6953	197	199	384	2	3	0.0096	0.1667	0	0.0411	0
0.0133	0.0746	-1.2936	-0.4494	-0.1618	-0.2051	-0.0776	0.9757	198	200	384	2	4	0.01	0.05	0	0.01	0
0.0091	0.0889	-1.2827	-0.4253	-0.1712	-0.2663	-0.8754	-0.4034	199	0	384	2	5	0.01	0.05	0	0.01	0
0.01	0.1807	-1.5636	-0.2865	-0.2819	0.6104	-0.6297	0.4805	63	202	388	2	1	0.01	0.05	1	0.01	1
0.01	0.0613	-1.4534	-0.4002	-0.1951	0.7508	-0.6517	0.1077	201	203	388	2	2	0.01	0.05	0	0.01	1
0.01	0.06	-1.4073	-0.4402	-0.1885	0.8763	-0.1682	0.4514	202	0	388	2	3	0.01	0.05	0	0.01	1
0.01	0.1711	-1.4438	-0.1977	-0.2474	0.1481	-0.6872	0.7112	62	205	391	2	1	0.01	0.05	1	0.01	0
0.01	0.1211	-1.4185	-0.3153	-0.1258	-0.5971	-0.5396	0.5935	204	0	391	2	2	0.01	0.05	0	0.01	0
0.0204	0.2678	-1.5035	-0.2809	-0.2811	-0.0473	-0.9258	0.375	63	207	393	2	1	0.0034	0.375	0	0.0226	1
0.0057	0.172	-1.5356	-0.5216	-0.2125	-0.1445	-0.9802	-0.1353	206	208	393	2	2	0.0045	0.1167	0	0.0451	1
0.006	0.0572	-1.539	-0.6987	-0.224	-0.4041	-0.9114	0.0774	207	0	393	2	3	0.01	0.05	0	0.01	1
0.0188	0.1916	-1.594	-0.2463	-0.2689	-0.9689	0.0107	0.2473	63	210	395	2	1	0.0025	0.3333	1	0.0188	1
0.0188	0.0744	-1.7796	-0.2442	-0.2215	-0.2667	-0.9636	-0.0171	209	211	395	2	2	0.0025	0.3333	0	0.0188	1
0.0177	0.0786	-1.8017	-0.3099	-0.222	-0.8584	-0.3738	0.3513	210	212	395	2	3	0.0027	0.3333	0	0.0177	1
0.0207	0.1185	-1.8647	-0.3533	-0.179	-0.9629	-0.2674	0.0364	211	213	395	2	4	0.0023	0.25	0	0.0211	1
0.0198	0.1065	-1.9785	-0.389	-0.1778	-0.9392	-0.2521	0.2333	212	214	395	2	5	0.002	0.2188	0	0.0205	1
0.0188	0.12	-2.0802	-0.4114	-0.151	-0.9432	-0.3295	-0.0425	213	215	395	2	6	0.0083	0.275	0	0.0201	1
0.0152	0.163	-2.1917	-0.4539	-0.1609	-0.8924	-0.4486	-0.05	214	216	395	2	7	0.0093	0.1641	0	0.0191	1
0.0098	0.1152	-2.3271	-0.5385	-0.1814	-0.8236	-0.5446	-0.1587	215	217	395	2	8	0.01	0.05	0	0.01	1
0.0075	0.0951	-2.4369	-0.5564	-0.177	-0.9529	-0.3018	-0.0296	216	218	395	2	9	0.01	0.05	0	0.01	1
0.0053	0.1005	-2.5273	-0.5827	-0.1644	-0.9555	-0.2892	0.0575	217	0	395	2	10	0.01	0.05	0	0.01	1
0.0365	0.2757	-1.9184	-0.5491	-0.1558	0.9204	-0.0212	-0.3904	68	220	406	2	1	0.0031	0.3333	0	0.0365	1
0.0353	0.1141	-1.7051	-0.5702	-0.2677	0.0501	-0.3891	0.9198	219	221	406	2	2	0.0028	0.2	0	0.042	1
0.0182	0.0868	-1.6553	-0.6147	-0.1847	0.2697	-0.7928	0.5465	220	222	406	2	3	0.01	0.05	0	0.01	1
0.0121	0.0813	-1.6599	-0.5883	-0.1311	0.073	-0.0424	0.9964	221	223	406	2	4	0.01	0.05	0	0.01	1
0.0075	0.0371	-1.6516	-0.5693	-0.1289	0.3972	0.8794	0.2624	222	0	406	2	5	0.01	0.05	0	0.01	1
0.028	0.1121	-1.8334	-0.5456	-0.2276	0.3471	-0.9222	0.1705	68	225	408	2	1	0.0072	0.375	1	0.0291	1
0.0254	0.1092	-1.7945	-0.649	-0.2085	-0.1342	-0.6746	-0.7259	224	226	408	2	2	0.0072	0.375	0	0.0291	1
0.018	0.0766	-1.8395	-0.7137	-0.281	-0.2067	-0.9313	0.2999	225	227	408	2	3	0.0033	0.25	0	0.0226	1
0.01	0.0363	-1.8654	-0.7772	-0.2731	0.2228	-0.797	-0.5613	226	0	408	2	4	0.01	0.05	0	0.01	1
0.0208	0.1593	-1.8511	-0.5019	-0.2178	-0.1182	-0.8716	0.4758	67	229	409	2	1	0.0025	0.4167	1	0.0208	1
0.0208	0.0816	-1.8699	-0.6407	-0.142	0.3265	0.606	0.7254	228	230	409	2	2	0.0025	0.4167	0	0.0208	1
0.0208	0.0205	-1.848	-0.588	-0.0848	-0.5289	-0.2838	0.7998	229	0	409	2	3	0.0092	0.2	0	0.01	1
0.029	0.1119	-1.9658	-0.5937	-0.2139	0.0326	-0.9993	-0.0162	70	232	415	2	1	0.0034	0.5417	1	0.029	1
0.029	0.0654	-1.9622	-0.7054	-0.2157	-0.3527	-0.7827	-0.5129	231	233	415	2	2	0.0034	0.5417	0	0.029	1
0.029	0.0601	-1.9778	-0.7779	-0.2488	-0.9223	-0.3285	-0.2037	232	0	415	2	3	0.0104	0.325	0	0.0462	1
0.0238	0.1473	-1.892	-0.5531	-0.203	-0.0115	-0.9978	0.0647	68	235	416	2	1	0.006	0.375	1	0.0237	1
0.0237	0.0932	-1.8937	-0.7002	-0.1935	0.807	0.329	0.4904	234	236	416	2	2	0.006	0.375	0	0.0237	1
0.0239	0.0654	-1.8237	-0.665	-0.1493	0.5369	0.7494	0.3873	235	0	416	2	3	0.003	0.3333	0	0.0241	1
0.03	0.086	-2.1897	-0.6372	-0.2125	0.2258	-0.9262	-0.3018	71	238	418	2	1	0.007	0.22	0	0.0355	1
0.0293	0.0639	-2.224	-0.7516	-0.1967	-0.3019	-0.506	-0.808	237	239	418	2	2	0.0193	0.275	0	0.0639	1
0.0189	0.0447	-2.2315	-0.7552	-0.2452	-0.9147	0.352	0.1987	238	240	418	2	3	0.0061	0.15	0	0.01	1
0.0214	0.0869	-2.2848	-0.7544	-0.2013	0.2149	-0.9239	-0.3166	239	241	418	2	4	0.0056	0.1667	0	0.033	1
0.008	0.0359	-2.2794	-0.8423	-0.2083	0.2725	-0.9458	-0.1763	240	0	418	2	5	0.01	0.05	0	0.01	1
0.0365	0.3126	-2.003	-0.6	-0.2431	-0.16	0.0153	0.987	70	243	1462	2	1	0.0191	0.2281	0	0.048	1
0.0352	0.1016	-2.068	-0.6494	0.0542	-0.9185	0.1813	0.3514	242	244	1462	2	2	0.0054	0.4688	0	0.0352	1
0.0326	0.0985	-2.1403	-0.6421	0.1052	-0.5691	0.0551	0.8204	243	245	1462	2	3	0.0049	0.4167	0	0.0326	1
0.0326	0.1656	-2.2288	-0.6707	0.1653	-0.1353	-0.4184	0.8981	244	246	1462	2	4	0.0049	0.3125	0	0.0301	1
0.0359	0.125	-2.2539	-0.7196	0.3119	-0.2811	0.0666	0.9574	245	247	1462	2	5	0.0038	0.3333	0	0.0404	1
0.0349	0.1498	-2.3184	-0.7693	0.4408	-0.3424	0.3147	0.8853	246	248	1462	2	6	0.0031	0.1299	0	0.2075	1
0.0326	0.1506	-2.3304	-0.6859	0.5796	-0.264	0.1234	0.9566	247	249	1462	2	7	0.0079	0.049	0	0.0169	1
0.0326	0.083	-2.3202	-0.6664	0.7253	-0.0368	0.1855	0.982	248	250	1462	2	8	0.0035	0.1091	0	0.01	1
0.0326	0.0989	-2.4124	-0.6847	0.6989	-0.7844	0.1369	0.6049	249	0	1462	2	9	0.0062	0.1455	0	0.01	1
0.01	0.0561	-2.1296	-0.6404	-0.2193	0.4194	-0.6278	0.6557	71	252	799	2	1	0.01	0.05	1	0.01	1
0.01	0.0781	-2.1061	-0.6756	-0.1825	0.2512	-0.1529	0.9558	251	253	799	2	2	0.01	0.05	0	0.01	1
0.01	0.101	-2.0865	-0.6875	-0.1079	-0.6796	-0.6994	0.221	252	254	799	2	3	0.01	0.05	0	0.01	1
0.01	0.0452	-2.1552	-0.7582	-0.0855	0.1554	-0.9664	0.2047	253	0	799	2	4	0.01	0.05	0	0.01	1
0.03	0.0796	-2.4308	-0.6642	-0.2225	0.0252	-0.9706	-0.2395	75	256	800	2	1	0.0068	0.1167	0	0.0357	1
0.0252	0.1577	-2.4032	-0.7703	-0.2183	-0.7443	-0.6678	-0.0103	255	257	800	2	2	0.0039	0.3438	0	0.0284	1
0.03	0.0887	-2.5395	-0.8418	-0.197	-0.8924	-0.4439	-0.0806	256	258	800	2	3	0.0118	0.2	0	0.0598	1
0.01	0.0219	-2.5912	-0.8969	-0.1971	-0.4852	-0.5404	0.6874	257	0	800	2	4	0.01	0.05	0	0.01	1
0.0144	0.0782	-2.3524	-0.7118	-0.2765	0.0611	-0.7225	0.6887	73	260	986	2	1	0.0117	0.35	0	0.0269	1
0.0087	0.0301	-2.3491	-0.7661	-0.2297	0.3927	-0.8494	-0.3527	259	261	986	2	2	0.01	0.05	0	0.01	1
0.0057	0.0884	-2.3323	-0.7965	-0.243	-0.599	-0.7557	0.265	260	0	986	2	3	0.0117	0.0857	0	0.0226	1
0.0352	0.0546	-2.6158	-0.8258	-0.2257	0.5245	0.1327	0.841	79	263	1179	2	1	0.0083	0.3889	0	0.0383	1
0.0352	0.1932	-2.5872	-0.7909	-0.1603	0.6468	-0.4397	0.6232	262	264	1179	2	2	0.0096	0.0556	0	0.0564	1
0.0164	0.1077	-2.4709	-0.811	-0.0563	0.8983	0.2168	0.3821	263	265	1179	2	3	0.0031	0.1	0	0.01	1
0.01	0.0199	-2.4488	-0.854	-0.081	0.685	-0.7272	-0.0444	264	0	1179	2	4	0.01	0.05	0	0.01	1
0.0395	0.1129	-0.006	0.4282	-0.4596	-0.8154	0.4048	0.4139	85	267	29	2	1	0.0039	0.3611	1	0.0395	0
0.0395	0.1	-0.0981	0.4739	-0.4128	-0.9799	0.0204	0.1982	266	268	29	2	2	0.0039	0.3611	0	0.0395	0
0.0305	0.15	-0.2041	0.4951	-0.3902	0.2614	-0.0334	0.9647	267	269	29	2	3	0.0044	0.275	0	0.032	0
0.012	0.0145	-0.1689	0.4876	-0.2449	-0.2689	0.6038	0.7504	268	270	29	2	4	0.01	0.05	0	0.01	0
0.0072	0.0317	-0.1639	0.4931	-0.2269	-0.625	-0.5705	0.5328	269	0	29	2	5	0.01	0.05	0	0.01	0
0.01	0.3385	0.1081	0.3578	-0.3686	0.6227	0.6438	-0.4447	85	272	32	2	1	0.01	0.05	1	0.01	0
0.01	0.0761	0.3188	0.5758	-0.5191	0.6565	0.4256	-0.6228	271	273	32	2	2	0.01	0.05	0	0.01	0
0.01	0.049	0.3618	0.6095	-0.5649	0.277	0.4466	0.8508	272	0	32	2	3	0.01	0.05	0	0.01	0
0.0365	0.4817	0.1744	-0.0188	-0.0194	0.3635	0.8664	-0.3422	88	275	56	2	1	0.0111	0.3	1	0.0365	1
0.0332	0.1458	0.3496	0.3986	-0.1843	-0.0129	0.6852	-0.7282	274	276	56	2	2	0.0111	0.3	0	0.0365	1
0.0175	0.0082	0.3729	0.4779	-0.2887	0.1763	0.1371	-0.9747	275	277	56	2	3	0.0077	0.1333	0	0.01	1
0.0117	0.098	0.378	0.483	-0.2964	-0.1482	0.2088	-0.9667	276	278	56	2	4	0.01	0.05	0	0.01	1
0.0075	0.0926	0.3635	0.5035	-0.3912	-0.406	-0.0392	-0.913	277	0	56	2	5	0.01	0.05	0	0.01	1
0.0293	0.4374	0.0425	0.4769	-0.4955	0.2145	0.919	0.3307	85	280	59	2	1	0.0062	0.4688	1	0.0293	0
0.0293	0.116	0.1363	0.8788	-0.3509	0.8158	-0.0625	0.575	279	281	59	2	2	0.0062	0.4688	0	0.0293	0
0.0293	0.0647	0.2576	0.8785	-0.276	0.1182	-0.913	0.3905	280	282	59	2	3	0.0087	0.1333	0	0.01	0
0.0293	0.0511	0.2625	0.8086	-0.2549	0.7365	-0.3942	0.5498	281	0	59	2	4	0.0184	0.1	0	0.01	0
0.0282	0.4883	0.0625	0.3413	-0.2833	-0.1909	0.8711	0.4525	85	284	72	2	1	0.0036	0.25	1	0.0282	0
0.0282	0.1131	-0.0307	0.7666	-0.0623	0.0744	-0.8937	-0.4424	283	0	72	2	2	0.0036	0.25	0	0.0282	0
0.0343	0.3375	0.1159	0.2781	-0.1953	0.2729	0.9496	0.1543	85	286	74	2	1	0.0068	0.3438	0	0.03	0
0.0419	0.1285	0.1868	0.6199	-0.1375	0.3734	0.1205	0.9198	285	287	74	2	2	0.0048	0.3611	0	0.0419	0
0.0297	0.0266	0.2462	0.6432	-0.0216	-0.392	0.7353	0.5529	286	288	74	2	3	0.0165	0.3	0	0.028	0
0.0382	0.1564	0.179	0.6883	0.0659	-0.1954	0.8674	-0.4575	287	289	74	2	4	0.0386	0.0865	0	0.0844	0
0.0386	0.0684	0.1672	0.8123	0.042	-0.8508	-0.4787	0.2168	288	290	74	2	5	0.0078	0.1731	0	0.0557	0
0.0337	0.0778	0.0747	0.7969	0.0674	0.094	0.6461	-0.7575	289	291	74	2	6	0.0109	0.2727	0	0.0826	0
0.017	0.0999	0.0907	0.8438	0.0146	0.5022	0.8243	-0.2613	290	292	74	2	7	0.01	0.05	0	0.01	0
0.01	0.1789	0.1408	0.9262	-0.0115	-0.9261	0.3622	-0.1057	291	0	74	2	8	0.01	0.05	0	0.01	0
0.0469	0.7615	0.0734	0.3723	-0.3323	0.1569	0.9512	0.2657	85	294	80	2	1	0.0076	0.56	1	0.0474	0
0.0466	0.1351	0.1928	1.0967	-0.1299	-0.1522	0.94	0.3053	293	295	80	2	2	0.0076	0.56	0	0.0474	0
0.0381	0.0503	0.2079	1.2377	-0.0871	-0.3659	0.9295	0.047	294	296	80	2	3	0.0052	0.5833	0	0.0381	0
0.0434	0.0987	0.1886	1.2829	-0.0793	0.3397	0.8903	0.3033	295	297	80	2	4	0.0071	0.575	0	0.0437	0
0.0381	0.0876	0.2354	1.3639	-0.0461	0.0239	0.4683	0.8833	296	298	80	2	5	0.0059	0.5938	0	0.0381	0
0.0356	0.0817	0.2492	1.4229	0.0128	0.261	0.6043	0.7528	297	299	80	2	6	0.0052	0.75	0	0.0356	0
0.0326	0.0666	0.2759	1.4748	0.0707	0.4399	0.2921	0.8492	298	300	80	2	7	0.0046	0.6667	0	0.0326	0
0.0354	0.08	0.3439	1.5078	0.1197	-0.0065	0.5032	0.8641	299	301	80	2	8	0.0053	0.5625	0	0.0354	0
0.0301	0.1303	0.3538	1.567	0.1702	0.4382	0.496	0.7497	300	302	80	2	9	0.0058	0.55	0	0.0301	0
0.0362	0.0778	0.3968	1.6478	0.2677	0.4879	0.4345	0.757	301	303	80	2	10	0.0055	0.5833	0	0.0362	0
0.0357	0.0786	0.4453	1.6853	0.3185	0.1399	0.8228	0.5508	302	304	80	2	11	0.006	0.5833	0	0.0357	0
0.0354	0.0793	0.485	1.7626	0.3592	-0.0523	0.3126	0.9485	303	305	80	2	12	0.0057	0.625	0	0.0354	0
0.0361	0.0842	0.483	1.7786	0.4415	0.8827	0.4056	0.2374	304	306	80	2	13	0.0057	0.5313	0	0.0363	0
0.0392	0.0858	0.5471	1.8274	0.466	0.6209	0.1993	0.7581	305	307	80	2	14	0.0066	0.5278	0	0.0408	0
0.0354	0.106	0.6024	1.8748	0.5114	-0.0604	0.5445	0.8366	306	308	80	2	15	0.0055	0.5313	0	0.036	0
0.0369	0.0459	0.5915	1.9274	0.6164	0.3019	0.8808	0.3647	307	309	80	2	16	0.0088	0.25	0	0.042	0
0.0288	0.0578	0.6137	1.9816	0.6463	0.5106	-0.7359	0.4448	308	310	80	2	17	0.0052	0.2917	0	0.0288	0
0.0232	0.0452	0.6307	1.935	0.6773	0.2392	0.4083	0.8809	309	311	80	2	18	0.0026	0.2917	0	0.0214	0
0.0249	0.1528	0.6186	1.967	0.7132	0.1036	0.4406	0.8917	310	312	80	2	19	0.0022	0.25	0	0.0249	0
0.0215	0.0764	0.6421	2.0323	0.8472	0.3449	0.3809	0.8579	311	313	80	2	20	0.0023	0.375	0	0.0215	0
0.0195	0.1383	0.6794	2.0694	0.9011	0.3482	0.5909	0.7278	312	314	80	2	21	0.0076	0.2386	0	0.0173	0
0.0194	0.0683	0.7407	2.1517	0.9681	0.4548	0.8697	0.1915	313	315	80	2	22	0.0028	0.15	0	0.01	0
0.0194	0.0797	0.7106	2.1599	0.9842	0.2396	-0.2321	0.9427	314	316	80	2	23	0.0021	0.4167	0	0.0194	0
0.0194	0.0228	0.7002	2.1444	1.0637	0.1358	-0.1103	0.9846	315	317	80	2	24	0.0048	0.15	0	0.01	0
0.0194	0.0789	0.7041	2.1385	1.0922	0.239	0.8593	0.4522	316	318	80	2	25	0.0054	0.0833	0	0.01	0
0.0194	0.073	0.7476	2.2029	1.127	0.043	0.0402	0.9983	317	0	80	2	26	0.004	0.12	0	0.01	0
0.0461	0.3002	0.0478	0.1044	-0.0597	-0.4497	0.817	0.361	87	320	88	2	1	0.0097	0.0588	1	0.1613	1
0.0453	0.2175	-0.1581	0.3885	-0.0346	-0.025	0.8976	0.4401	319	321	88	2	2	0.0434	0.097	0	0.1613	1
0.0449	0.2456	-0.2205	0.5059	0.0143	-0.1171	-0.4474	0.8866	320	322	88	2	3	0.0154	0.1556	0	0.1019	1
0.0353	0.0577	-0.2346	0.4091	0.2323	0.5086	-0.5833	0.6334	321	323	88	2	4	0.0039	0.2917	0	0.0341	1
0.043	0.1076	-0.2031	0.3882	0.2807	-0.7134	-0.4087	0.5692	322	324	88	2	5	0.0059	0.525	0	0.0433	1
0.0353	0.1252	-0.2571	0.3428	0.3568	-0.5329	-0.3126	0.7863	323	325	88	2	6	0.0055	0.625	0	0.0353	1
0.0389	0.0497	-0.3047	0.2989	0.4606	-0.3345	-0.3917	0.8571	324	326	88	2	7	0.0033	0.3333	0	0.0389	1
0.0353	0.056	-0.2936	0.2917	0.5083	-0.3683	0.5123	0.7758	325	327	88	2	8	0.0085	0.1875	0	0.0264	1
0.0387	0.1538	-0.306	0.3267	0.5641	-0.8297	-0.0099	0.5581	326	328	88	2	9	0.0013	0.1778	0	0.0393	1
0.0353	0.0202	-0.4435	0.3181	0.6693	-0.0123	0.9423	0.3346	327	329	88	2	10	0.0085	0.1042	0	0.01	1
0.0353	0.0163	-0.4248	0.3752	0.6737	0.2018	-0.0404	0.9786	328	330	88	2	11	0.0091	0.1042	0	0.01	1
0.0353	0.0516	-0.4608	0.3593	0.7017	-0.0128	0.6401	0.7682	329	0	88	2	12	0.0073	0.1	0	0.01	1
0.0316	0.4889	0.1583	-0.1834	0.0528	0.447	0.8401	-0.3072	89	332	102	2	1	0.0088	0.4583	1	0.0316	1
0.0316	0.0493	0.3769	0.2273	-0.0974	0.1307	0.9756	0.1762	331	333	102	2	2	0.0088	0.4583	0	0.0316	1
0.0316	0.0824	0.3909	0.2776	-0.0998	0.0764	0.9679	0.2394	332	334	102	2	3	0.01	0.05	0	0.01	1
0.0316	0.1243	0.3798	0.3729	-0.0907	0.3769	0.7714	0.5128	333	0	102	2	4	0.0055	0.0625	0	0.01	1
0.0327	0.2155	0.136	0.0373	-0.0729	0.886	0.3663	0.2843	87	336	106	2	1	0.0035	0.375	1	0.0327	1
0.0327	0.0793	0.3269	0.1162	-0.0116	0.313	0.5659	0.7628	335	337	106	2	2	0.0035	0.375	0	0.0327	1
0.0259	0.1031	0.3689	0.1192	0.0712	0.7587	0.5203	0.3921	336	338	106	2	3	0.0036	0.4375	0	0.0259	1
0.0243	0.0864	0.4416	0.1687	0.1152	0.616	-0.129	0.7771	337	339	106	2	4	0.002	0.2917	0	0.0215	1
0.0327	0.1438	0.5344	0.1411	0.1621	0.4459	-0.0302	0.8946	338	340	106	2	5	0.0045	0.25	0	0.0334	1
0.024	0.1265	0.6046	0.146	0.2703	0.9357	-0.3286	0.1284	339	341	106	2	6	0.0083	0.2639	0	0.0227	1
0.0322	0.0543	0.6973	0.1144	0.2349	0.8974	0.0245	-0.4405	340	342	106	2	7	0.0154	0.2727	0	0.033	1
0.0306	0.0855	0.7617	0.126	0.2349	0.8536	-0.1218	-0.5065	341	343	106	2	8	0.004	0.4583	0	0.0306	1
0.0314	0.0879	0.834	0.107	0.1961	0.9429	-0.2125	-0.2564	342	344	106	2	9	0.0039	0.5417	0	0.0314	1
0.0291	0.0952	0.9153	0.1073	0.195	0.9745	-0.1294	0.1833	343	345	106	2	10	0.0038	0.4375	0	0.0291	1
0.0257	0.0845	0.9989	0.0963	0.2213	0.5929	0.6089	0.527	344	346	106	2	11	0.003	0.375	0	0.0257	1
0.0309	0.1243	1.0623	0.1414	0.2295	0.8973	0.3517	0.2669	345	347	106	2	12	0.0039	0.3438	0	0.0313	1
0.0324	0.152	1.1554	0.1731	0.2945	0.8592	-0.3602	0.3634	346	348	106	2	13	0.0044	0.5	0	0.0333	1
0.03	0.0723	1.2915	0.1195	0.3386	0.8328	-0.4122	0.3696	347	349	106	2	14	0.0033	0.5417	0	0.03	1
0.0325	0.0893	1.3495	0.1026	0.3763	0.8842	-0.2081	0.4181	348	350	106	2	15	0.0033	0.375	0	0.0353	1
0.0277	0.11	1.4256	0.0605	0.4005	0.7745	-0.377	0.508	349	351	106	2	16	0.0047	0.3125	0	0.0277	1
0.0291	0.0933	1.5081	0.0506	0.4531	0.9014	0.1207	0.4159	350	352	106	2	17	0.0033	0.4167	0	0.0294	1
0.0255	0.0824	1.5854	0.039	0.506	0.9237	-0.0454	0.3804	351	353	106	2	18	0.0033	0.2917	0	0.0255	1
0.0225	0.0866	1.6608	0.0305	0.5378	0.6793	-0.0293	0.7332	352	354	106	2	19	0.0029	0.5	0	0.0225	1
0.0265	0.0929	1.7277	0.0123	0.5897	0.6605	-0.1973	0.7244	353	355	106	2	20	0.0028	0.4167	0	0.0265	1
0.0267	0.0471	1.7851	-0.0099	0.644	0.7893	-0.6102	-0.0681	354	356	106	2	21	0.0027	0.3333	0	0.0267	1
0.0268	0.0765	1.8065	-0.036	0.6472	0.3181	-0.2952	0.9009	355	357	106	2	22	0.0037	0.375	0	0.0269	1
0.0247	0.1199	1.8377	-0.0667	0.7195	0.2232	0.5273	0.8198	356	358	106	2	23	0.0024	0.375	0	0.0247	1
0.0225	0.0828	1.8653	-0.0163	0.8139	0.9368	-0.0463	0.3468	357	359	106	2	24	0.0026	0.2083	0	0.0194	1
0.0225	0.0512	1.9382	-0.0148	0.8543	0.897	0.4032	0.1812	358	360	106	2	25	0.0066	0.175	0	0.01	1
0.0225	0.0614	1.985	-0.0225	0.8536	0.9445	-0.0797	0.3186	359	361	106	2	26	0.0024	0.2188	0	0.0199	1
0.0225	0.0262	2.0407	-0.0567	0.8798	0.8594	0.0453	0.5093	360	362	106	2	27	0.0049	0.125	0	0.01	1
0.0225	0.1203	2.0773	-0.0578	0.8886	0.205	0.9681	0.1439	361	0	106	2	28	0.0066	0.0833	0	0.01	1
0.0381	0.5714	0.0073	0.377	-0.3859	-0.5627	-0.0604	0.8245	85	364	114	2	1	0.0034	0.1667	1	0.0381	0
0.0315	0.1512	-0.3119	0.3474	0.0872	-0.5662	-0.0659	0.8216	363	365	114	2	2	0.0092	0.15	0	0.0381	0
0.0155	0.1106	-0.395	0.3613	0.2131	-0.3848	-0.0247	0.9226	364	366	114	2	3	0.0121	0.1167	0	0.01	0
0.0103	0.0062	-0.3681	0.3209	0.238	0.2589	-0.755	0.6024	365	367	114	2	4	0.01	0.05	0	0.01	0
0.0072	0.0728	-0.3665	0.3162	0.2418	-0.442	-0.8029	-0.4	366	0	114	2	5	0.01	0.05	0	0.01	0
0.01	0.5062	-0.0048	0.4029	-0.4352	-0.5615	-0.1553	0.8128	85	369	115	2	1	0.01	0.05	1	0.01	0
0.01	0.0908	-0.289	0.3243	-0.0238	0.4146	0.6771	-0.608	368	370	115	2	2	0.01	0.05	0	0.01	0
0.01	0.0741	-0.2513	0.3858	-0.079	0.8798	0.1935	-0.4343	369	0	115	2	3	0.01	0.05	0	0.01	0
0.0209	0.3922	0.0346	-0.0201	-0.0695	-0.9473	0.0263	0.3193	87	372	134	2	1	0.0052	0.5	1	0.0209	1
0.0209	0.0851	-0.3369	-0.0098	0.0557	-0.3504	-0.3655	-0.8623	371	373	134	2	2	0.0052	0.5	0	0.0209	1
0.0209	0.0457	-0.3768	-0.0405	-0.004	-0.771	-0.3138	-0.5541	372	374	134	2	3	0.0052	0.125	0	0.01	1
0.0209	0.0532	-0.3687	-0.0479	-0.0304	0.0287	-0.332	-0.9428	373	0	134	2	4	0.0058	0.12	0	0.01	1
0.0274	0.4519	0.0923	0.3058	-0.2282	0.2324	0.4208	0.8769	85	376	144	2	1	0.0048	0.375	1	0.0183	0
0.0274	0.0636	0.197	0.4899	0.1705	-0.0361	0.3733	0.927	375	377	144	2	2	0.009	0.25	0	0.0183	0
0.0295	0.09	0.2308	0.4942	0.2383	0.2213	0.7128	0.6656	376	378	144	2	3	0.0037	0.4167	0	0.0295	0
0.0274	0.1699	0.2574	0.5276	0.3197	0.3652	0.5853	0.7239	377	379	144	2	4	0.0041	0.3	0	0.0267	0
0.0356	0.1122	0.2993	0.6321	0.4149	0.2947	0.9548	-0.0394	378	380	144	2	5	0.0045	0.5625	0	0.0359	0
0.0383	0.0791	0.3425	0.7345	0.4286	0.2881	0.9536	0.0875	379	381	144	2	6	0.0041	0.4722	0	0.0402	0
0.0313	0.0925	0.3591	0.798	0.4547	0.4516	0.684	0.5729	380	382	144	2	7	0.0041	0.5833	0	0.0313	0
0.0342	0.0728	0.3993	0.8744	0.4912	-0.0554	0.7765	0.6276	381	383	144	2	8	0.0032	0.5	0	0.0343	0
0.0343	0.2075	0.4383	0.9264	0.5195	0.3744	0.4461	0.8129	382	384	144	2	9	0.0045	0.3929	0	0.0349	0
0.0344	0.0736	0.5035	1.024	0.6918	0.3292	0.1607	0.9305	383	385	144	2	10	0.0044	0.5833	0	0.0346	0
0.0333	0.1076	0.5256	1.0588	0.7294	0.3689	0.7588	0.5368	384	386	144	2	11	0.0037	0.5313	0	0.0334	0
0.032	0.0794	0.5746	1.1154	0.8228	0.396	0.7971	0.4559	385	387	144	2	12	0.0041	0.625	0	0.032	0
0.0274	0.1029	0.6129	1.1877	0.8484	0.3018	0.6221	0.7224	386	388	144	2	13	0.0037	0.5313	0	0.0274	0
0.0274	0.0807	0.6497	1.2533	0.9134	0.4892	0.7628	0.4229	387	389	144	2	14	0.0035	0.3333	0	0.0269	0
0.0336	0.111	0.6954	1.3141	0.9264	0.5922	0.7916	0.1504	388	390	144	2	15	0.0033	0.1875	0	0.0377	0
0.0274	0.0843	0.7224	1.4233	0.9134	0.5822	0.7894	-0.1948	389	391	144	2	16	0.0022	0.1	0	0.01	0
0.0299	0.1091	0.7617	1.434	0.9644	-0.0326	0.7715	0.6354	390	392	144	2	17	0.0027	0.225	0	0.0299	0
0.0274	0.0852	0.769	1.5042	1.0534	0.3404	0.8463	0.4097	391	393	144	2	18	0.0083	0.2	0	0.0153	0
0.028	0.0838	0.8084	1.5907	1.0574	0.2438	0.8461	0.4741	392	394	144	2	19	0.0022	0.3333	0	0.028	0
0.0274	0.0478	0.8379	1.6604	1.0912	0.4262	0.7591	0.4921	393	395	144	2	20	0.0026	0.25	0	0.0244	0
0.0309	0.0723	0.8524	1.6967	1.0916	0.5014	0.8563	-0.1238	394	396	144	2	21	0.0031	0.3333	0	0.0316	0
0.0274	0.0831	0.9007	1.7592	1.1062	0.6525	0.6731	-0.3481	395	397	144	2	22	0.0119	0.2078	0	0.0246	0
0.0274	0.0459	0.9632	1.7887	1.0306	0.8814	0.4604	-0.1052	396	398	144	2	23	0.0068	0.15	0	0.01	0
0.0284	0.1052	0.9382	1.8155	1.069	0.5264	0.4119	0.7438	397	399	144	2	24	0.0031	0.2	0	0.0284	0
0.0274	0.0186	0.9895	1.8444	1.1515	0.4939	0.1134	0.8621	398	400	144	2	25	0.0068	0.1333	0	0.01	0
0.0274	0.0784	0.9956	1.8559	1.1574	0.6225	0.6622	0.4172	399	0	144	2	26	0.0027	0.12	0	0.01	0
0.045	0.3565	0.0997	0.1793	-0.0726	0.7933	0.0481	0.6069	86	402	149	2	1	0.0057	0.4667	1	0.045	0
0.045	0.0775	0.3825	0.1964	0.1437	-0.6938	0.5871	0.417	401	403	149	2	2	0.0057	0.4667	0	0.045	0
0.045	0.1333	0.3308	0.254	0.1707	0.8561	0.0743	0.5115	402	0	149	2	3	0.0078	0.08	0	0.01	0
0.0169	0.396	0.095	0.1714	-0.047	0.0811	0.877	0.4735	87	405	150	2	1	0.0156	0.2963	1	0.0399	1
0.0169	0.265	0.1237	0.5201	0.1362	-0.1499	0.9025	0.4037	404	406	150	2	2	0.0233	0.2857	0	0.0399	1
0.0194	0.0568	0.1035	0.7532	0.2608	0.6422	0.5648	-0.5183	405	0	150	2	3	0.0161	0.2778	0	0.0231	1
0.0333	0.3156	0.0684	0.2361	-0.0749	0.0537	0.4901	0.87	86	408	151	2	1	0.0061	0.4167	1	0.0333	0
0.0333	0.0746	0.0853	0.3908	0.1997	-0.9366	-0.2026	0.2859	407	409	151	2	2	0.0061	0.4167	0	0.0333	0
0.0368	0.2022	0.0609	0.3409	0.2653	-0.5339	0.3069	0.7879	408	410	151	2	3	0.0045	0.1746	0	0.0383	0
0.0333	0.0106	-0.0145	0.3959	0.4405	0.0824	0.9618	0.2611	409	411	151	2	4	0.0101	0.1091	0	0.01	0
0.0372	0.184	-0.0491	0.3977	0.4451	-0.2188	0.9614	0.1667	410	412	151	2	5	0.0033	0.1667	0	0.0419	0
0.0333	0.0099	-0.0843	0.5776	0.4669	-0.3308	0.9344	0.1323	411	413	151	2	6	0.0092	0.1364	0	0.01	0
0.0333	0.0613	-0.1049	0.6156	0.4707	0.0499	-0.0561	0.9972	412	414	151	2	7	0.0156	0.1091	0	0.01	0
0.0333	0.1563	-0.0808	0.6029	0.5408	-0.4806	-0.838	0.2584	413	0	151	2	8	0.013	0.0496	0	0.01	0
0.0214	0.3823	0.0847	0.1827	-0.0475	-0.0542	0.5999	0.7983	87	416	154	2	1	0.0043	0.3	1	0.0223	1
0.0194	0.1443	0.064	0.4121	0.2577	0.3767	0.6443	0.6656	415	417	154	2	2	0.0043	0.3	0	0.0223	1
0.0133	0.0086	0.1239	0.5031	0.3502	0.5159	0.7677	0.3801	416	418	154	2	3	0.01	0.05	0	0.01	1
0.0132	0.0632	0.1303	0.5084	0.3524	0.6187	0.7187	0.3173	417	0	154	2	4	0.0039	0.16	0	0.0189	1
0.01	0.2991	0.0982	0.0552	-0.0399	0.173	-0.5187	0.8373	87	420	157	2	1	0.01	0.05	1	0.01	1
0.01	0.0699	0.15	-0.1	0.2105	0.5337	-0.8177	0.2158	419	0	157	2	2	0.01	0.05	0	0.01	1
0.0168	0.5544	0.1356	-0.1386	0.0974	0.0296	0.9597	0.2794	89	422	161	2	1	0.0024	0.4583	1	0.0154	1
0.0163	0.0869	0.152	0.3935	0.2523	-0.345	0.9253	-0.1574	421	423	161	2	2	0.0024	0.4583	0	0.0154	1
0.0235	0.0593	0.0894	0.4899	0.273	0.6055	0.7654	0.2182	422	424	161	2	3	0.0078	0.325	0	0.0293	1
0.0154	0.0499	0.1301	0.5211	0.2897	0.9402	0.3344	0.0647	423	0	161	2	4	0.01	0.05	0	0.01	1
0.0341	0.4222	0.1045	-0.0896	-0.033	0.7367	0.3114	0.6002	87	426	166	2	1	0.0049	0.375	0	0.0379	1
0.0229	0.156	0.4145	0.0368	0.2198	0.5296	-0.0204	-0.848	425	427	166	2	2	0.0025	0.15	0	0.0222	1
0.0161	0.0937	0.4872	0.0261	0.0826	0.4406	0.0118	-0.8976	426	428	166	2	3	0.0089	0.14	0	0.01	1
0.01	0.0154	0.5589	0.0148	0.0502	0.8255	-0.1906	-0.5312	427	0	166	2	4	0.01	0.05	0	0.01	1
0.0286	0.2933	0.1259	-0.1134	0.0684	-0.1837	0.856	0.4832	88	430	167	2	1	0.0092	0.3438	1	0.0286	1
0.0286	0.1049	0.072	0.1377	0.2101	0.3488	-0.8513	-0.3919	429	0	167	2	2	0.0092	0.3438	0	0.0286	1
0.018	0.5219	0.0825	-0.1168	-0.0267	-0.1661	0.8012	0.5749	87	0	168	2	1	0.0206	0.0519	0	0.0688	1
0.0503	0.6208	0.04	0.1989	-0.0598	-0.5893	-0.39	0.7076	86	433	170	2	1	0.039	0.2896	1	0.0646	0
0.0502	0.2115	-0.3342	-0.0703	0.3216	-0.0813	-0.8981	0.4323	432	434	170	2	2	0.0232	0.6528	0	0.0646	0
0.0504	0.1195	-0.3747	-0.2473	0.4257	-0.1525	-0.8166	0.5567	433	435	170	2	3	0.0178	0.625	0	0.0599	0
0.0495	0.1667	-0.4243	-0.3365	0.5116	-0.2343	-0.9714	0.0389	434	436	170	2	4	0.0228	0.4236	0	0.0698	0
0.0504	0.1041	-0.4554	-0.4985	0.5131	-0.0634	-0.9942	-0.0874	435	437	170	2	5	0.0068	0.6818	0	0.0517	0
0.0471	0.1053	-0.4645	-0.6011	0.5146	0.0059	-0.9962	0.0869	436	438	170	2	6	0.0061	0.9	0	0.0471	0
0.0525	0.1061	-0.4706	-0.7045	0.531	-0.0696	-0.9869	0.1454	437	439	170	2	7	0.0071	0.7045	0	0.0525	0
0.0422	0.0901	-0.506	-0.8024	0.5251	-0.4309	-0.8526	0.2956	438	440	170	2	8	0.0054	0.7778	0	0.0422	0
0.0481	0.1371	-0.528	-0.9053	0.547	-0.8192	-0.4699	-0.3287	439	441	170	2	9	0.0074	0.5606	0	0.0485	0
0.0478	0.0845	-0.6434	-0.9862	0.5204	-0.7692	-0.4067	-0.4928	440	442	170	2	10	0.0067	0.5	0	0.0485	0
0.0397	0.1582	-0.6767	-1.0678	0.4788	-0.5922	-0.3978	-0.7007	441	443	170	2	11	0.0063	0.4444	0	0.0397	0
0.0399	0.0767	-0.7527	-1.1069	0.3582	-0.4277	-0.049	-0.9026	442	444	170	2	12	0.0047	0.2222	0	0.0399	0
0.0335	0.0604	-0.7961	-1.1686	0.3195	-0.4909	-0.333	-0.8051	443	445	170	2	13	0.0127	0.25	0	0.0279	0
0.0333	0.0832	-0.8397	-1.1801	0.2758	-0.5676	-0.7957	-0.2115	444	446	170	2	14	0.003	0.5	0	0.029	0
0.0357	0.0268	-0.8734	-1.2435	0.2247	-0.8201	-0.4397	-0.3661	445	447	170	2	15	0.0148	0.2262	0	0.0357	0
0.0324	0.0989	-0.8871	-1.2606	0.231	-0.8982	-0.111	0.4254	446	448	170	2	16	0.0092	0.1818	0	0.0235	0
0.032	0.0213	-0.9842	-1.2469	0.2984	-0.9443	0.0205	-0.3285	447	449	170	2	17	0.0078	0.1136	0	0.01	0
0.0317	0.0861	-1.0133	-1.2823	0.2538	-0.3662	-0.6276	0.687	448	450	170	2	18	0.0019	0.2813	0	0.03	0
0.0312	0.1303	-1.0584	-1.3334	0.3118	-0.2073	-0.9772	-0.0454	449	451	170	2	19	0.0083	0.1429	0	0.0204	0
0.0348	0.104	-1.0907	-1.4615	0.31	0.4549	-0.7742	0.4401	450	452	170	2	20	0.0029	0.225	0	0.0348	0
0.0398	0.1662	-1.0421	-1.5447	0.3367	0.8922	-0.4352	0.1204	451	453	170	2	21	0.0028	0.1296	0	0.0405	0
0.029	0.065	-0.9081	-1.6384	0.3368	0.8306	-0.5569	-0.0015	452	454	170	2	22	0.0099	0.1574	0	0.0271	0
0.029	0.0815	-0.848	-1.6725	0.3455	0.8221	-0.2275	-0.5219	453	455	170	2	23	0.0079	0.3	0	0.0207	0
0.029	0.1188	-0.8188	-1.6986	0.2839	0.4775	-0.3533	-0.8045	454	456	170	2	24	0.0024	0.2188	0	0.0249	0
0.029	0.0902	-0.7792	-1.7062	0.1845	0.1008	-0.0585	-0.9932	455	457	170	2	25	0.0092	0.2386	0	0.0253	0
0.0307	0.082	-0.7703	-1.724	0.0984	-0.5003	-0.2285	-0.8352	456	458	170	2	26	0.0042	0.2917	0	0.0307	0
0.0331	0.1023	-0.8181	-1.752	0.0398	-0.5672	-0.3708	-0.7354	457	459	170	2	27	0.0027	0.2188	0	0.0346	0
0.029	0.0743	-0.893	-1.7463	-0.047	-0.3221	-0.3554	-0.8775	458	460	170	2	28	0.0057	0.175	0	0.01	0
0.0348	0.0219	-0.8869	-1.8015	-0.0301	0.0456	-0.9371	-0.346	459	461	170	2	29	0.0033	0.3333	0	0.039	0
0.029	0.0147	-0.8847	-1.8134	-0.0293	-0.3283	-0.6354	0.6989	460	462	170	2	30	0.0069	0.125	0	0.01	0
0.0349	0.035	-0.871	-1.8694	-0.0438	-0.6905	-0.5343	0.4876	461	463	170	2	31	0.0106	0.2273	0	0.0608	0
0.029	0.0376	-0.8621	-1.937	-0.0507	-0.3352	-0.5886	0.7357	462	464	170	2	32	0.0055	0.1	0	0.01	0
0.029	0.078	-0.8645	-1.948	-0.0343	-0.8062	0.5644	-0.1774	463	0	170	2	33	0.0033	0.15	0	0.01	0
0.0489	0.278	0.0792	0.2115	-0.0664	0.238	0.0125	0.9712	86	466	171	2	1	0.0111	0.5278	1	0.0535	0
0.0489	0.1628	0.1454	0.215	0.2036	0.475	-0.1097	0.8731	465	467	171	2	2	0.0111	0.5278	0	0.0535	0
0.0468	0.2617	0.2205	0.2108	0.326	0.6111	0.6809	0.4038	466	468	171	2	3	0.0268	0.3333	0	0.0616	0
0.0451	0.0218	0.4119	0.3414	0.5292	0.7353	0.6717	0.0903	467	469	171	2	4	0.013	0.25	0	0.0928	0
0.0333	0.0878	0.3928	0.3591	0.5499	0.4527	-0.1623	0.8768	468	470	171	2	5	0.0041	0.5833	0	0.0333	0
0.0355	0.1164	0.4737	0.3773	0.6232	0.3577	-0.3588	0.8622	469	471	171	2	6	0.0048	0.4688	0	0.0355	0
0.0333	0.1143	0.5275	0.3596	0.6944	0.7523	0.3178	0.577	470	472	171	2	7	0.0031	0.25	0	0.0304	0
0.0333	0.1513	0.6085	0.3896	0.7681	0.8395	-0.0086	0.5433	471	473	171	2	8	0.0053	0.053	0	0.0181	0
0.0333	0.1087	0.7193	0.3723	0.8626	0.7039	-0.1828	0.6864	472	474	171	2	9	0.0051	0.1212	0	0.01	0
0.0333	0.1335	0.7904	0.3269	0.9272	0.4852	-0.4066	0.7741	473	475	171	2	10	0.0064	0.1299	0	0.0153	0
0.0333	0.1102	0.8815	0.2847	1.0017	0.7644	-0.2724	0.5844	474	476	171	2	11	0.0045	0.1515	0	0.0161	0
0.0333	0.0722	0.9415	0.1785	1.0445	0.6758	-0.3927	0.6238	475	477	171	2	12	0.0037	0.1364	0	0.01	0
0.0333	0.1088	0.9758	0.2847	1.0052	0.9857	0.1518	0.0731	476	478	171	2	13	0.0088	0.1818	0	0.0264	0
0.0333	0.0578	0.9445	0.3195	0.9524	0.3768	0.6442	-0.6656	477	479	171	2	14	0.0068	0.1591	0	0.01	0
0.0333	0.1403	0.931	0.2465	0.9849	0.8138	0.1076	0.571	478	480	171	2	15	0.0076	0.1948	0	0.0209	0
0.0333	0.071	1.0634	0.2662	1.041	0.7644	0.189	0.6164	479	481	171	2	16	0.0068	0.1364	0	0.01	0
0.0333	0.0364	1.0617	0.2794	1.1179	0.5023	0.1676	0.8483	480	482	171	2	17	0.0104	0.1515	0	0.021	0
0.0333	0.1549	1.1289	0.285	1.1121	0.594	0.1565	0.7891	481	483	171	2	18	0.0052	0.1136	0	0.0203	0
0.0333	0.1952	1.1855	0.3105	1.2596	0.5551	0.3455	0.7567	482	484	171	2	19	0.0068	0.0818	0	0.0185	0
0.0333	0.1441	1.3373	0.3774	1.3721	0.5954	0.3382	0.7288	483	485	171	2	20	0.0075	0.0682	0	0.01	0
0.0333	0.0782	1.3576	0.4432	1.5095	0.4876	0.4217	0.7644	484	486	171	2	21	0.0022	0.1136	0	0.01	0
0.0333	0.0969	1.3435	0.4891	1.5489	-0.165	0.5833	0.7954	485	0	171	2	22	0.0046	0.1091	0	0.01	0
0.043	0.1805	0.1862	-0.1098	0.036	0.9259	0.0968	0.3652	88	488	174	2	1	0.0074	0.5397	1	0.043	1
0.043	0.1959	0.3533	-0.0923	0.1019	-0.3786	0.4039	0.8328	487	489	174	2	2	0.0074	0.5397	0	0.043	1
0.0478	0.1146	0.3001	-0.0197	0.2614	0.0701	-0.3035	0.9503	488	490	174	2	3	0.0081	0.5227	0	0.048	1
0.0431	0.0869	0.3273	-0.0503	0.37	0.1298	-0.5286	0.8389	489	491	174	2	4	0.0056	0.575	0	0.0431	1
0.0484	0.0991	0.3434	-0.0968	0.4405	0.446	0.0814	0.8913	490	492	174	2	5	0.0056	0.5227	0	0.0488	1
0.0483	0.2434	0.3588	-0.1284	0.5151	0.3148	-0.5064	0.8028	491	493	174	2	6	0.0256	0.3167	0	0.0683	1
0.0465	0.0827	0.438	-0.2717	0.6585	0.4975	-0.8007	0.3338	492	494	174	2	7	0.0055	0.3667	0	0.0465	1
0.043	0.1077	0.4961	-0.3046	0.7132	0.7567	-0.5981	0.2639	493	495	174	2	8	0.0096	0.1429	0	0.0339	1
0.043	0.0877	0.5244	-0.3803	0.7853	0.6459	-0.1297	0.7523	494	496	174	2	9	0.0121	0.1571	0	0.0304	1
0.043	0.1024	0.6283	-0.3845	0.8187	0.5287	-0.5533	0.6437	495	497	174	2	10	0.0103	0.1429	0	0.0262	1
0.043	0.0659	0.6748	-0.3906	0.9369	0.7902	-0.3797	0.4811	496	498	174	2	11	0.0092	0.1429	0	0.0238	1
0.043	0.1153	0.7102	-0.4474	0.9295	0.5504	-0.7475	0.3718	497	499	174	2	12	0.009	0.119	0	0.0315	1
0.043	0.0827	0.7798	-0.5398	0.9621	0.1972	-0.7854	0.5867	498	500	174	2	13	0.009	0.1607	0	0.027	1
0.043	0.1002	0.791	-0.5734	1.0649	0.8947	-0.3456	0.2829	499	501	174	2	14	0.0089	0.1143	0	0.0176	1
0.043	0.0403	0.8768	-0.586	1.1019	0.7322	-0.1339	0.6678	500	502	174	2	15	0.0048	0.0357	0	0.0285	1
0.043	0.0333	0.931	-0.6136	1.1107	0.3806	-0.2921	0.8774	501	503	174	2	16	0.0088	0.0476	0	0.0224	1
0.043	0.0016	0.9418	-0.6337	1.1346	0.2746	-0.4812	0.8325	502	504	174	2	17	0.01	0.125	0	0.01	1
0.043	0.0945	0.9287	-0.6361	1.1802	-0.0558	-0.9969	-0.0546	503	505	174	2	18	0.0122	0.0714	0	0.0305	1
0.043	0.0499	0.8982	-0.76	1.1539	-0.0252	-0.565	0.8247	504	506	174	2	19	0.0088	0.051	0	0.0265	1
0.043	0.0798	0.9294	-0.7339	1.2206	0.4743	-0.5906	0.6529	505	507	174	2	20	0.0014	0.0268	0	0.0172	1
0.043	0.0117	0.9561	-0.8226	1.2018	0.8076	-0.555	0.1995	506	508	174	2	21	0.0073	0.125	0	0.01	1
0.043	0.1462	0.9355	-0.8402	1.2295	0.6735	-0.3886	0.6289	507	509	174	2	22	0.0099	0.1122	0	0.0206	1
0.043	0.0592	1.0595	-0.8918	1.2578	0.718	-0.6552	0.2349	508	510	174	2	23	0.0043	0.0893	0	0.01	1
0.043	0.0878	1.0998	-0.9017	1.2979	0.8938	-0.2631	0.3632	509	511	174	2	24	0.0101	0.0982	0	0.0254	1
0.043	0.0422	1.1812	-0.9036	1.3602	0.9806	-0.1918	0.0415	510	512	174	2	25	0.0067	0.0714	0	0.01	1
0.043	0.0756	1.2221	-0.964	1.3149	0.7524	-0.4446	0.4861	511	513	174	2	26	0.0081	0.1	0	0.01	1
0.043	0.019	1.2952	-0.9422	1.3826	-0.7352	-0.1542	0.6601	512	514	174	2	27	0.0044	0.1071	0	0.01	1
0.043	0.1276	1.2635	-0.9287	1.3984	-0.3442	-0.5289	0.7757	513	515	174	2	28	0.0074	0.1429	0	0.0255	1
0.043	0.0039	1.2283	-1.0624	1.47	-0.0282	-0.3863	0.922	514	0	174	2	29	0.0051	0.0893	0	0.01	1
0.0388	0.2058	0.1327	-0.1434	0.0715	-0.1396	0.2121	0.9672	88	517	185	2	1	0.004	0.3056	1	0.0413	1
0.0337	0.101	0.0993	-0.1004	0.2766	0.7112	0.3644	0.6012	516	518	185	2	2	0.0088	0.2273	0	0.0413	1
0.0183	0.017	0.1237	-0.0355	0.3331	0.4781	0.8433	0.2457	517	519	185	2	3	0.007	0.15	0	0.01	1
0.01	0.0549	0.1303	-0.022	0.3346	0.8852	-0.0221	-0.4647	518	0	185	2	4	0.01	0.05	0	0.01	1
0.0304	0.1406	0.1382	-0.2567	0.118	-0.0572	-0.2238	0.973	89	521	191	2	1	0.0105	0.2321	1	0.0331	1
0.0261	0.1849	0.1328	-0.2917	0.2554	0.6488	0.574	0.4996	520	522	191	2	2	0.013	0.15	0	0.0331	1
0.0159	0.0256	0.2325	-0.207	0.3414	-0.6218	0.3834	0.683	521	523	191	2	3	0.0132	0.2	0	0.01	1
0.01	0.053	0.2123	-0.1895	0.3519	0.5212	0.7116	0.4711	522	0	191	2	4	0.01	0.05	0	0.01	1
0.022	0.2133	0.2158	-0.4435	0.0674	0.3542	-0.0799	0.9317	90	525	200	2	1	0.0034	0.4167	1	0.0219	1
0.0219	0.0778	0.2914	-0.4605	0.2661	-0.5893	-0.4044	0.6994	524	526	200	2	2	0.0034	0.4167	0	0.0219	1
0.0223	0.0509	0.2395	-0.4832	0.33	0.4799	0.7774	-0.4067	525	0	200	2	3	0.006	0.3438	0	0.0228	1
0.038	0.1515	0.2213	-0.6399	0.1707	-0.2732	0.265	0.9247	92	528	211	2	1	0.0055	0.3438	1	0.038	1
0.0372	0.1051	0.1799	-0.5997	0.3108	-0.7727	0.617	0.1493	527	529	211	2	2	0.0055	0.3438	0	0.038	1
0.0269	0.0945	0.0912	-0.5139	0.3155	0.2427	0.5183	0.82	528	530	211	2	3	0.0028	0.375	0	0.0269	1
0.0151	0.0284	0.1271	-0.4711	0.4016	0.4895	0.8634	-0.1224	529	531	211	2	4	0.0085	0.2	0	0.01	1
0.0099	0.0688	0.1411	-0.4445	0.3931	-0.5692	0.7669	0.2965	530	0	211	2	5	0.01	0.05	0	0.01	1
0.0323	0.366	0.3104	-0.9424	0.1791	0.4932	-0.8497	0.1862	95	533	252	2	1	0.0026	0.375	0	0.0323	1
0.0319	0.2551	0.4273	-1.2477	0.3016	0.1815	-0.9327	0.3117	532	534	252	2	2	0.0029	0.0865	0	0.0614	1
0.0156	0.1566	0.5507	-1.4398	0.3684	0.4895	-0.6694	0.5589	533	535	252	2	3	0.01	0.05	0	0.01	1
0.011	0.0688	0.5684	-1.4822	0.365	0.8746	0.3706	-0.3126	534	536	252	2	4	0.01	0.05	0	0.01	1
0.01	0.0735	0.5818	-1.4654	0.3195	0.4775	-0.3835	-0.7905	535	537	252	2	5	0.01	0.05	0	0.01	1
0.0056	0.0757	0.5571	-1.4311	0.3666	-0.4627	-0.8524	0.2435	536	0	252	2	6	0.01	0.05	0	0.01	1
0.0443	0.2106	0.4259	-0.9798	0.2049	-0.1115	-0.8858	-0.4505	95	539	253	2	1	0.0091	0.6167	1	0.0444	1
0.0442	0.165	0.4024	-1.1663	0.1101	-0.1585	-0.9682	0.1936	538	540	253	2	2	0.0091	0.6167	0	0.0444	1
0.0371	0.0651	0.3826	-1.3306	0.1348	-0.6376	-0.7665	-0.0768	539	541	253	2	3	0.0044	0.5833	0	0.0371	1
0.0359	0.1179	0.3246	-1.3712	0.1167	-0.4401	-0.8942	-0.0815	540	542	253	2	4	0.0046	0.5938	0	0.0359	1
0.0359	0.0974	0.298	-1.4788	0.1125	-0.1776	-0.8503	0.4954	541	543	253	2	5	0.0035	0.3125	0	0.0317	1
0.0359	0.165	0.2688	-1.5759	0.157	0.6121	-0.6334	0.4734	542	544	253	2	6	0.0025	0.1667	0	0.0331	1
0.0359	0.0877	0.4077	-1.633	0.2418	0.7133	-0.617	0.3326	543	545	253	2	7	0.0049	0.0833	0	0.01	1
0.0359	0.0551	0.441	-1.7106	0.3175	0.8632	-0.3435	0.3699	544	0	253	2	8	0.0063	0.1042	0	0.01	1
0.01	0.2827	0.5387	-0.9157	0.2197	0.9706	-0.2108	0.1166	96	547	254	2	1	0.01	0.05	0	0.01	1
0.01	0.0267	0.8229	-0.9739	0.2453	0.3426	-0.8929	0.292	546	0	254	2	2	0.01	0.05	0	0.01	1
0.034	0.3439	0.4817	-1.0911	0.2873	0.5448	-0.8064	-0.23	97	549	259	2	1	0.0025	0.3125	0	0.0202	1
0.034	0.1186	0.6711	-1.3638	0.2116	0.6629	-0.6171	0.424	548	550	259	2	2	0.0032	0.3438	0	0.0279	1
0.0432	0.0675	0.7539	-1.4547	0.2615	0.221	0.0332	0.9747	549	551	259	2	3	0.0038	0.4333	0	0.0467	1
0.034	0.0603	0.7704	-1.4746	0.3343	-0.9243	0.0506	0.3784	550	552	259	2	4	0.0039	0.4167	0	0.034	1
0.034	0.1214	0.7181	-1.4808	0.3452	-0.9292	-0.3688	0.0235	551	553	259	2	5	0.0035	0.3125	0	0.0295	1
0.034	0.0654	0.6041	-1.5254	0.3464	-0.5488	-0.7815	0.2968	552	554	259	2	6	0.003	0.3333	0	0.0321	1
0.034	0.0681	0.5935	-1.5974	0.3222	-0.3683	-0.9036	0.2187	553	555	259	2	7	0.0036	0.375	0	0.0301	1
0.034	0.0433	0.6003	-1.6598	0.3376	0.011	-0.1039	-0.9945	554	556	259	2	8	0.0041	0.3333	0	0.0289	1
0.0401	0.1515	0.5841	-1.6807	0.2789	0.1675	-0.7645	0.6224	555	557	259	2	9	0.0039	0.25	0	0.0506	1
0.034	0.0621	0.5676	-1.786	0.3689	-0.2585	-0.9339	0.2472	556	558	259	2	10	0.0023	0.3333	0	0.0231	1
0.034	0.0489	0.5572	-1.8526	0.3833	-0.3789	-0.338	0.8615	557	559	259	2	11	0.01	0.05	0	0.01	1
0.034	0.0951	0.5387	-1.8692	0.4255	0.023	-0.4836	0.875	558	0	259	2	12	0.01	0.05	0	0.01	1
0.025	0.1467	0.6161	-1.0795	0.2799	0.3676	-0.76	-0.5359	97	561	260	2	1	0.0031	0.2917	1	0.0257	1
0.0208	0.064	0.67	-1.191	0.2013	0.5277	-0.7297	0.4349	560	562	260	2	2	0.0031	0.2917	0	0.0257	1
0.01	0.0666	0.7059	-1.2524	0.2231	0.7629	-0.1478	0.6294	561	0	260	2	3	0.01	0.05	0	0.01	1
0.01	0.109	0.6733	-1.081	0.3166	0.8792	0.4652	-0.1028	98	564	264	2	1	0.01	0.05	1	0.01	1
0.01	0.0798	0.7692	-1.0303	0.3054	0.9485	-0.0487	-0.3131	563	565	264	2	2	0.01	0.05	0	0.01	1
0.01	0.0585	0.8448	-1.0342	0.2805	0.895	-0.3925	0.212	564	0	264	2	3	0.01	0.05	0	0.01	1
0.0353	0.1799	0.8875	-1.2632	0.4362	0.8924	-0.4243	0.1537	101	567	286	2	1	0.0045	0.5833	1	0.0353	1
0.0353	0.068	1.0481	-1.3395	0.4638	0.5635	-0.8247	0.0492	566	568	286	2	2	0.0045	0.5833	0	0.0353	1
0.0344	0.1006	1.0914	-1.384	0.4869	0.5627	-0.7673	0.3078	567	569	286	2	3	0.0056	0.4688	0	0.0344	1
0.0344	0.0699	1.149	-1.4572	0.5225	0.0717	-0.7616	0.644	568	570	286	2	4	0.0124	0.2273	0	0.0309	1
0.0344	0.0461	1.1445	-1.5071	0.5547	0.0179	-0.9649	-0.262	569	0	286	2	5	0	0.0455	0	0.01	1
0.02	0.1029	0.8917	-1.4476	0.5244	-0.1741	-0.2777	0.9447	103	572	287	2	1	0.0141	0.2667	0	0.0421	1
0.0136	0.0596	0.8503	-1.4653	0.6097	0.0522	-0.6821	-0.7294	571	573	287	2	2	0.01	0.05	0	0.01	1
0.01	0.0844	0.8534	-1.506	0.5663	0.6797	-0.2625	0.6849	572	0	287	2	3	0.01	0.05	0	0.01	1
0.0239	0.1129	0.8989	-1.2918	0.4864	0.7801	0.2485	0.5742	102	575	288	2	1	0.0026	0.4583	1	0.0239	1
0.0239	0.0853	0.987	-1.2638	0.5512	-0.4496	-0.6929	0.5637	574	576	288	2	2	0.0026	0.4583	0	0.0239	1
0.0239	0.1174	0.9478	-1.3282	0.5784	-0.5135	-0.8264	0.2311	575	0	288	2	3	0.0032	0.2143	0	0.0238	1
0.0198	0.1352	1.0042	-1.6034	0.5531	0.1953	0.3656	-0.9101	106	578	294	2	1	0.0059	0.3	1	0.0202	1
0.0171	0.1446	1.0306	-1.554	0.4301	-0.4245	0.5298	-0.7342	577	579	294	2	2	0.0059	0.3	0	0.0202	1
0.01	0.0379	0.9624	-1.4794	0.3363	-0.4808	0.8688	-0.1181	578	0	294	2	3	0.01	0.05	0	0.01	1
0.0282	0.1077	1.0218	-1.5657	0.5894	0.9259	-0.0401	-0.3755	105	581	299	2	1	0.0058	0.4583	0	0.0282	1
0.028	0.091	1.1629	-1.6121	0.5872	0.1136	0.7273	0.6769	580	582	299	2	2	0.0022	0.3333	0	0.028	1
0.0246	0.0834	1.21	-1.5643	0.6588	0.4474	0.4847	-0.7516	581	583	299	2	3	0.004	0.4583	0	0.0246	1
0.0325	0.1242	1.2214	-1.5428	0.6024	0.1427	-0.4817	-0.8647	582	584	299	2	4	0.0111	0.2468	0	0.0377	1
0.0254	0.0892	1.2276	-1.5987	0.5111	-0.0877	-0.9803	0.1769	583	585	299	2	5	0.0038	0.4583	0	0.0254	1
0.0246	0.0978	1.2281	-1.6865	0.5185	0.0797	-0.9884	0.1293	584	586	299	2	6	0.0024	0.25	0	0.0224	1
0.0246	0.0772	1.2366	-1.7764	0.5528	0.4128	-0.8729	0.2601	585	587	299	2	7	0.0085	0.2639	0	0.0199	1
0.0246	0.0521	1.2821	-1.8049	0.5715	0.771	-0.2479	0.5866	586	588	299	2	8	0.0091	0.3929	0	0.0211	1
0.0246	0.0788	1.3157	-1.8357	0.5979	0.7407	-0.3966	0.5423	587	589	299	2	9	0.0107	0.225	0	0.01	1
0.0246	0.011	1.3459	-1.8749	0.6368	0.1577	-0.8188	0.552	588	590	299	2	10	0.006	0.12	0	0.01	1
0.0246	0.043	1.3399	-1.8974	0.6415	0.8293	-0.5025	0.2444	589	0	299	2	11	0.0072	0.15	0	0.01	1
0.0108	0.0686	1.1604	-1.8144	0.6443	-0.0965	0.6836	-0.7235	109	592	303	2	1	0.0064	0.3	1	0.0252	1
0.0108	0.1392	1.1571	-1.7623	0.6071	-0.2447	0.9154	-0.3196	591	593	303	2	2	0.0097	0.2	0	0.0252	1
0.0095	0.0489	1.1157	-1.6532	0.5468	-0.2743	0.6887	-0.6711	592	0	303	2	3	0.0085	0.2424	0	0.0273	1
0.0315	0.0663	1.2311	-1.8311	0.7097	-0.3649	0.6432	-0.6731	111	595	1463	2	1	0.0125	0.4583	1	0.0327	1
0.0314	0.0762	1.2069	-1.7885	0.6651	-0.4066	0.908	-0.1012	594	596	1463	2	2	0.0125	0.4583	0	0.0327	1
0.0287	0.0725	1.197	-1.7067	0.6511	-0.483	0.8685	0.112	595	597	1463	2	3	0.0032	0.4583	0	0.0287	1
0.0287	0.0252	1.1353	-1.635	0.6167	-0.3048	0.8769	0.3716	596	598	1463	2	4	0.0073	0.175	0	0.01	1
0.0287	0.1056	1.1271	-1.6323	0.6517	-0.7539	0.5307	0.3874	597	0	1463	2	5	0.0075	0.1	0	0.0161	1
0.0278	0.1178	1.567	0.3977	0.0046	-0.9332	0.2216	0.2829	125	600	735	3	1	0.0063	0.5	0	0.0278	0
0.0278	0.0877	1.4535	0.4291	0.0657	0.2624	-0.9413	0.2121	599	601	735	3	2	0.0027	0.375	0	0.0262	0
0.0278	0.0621	1.4887	0.3304	0.0779	-0.811	-0.5797	-0.0792	600	0	735	3	3	0.0054	0.12	0	0.01	0
0.024	0.1272	-1.3903	0.1152	0.1155	-0.2806	0.5738	0.7695	166	603	757	3	1	0.0053	0.4583	1	0.024	0
0.024	0.0896	-1.426	0.1882	0.2134	-0.802	-0.4048	0.4392	602	604	757	3	2	0.0053	0.4583	0	0.024	0
0.024	0.0863	-1.4949	0.1514	0.2448	-0.9347	-0.0519	-0.3517	603	605	757	3	3	0.0013	0.3333	0	0.0233	0
0.024	0.0672	-1.5747	0.146	0.2107	-0.9758	-0.057	-0.2112	604	0	757	3	4	0.0024	0.125	0	0.01	0
0.0307	0.0982	-1.6829	0.0072	0.2021	-0.5973	-0.6432	-0.4791	170	607	762	3	1	0.0062	0.5	1	0.0307	0
0.0307	0.075	-1.7416	-0.056	0.155	-0.0272	-0.9961	-0.0838	606	608	762	3	2	0.0062	0.5	0	0.0307	0
0.0307	0.0903	-1.7429	-0.1313	0.1409	-0.2133	-0.9756	0.052	607	609	762	3	3	0.0038	0.3333	0	0.0298	0
0.0307	0.0919	-1.7287	-0.2132	0.1777	-0.0631	-0.9657	0.252	608	610	762	3	4	0.0062	0.2	0	0.0217	0
0.0307	0.0555	-1.7148	-0.3237	0.1883	-0.4669	-0.7191	0.5146	609	0	762	3	5	0.0046	0.125	0	0.01	0
0.0307	0.1719	-1.7397	-0.0043	0.3648	0.2763	-0.5666	-0.7763	172	612	765	3	1	0.0065	0.35	0	0.0311	0
0.0214	0.1481	-1.6718	-0.1375	0.2238	-0.8348	-0.5159	0.1924	611	613	765	3	2	0.0024	0.3	0	0.0198	0
0.0243	0.1049	-1.797	-0.2123	0.2619	-0.662	-0.7494	0.0126	612	614	765	3	3	0.0024	0.375	0	0.0243	0
0.0225	0.1625	-1.8691	-0.2818	0.2595	-0.9297	-0.3315	-0.1607	613	615	765	3	4	0.0075	0.06	0	0.0333	0
0.01	0.0905	-1.991	-0.2691	0.2232	-0.9168	0.3988	-0.0229	614	616	765	3	5	0.01	0.05	0	0.01	0
0.0067	0.0281	-1.9823	-0.3067	0.2514	-0.6064	-0.5018	0.6168	615	0	765	3	6	0.01	0.05	0	0.01	0
0.0348	0.1035	-1.6652	0.0102	0.2931	0.6432	-0.642	0.4173	170	618	766	3	1	0.0052	0.5417	1	0.0347	0
0.0348	0.0787	-1.5986	-0.0562	0.3363	-0.0269	-0.6782	-0.7344	617	619	766	3	2	0.0052	0.5417	0	0.0347	0
0.0363	0.0491	-1.6184	-0.1364	0.2907	0.0368	-0.4336	-0.9004	618	620	766	3	3	0.0034	0.4583	0	0.037	0
0.0347	0.0845	-1.6427	-0.1465	0.2552	-0.454	-0.8506	-0.2654	619	0	766	3	4	0.0063	0.0455	0	0.0241	0
0.0178	0.1655	-1.7418	0.0758	0.3764	0.7561	0.6271	0.1873	172	622	767	3	1	0.0023	0.2917	1	0.0186	0
0.0164	0.0863	-1.6166	0.1796	0.4074	0.798	0.5312	0.2845	621	623	767	3	2	0.0023	0.2917	0	0.0186	0
0.0123	0.0124	-1.5466	0.2216	0.4362	0.6888	0.6172	0.3802	622	624	767	3	3	0.01	0.05	0	0.01	0
0.01	0.0823	-1.5428	0.2294	0.4447	0.4391	0.7406	0.5087	623	0	767	3	4	0.01	0.05	0	0.01	0
0.0234	0.133	-1.9598	0.1689	0.5364	-0.4792	0.8768	-0.0398	173	626	773	3	1	0.01	0.05	0	0.01	0
0.0247	0.0924	-2.0091	0.29	0.5147	-0.7223	-0.153	-0.6745	625	627	773	3	2	0.005	0.2917	0	0.0319	0
0.0145	0.0308	-2.0753	0.2644	0.454	-0.8504	0.0351	0.5249	626	628	773	3	3	0.01	0.05	0	0.01	0
0.01	0.0436	-2.1015	0.2655	0.4701	-0.9119	0.0359	-0.4088	627	0	773	3	4	0.01	0.05	0	0.01	0
0.0315	0.0571	-1.9729	0.0369	0.5936	0.0553	0.9824	-0.1786	174	630	1469	3	1	0.0135	0.225	0	0.0371	0
0.0317	0.1494	-1.9305	0.1147	0.5896	-0.4654	0.8768	-0.1213	629	631	1469	3	2	0.0102	0.2571	0	0.039	0
0.0209	0.1539	-1.9903	0.2446	0.5863	-0.7145	0.4897	0.4997	630	632	1469	3	3	0.0026	0.25	0	0.0205	0
0.0218	0.0767	-2.0984	0.3358	0.648	-0.4698	0.6402	0.6078	631	633	1469	3	4	0.0023	0.4167	0	0.0218	0
0.0201	0.088	-2.1334	0.3816	0.6996	-0.7251	0.494	0.4797	632	634	1469	3	5	0.0018	0.375	0	0.0155	0
0.0197	0.0835	-2.2051	0.4401	0.7282	-0.341	0.5294	0.7768	633	635	1469	3	6	0.002	0.4167	0	0.0197	0
0.0274	0.0729	-2.249	0.4958	0.7879	-0.0305	0.3716	0.9279	634	636	1469	3	7	0.0045	0.0875	0	0.0334	0
0.0206	0.1029	-2.2788	0.5117	0.8346	-0.6517	0.3986	0.6453	635	637	1469	3	8	0.0108	0.2778	0	0.0206	0
0.0197	0.0544	-2.3358	0.5286	0.837	-0.9601	0.1754	-0.2179	636	638	1469	3	9	0.0098	0.225	0	0.01	0
0.0197	0.0355	-2.3282	0.5225	0.8903	-0.6157	0.4186	0.6676	637	0	1469	3	10	0.004	0.1167	0	0.01	0
0.026	0.1701	-2.1718	-0.0852	0.741	0.9919	-0.1215	0.0363	178	640	973	3	1	0.0044	0.4583	0	0.0298	0
0.026	0.1561	-2.0456	-0.1242	0.7205	-0.6008	0.3314	0.7275	639	641	973	3	2	0.0067	0.175	0	0.0329	0
0.026	0.0593	-2.1358	-0.0696	0.8346	-0.4729	0.4616	0.7505	640	642	973	3	3	0.004	0.125	0	0.01	0
0.026	0.0797	-2.1421	-0.0786	0.8691	-0.3367	0.0561	-0.9399	641	0	973	3	4	0.0061	0.175	0	0.01	0
0.01	0.1014	-2.1657	0.1461	0.9878	-0.5588	-0.604	0.5683	185	0	1092	3	1	0.01	0.05	0	0.01	0
0.0236	0.1861	-2.1278	0.0946	0.9597	0.6734	0.2226	-0.7049	185	645	1169	3	1	0.007	0.275	0	0.0229	0
0.0244	0.0869	-1.9948	0.141	0.8293	-0.0027	0.1759	-0.9844	644	646	1169	3	2	0.0097	0.22	0	0.0358	0
0.0244	0.014	-1.9952	0.1731	0.7493	0.3318	0.2983	-0.895	645	647	1169	3	3	0.0115	0.2361	0	0.0341	0
0.0244	0.122	-1.9899	0.1785	0.7621	0.1293	0.9904	-0.0496	646	0	1169	3	4	0.0069	0.1786	0	0.0292	0
0.0235	0.0798	-1.3642	-0.2584	-0.1806	-0.4782	-0.7138	-0.5117	0	649	1471	0	1	0.0053	0.4583	0	0.0216	0
0.0304	0.1047	-1.3954	-0.3425	-0.2435	0.0768	-0.616	0.784	648	650	1471	0	2	0.0066	0.2	0	0.0397	0
0.0216	0.0478	-1.3966	-0.4	-0.1548	0.5074	-0.1357	0.851	649	651	1471	0	3	0.0087	0.1333	0	0.01	0
0.0216	0.0706	-1.3849	-0.4089	-0.1182	-0.355	0.4804	0.802	650	0	1471	0	4	0.0022	0.0833	0	0.01	0
0.0054	0.1559	-1.5513	-0.606	-0.2195	0.5448	0.5839	0.6019	207	653	1474	3	1	0.0107	0.1125	0	0.025	1
0.0054	0.0465	-1.4689	-0.5208	-0.1285	0.7031	0.0423	-0.7098	652	654	1474	3	2	0.01	0.05	0	0.01	1
0.0054	0.0613	-1.4362	-0.5188	-0.1615	0.9459	0.1685	0.2772	653	655	1474	3	3	0.01	0.05	0	0.01	1
0.0054	0.0709	-1.3782	-0.5085	-0.1445	0.8376	0.5364	-0.1031	654	0	1474	3	4	0.01	0.05	0	0.01	1
0.0196	0.0545	-1.9079	-0.3696	-0.1571	-0.5788	0.0166	0.8153	212	657	1475	3	1	0.0051	0.3333	0	0.0204	1
0.0196	0.1881	-1.9418	-0.3532	-0.1004	-0.728	-0.4915	0.4779	656	658	1475	3	2	0.01	0.36	0	0.0254	1
0.0196	0.0785	-2.0736	-0.4541	-0.0136	-0.754	-0.5802	0.308	657	659	1475	3	3	0.0092	0.5556	0	0.0259	1
0.0196	0.019	-2.0865	-0.4492	0.0296	-0.2224	-0.1589	0.9619	658	0	1475	3	4	0.0085	0.2	0	0.0332	1
0.0296	0.0831	-1.6066	-0.3964	-0.0649	-0.6373	0.3914	-0.6638	0	661	983	0	1	0.005	0.3333	0	0.0293	0
0.0293	0.1309	-1.676	-0.3392	-0.1215	-0.7693	-0.4882	0.4122	660	662	983	0	2	0.0036	0.375	0	0.0299	0
0.0308	0.0736	-1.778	-0.4054	-0.0609	-0.98	0.1301	-0.1507	661	663	983	0	3	0.0034	0.375	0	0.0338	0
0.0261	0.0025	-1.848	-0.395	-0.0766	-0.7248	-0.5308	-0.4393	662	0	983	0	4	0.0059	0.375	0	0.0261	0
0.0151	0.0193	-1.7964	-0.7356	-0.2688	0.4013	-0.8633	0.3062	225	665	796	3	1	0.0034	0.3333	1	0.0162	1
0.0134	0.0624	-1.7886	-0.7523	-0.2629	0.5677	0.8016	0.1876	664	666	796	3	2	0.0034	0.3333	0	0.0162	1
0.0075	0.0665	-1.7419	-0.7065	-0.254	-0.2297	0.0295	-0.9728	665	0	796	3	3	0.0103	0.14	0	0.0331	1
0.0246	0.0589	-1.9511	-0.7169	-0.2483	0.7392	0.6636	0.1154	232	668	797	3	1	0.0076	0.4167	0	0.0246	1
0.0246	0.0759	-1.9075	-0.7007	-0.2643	0.6674	-0.5255	0.5278	667	669	797	3	2	0.0082	0.225	0	0.01	1
0.0246	0.0224	-1.8513	-0.7409	-0.2243	-0.0495	-0.6323	0.7732	668	0	797	3	3	0.0091	0.175	0	0.01	1
0.0295	0.2304	-1.9913	-0.7002	0.0189	0.405	-0.5734	-0.7122	243	671	421	3	1	0.0032	0.2083	0	0.0377	1
0.0193	0.0025	-1.9094	-0.853	-0.1463	0.7661	-0.3976	-0.505	670	672	421	3	2	0.01	0.05	0	0.01	1
0.018	0.0505	-1.9122	-0.8418	-0.1724	0.8125	0.5693	0.1252	671	673	421	3	3	0.01	0.05	0	0.01	1
0.014	0.1694	-1.8495	-0.8195	-0.151	0.5293	-0.1633	-0.8325	672	674	421	3	4	0.01	0.05	0	0.01	1
0.0085	0.212	-1.7598	-0.8472	-0.292	0.9981	-0.024	-0.0576	673	0	421	3	5	0.01	0.05	0	0.01	1
0.0347	0.1904	-2.0155	-0.6119	0.0387	0.8985	-0.4383	-0.0252	242	676	426	3	1	0.0077	0.1458	1	0.0365	1
0.0335	0.1571	-1.8444	-0.6953	0.0339	0.7928	0.5543	-0.2534	675	677	426	3	2	0.0077	0.1458	0	0.0365	1
0.0312	0.1818	-1.7054	-0.6039	-0.0221	-0.4711	-0.6488	-0.5977	676	678	426	3	3	0.0023	0.25	0	0.0327	1
0.0203	0.0035	-1.7671	-0.71	-0.1353	0.2695	-0.7719	-0.5758	677	679	426	3	4	0.0052	0.1	0	0.01	1
0.0263	0.1504	-1.7235	-0.737	-0.1354	-0.47	-0.7981	0.3771	678	680	426	3	5	0.0109	0.1125	0	0.035	1
0.0145	0.0242	-1.7719	-0.8504	-0.0938	0.1254	-0.9633	-0.2375	679	681	426	3	6	0.01	0.05	0	0.01	1
0.0112	0.093	-1.7703	-0.8748	-0.0948	-0.9359	-0.1487	-0.3193	680	682	426	3	7	0.01	0.05	0	0.01	1
0.0077	0.1794	-1.8573	-0.8887	-0.1245	-0.1132	-0.508	-0.8539	681	0	426	3	8	0.01	0.05	0	0.01	1
0.023	0.1006	-2.0239	-0.618	0.0648	0.7762	-0.6211	0.1082	242	684	427	3	1	0.006	0.375	1	0.0229	1
0.021	0.0867	-1.9458	-0.6805	0.0757	-0.7509	-0.6585	0.0498	683	685	427	3	2	0.006	0.375	0	0.0229	1
0.0194	0.0611	-2.011	-0.759	0.0637	-0.4671	-0.5344	0.7044	684	686	427	3	3	0.0079	0.175	0	0.0265	1
0.01	0.0233	-2.0418	-0.7829	0.115	-0.5019	-0.6565	0.5631	685	0	427	3	4	0.01	0.05	0	0.01	1
0.0224	0.0808	-2.0181	-0.5948	0.0782	0.9715	0.0033	-0.237	242	688	428	3	1	0.0048	0.25	1	0.0239	1
0.0199	0.1251	-1.9396	-0.5945	0.059	-0.8133	0.4877	0.3173	687	689	428	3	2	0.0048	0.25	0	0.0239	1
0.0136	0.118	-2.0447	-0.5325	0.0812	-0.9376	0.2864	0.1969	688	690	428	3	3	0.01	0.05	0	0.01	1
0.01	0.0954	-2.1553	-0.4987	0.1045	-0.6103	-0.1811	0.7712	689	0	428	3	4	0.01	0.05	0	0.01	1
0.0102	0.0703	-2.216	-0.7187	0.2088	0.6313	-0.499	-0.5937	245	692	431	3	1	0.0062	0.2308	1	0.0573	1
0.0102	0.1176	-2.1323	-0.7429	0.1577	0.0768	0.4751	0.8766	691	693	431	3	2	0.0237	0.1833	0	0.0573	1
0.01	0.1447	-2.1053	-0.7105	0.2569	-0.3425	-0.4059	0.8473	692	0	431	3	3	0.01	0.05	0	0.01	1
0.031	0.151	-2.2379	-0.649	0.1942	-0.2182	0.8505	0.4786	245	695	433	3	1	0.002	0.25	1	0.0355	1
0.031	0.1128	-2.2709	-0.5206	0.2665	-0.6022	-0.4025	0.6894	694	696	433	3	2	0.002	0.25	0	0.0355	1
0.0195	0.1067	-2.3255	-0.5704	0.3493	-0.4515	-0.6232	0.6386	695	697	433	3	3	0.0046	0.1667	0	0.0259	1
0.01	0.0945	-2.3561	-0.6411	0.4277	-0.5286	-0.4499	0.7198	696	0	433	3	4	0.01	0.05	0	0.01	1
0.0341	0.2235	-2.2322	-0.7469	0.3201	0.3396	-0.231	-0.9118	246	699	434	3	1	0.0186	0.1091	0	0.066	1
0.0236	0.1158	-2.1201	-0.8077	0.1359	-0.3472	-0.9128	0.2153	698	700	434	3	2	0.003	0.2	0	0.0211	1
0.0296	0.0761	-2.1493	-0.9012	0.1323	0.5226	-0.8381	-0.1565	699	701	434	3	3	0.0025	0.2917	0	0.0346	1
0.0232	0.0851	-2.1253	-0.9646	0.1229	-0.087	-0.9062	-0.4138	700	702	434	3	4	0.0033	0.375	0	0.0251	1
0.0188	0.0584	-2.1367	-1.0317	0.0753	-0.1151	-0.7909	-0.601	701	703	434	3	5	0.0021	0.375	0	0.0223	1
0.0083	0.0409	-2.1551	-1.0887	0.0486	0.1118	-0.6865	-0.7185	702	0	434	3	6	0.01	0.05	0	0.01	1
0.01	0.1179	-2.3025	-0.7347	0.3711	-0.857	-0.5046	0.1044	246	705	1478	3	1	0.01	0.05	1	0.01	1
0.01	0.0837	-2.4035	-0.7942	0.3834	-0.0396	-0.5369	0.8427	704	706	1478	3	2	0.01	0.05	0	0.01	1
0.01	0.0456	-2.4068	-0.8392	0.454	-0.9025	-0.0902	0.4212	705	0	1478	3	3	0.01	0.05	0	0.01	1
0.0095	0.1751	0.0071	0.9679	-0.0281	0.3253	-0.9434	-0.0649	292	708	1483	3	1	0.0053	0.3542	1	0.0249	0
0.0095	0.1778	0.0664	0.8047	-0.0371	-0.3811	0.856	-0.3493	707	709	1483	3	2	0.0148	0.3	0	0.0249	0
0.0095	0.0373	-0.0075	0.9479	-0.1093	-0.1501	0.7794	-0.6082	708	710	1483	3	3	0.01	0.4259	0	0.0267	0
0.0095	0.1137	-0.0205	0.9718	-0.1201	0.8655	-0.281	0.4146	709	0	1483	3	4	0.0108	0.2	0	0.0204	0
0.0233	0.1373	0.5969	1.8504	0.5381	-0.0877	-0.7874	0.6102	307	712	458	3	1	0.0065	0.3125	0	0.0208	0
0.0243	0.0903	0.5745	1.7572	0.6422	0.8686	0.4885	0.0825	711	713	458	3	2	0.0022	0.3333	0	0.0243	0
0.0289	0.0956	0.6904	1.8063	0.6352	0.3781	-0.2413	0.8938	712	714	458	3	3	0.0089	0.18	0	0.1004	0
0.0207	0.0616	0.7031	1.7998	0.731	-0.005	-0.5354	0.8446	713	715	458	3	4	0.0031	0.3333	0	0.0207	0
0.0288	0.0586	0.7082	1.7927	0.7928	0.1437	-0.3727	0.9168	714	716	458	3	5	0.0077	0.275	0	0.0354	0
0.0226	0.1001	0.7613	1.7916	0.8219	0.4569	0.069	0.8868	715	717	458	3	6	0.0088	0.15	0	0.0682	0
0.0104	0.0186	0.7975	1.7885	0.9125	0.3393	-0.1442	0.9295	716	718	458	3	7	0.01	0.05	0	0.01	0
0.0077	0.0659	0.8038	1.7858	0.9298	0.8217	0.4664	0.3276	717	0	458	3	8	0.01	0.05	0	0.01	0
0.01	0.197	0.5797	1.8993	0.644	0.0151	-0.4238	0.9056	308	720	1484	3	1	0.01	0.05	0	0.01	0
0.01	0.0781	0.5827	1.8158	0.8225	-0.7805	-0.4816	-0.3986	719	0	1484	3	2	0.01	0.05	0	0.01	0
0.026	0.0617	-0.2992	0.3206	0.3111	0.2142	-0.9525	0.2167	323	722	465	3	1	0.0055	0.4167	0	0.026	1
0.026	0.0238	-0.2753	0.2497	0.305	-0.6089	-0.779	0.1496	721	723	465	3	2	0.0098	0.225	0	0.01	1
0.026	0.0822	-0.3086	0.2405	0.3035	-0.4522	-0.523	0.7224	722	0	465	3	3	0.006	0.16	0	0.01	1
0.024	0.0342	-0.3132	0.2885	0.5781	0.8308	-0.4848	-0.2734	327	725	472	3	1	0.0042	0.2813	0	0.0254	1
0.0193	0.0812	-0.2743	0.2754	0.5694	0.3163	-0.9233	-0.218	724	726	472	3	2	0.003	0.2917	0	0.0231	1
0.01	0.0735	-0.2684	0.1992	0.5433	0.1239	-0.9797	-0.1577	725	0	472	3	3	0.01	0.05	0	0.01	1
0.0285	0.1409	-0.3731	0.3287	0.5626	0.13	0.2996	-0.9452	327	728	1485	3	1	0.007	0.4167	0	0.0285	1
0.0285	0.1197	-0.3298	0.3813	0.4292	-0.3836	0.9182	-0.0988	727	729	1485	3	2	0.0027	0.3	0	0.0284	1
0.0285	0.1227	-0.3727	0.493	0.4201	-0.4555	0.8872	-0.0732	728	0	1485	3	3	0.0022	0.2292	0	0.0264	1
0.0188	0.0468	-0.3347	0.2939	0.5163	-0.8726	-0.3273	-0.3627	326	731	817	3	1	0.0018	0.3125	1	0.0188	1
0.0188	0.1043	-0.3755	0.2786	0.4994	-0.2707	0.9247	0.2677	730	732	817	3	2	0.0018	0.3125	0	0.0188	1
0.0243	0.0931	-0.4381	0.4085	0.5163	-0.4284	-0.6464	-0.6314	731	733	817	3	3	0.0088	0.2	0	0.04	1
0.0133	0.0278	-0.484	0.3483	0.4556	0.2453	-0.6175	-0.7474	732	734	817	3	4	0.01	0.05	0	0.01	1
0.01	0.077	-0.4772	0.3312	0.4348	-0.4605	-0.6691	-0.5834	733	735	817	3	5	0.01	0.05	0	0.01	1
0.0065	0.0613	-0.5126	0.2796	0.3899	0.4166	-0.4489	-0.7905	734	0	817	3	6	0.01	0.05	0	0.01	1
0.0213	0.0921	0.4337	0.1327	0.102	-0.6149	-0.7832	0.0924	337	737	481	3	1	0.0069	0.375	0	0.0213	1
0.0233	0.138	0.3896	0.0286	0.1175	0.8897	0.3971	0.2252	736	738	481	3	2	0.0063	0.1714	0	0.0292	1
0.0206	0.1184	0.5046	0.0827	0.1442	0.4518	0.2776	-0.8479	737	739	481	3	3	0.0024	0.3125	0	0.0231	1
0.01	0.0864	0.5674	0.1208	0.0517	0.4694	0.3721	-0.8007	738	740	481	3	4	0.01	0.05	0	0.01	1
0.0085	0.061	0.629	0.143	0.056	0.8855	0.4212	-0.1963	739	741	481	3	5	0.01	0.05	0	0.01	1
0.0049	0.0371	0.6067	0.1119	0.0697	0.6233	-0.6233	0.4722	740	0	481	3	6	0.0046	0.075	0	0.01	1
0.011	0.0586	0.4547	0.1528	0.1022	-0.5456	0.0074	-0.838	338	743	482	3	1	0.0096	0.175	0	0.0306	1
0.0124	0.125	0.43	0.1405	0.0393	0.3655	0.7715	-0.5207	742	744	482	3	2	0.0139	0.28	0	0.0293	1
0.0103	0.0518	0.4493	0.2322	-0.0399	-0.087	0.9823	-0.1659	743	0	482	3	3	0.0094	0.1167	0	0.0266	1
0.0239	0.1676	0.4641	0.1866	0.1217	0.7572	-0.0234	-0.6528	338	746	483	3	1	0.0066	0.25	0	0.0204	1
0.0239	0.1319	0.5883	0.1933	0.0367	0.7592	-0.5605	0.3308	745	747	483	3	2	0.0105	0.2714	0	0.0291	1
0.0239	0.0911	0.6922	0.1229	0.0802	0.6627	-0.6962	0.2759	746	748	483	3	3	0.003	0.5417	0	0.0239	1
0.0239	0.0173	0.7589	0.0697	0.1043	0.7978	-0.4553	0.3953	747	749	483	3	4	0.0107	0.5238	0	0.0262	1
0.0239	0.0541	0.7719	0.0614	0.1071	0.0061	-0.9948	0.1012	748	0	483	3	5	0.0051	0.25	0	0.0244	1
0.0292	0.0903	0.5167	0.1668	0.1718	0.2222	-0.5297	0.8186	339	751	484	3	1	0.0091	0.1857	0	0.0374	1
0.0276	0.0958	0.5354	0.1354	0.2475	0.9193	0.1145	-0.3766	750	752	484	3	2	0.0035	0.2917	0	0.0276	1
0.0225	0.0892	0.6223	0.1461	0.2093	0.8505	-0.2565	-0.4591	751	753	484	3	3	0.0036	0.4583	0	0.0225	1
0.0225	0.0468	0.7037	0.1327	0.1725	0.806	-0.2273	-0.5465	752	754	484	3	4	0.0097	0.3125	0	0.0203	1
0.0225	0.0325	0.735	0.1406	0.1665	0.9442	0.3293	0	753	755	484	3	5	0.01	0.05	0	0.01	1
0.0225	0.0703	0.7741	0.1595	0.1771	0.8335	-0.1832	-0.5213	754	0	484	3	6	0.0055	0.14	0	0.01	1
0.01	0.1384	0.6006	0.1248	0.282	-0.7157	-0.5989	0.3593	340	757	829	3	1	0.01	0.05	1	0.01	1
0.01	0.0777	0.5016	0.0419	0.3317	-0.8232	-0.2719	-0.4984	756	758	829	3	2	0.01	0.05	0	0.01	1
0.01	0.0719	0.4377	0.0208	0.293	-0.6107	-0.4488	0.6524	757	0	829	3	3	0.01	0.05	0	0.01	1
0.025	0.1326	0.8494	0.1159	0.2226	0.7626	-0.0246	0.6464	343	760	831	3	1	0.0093	0.4583	0	0.025	1
0.025	0.1091	0.9096	0.1354	0.3207	0.4527	0.3705	0.811	759	761	831	3	2	0.0024	0.25	0	0.0284	1
0.025	0.0688	0.9495	0.1754	0.4102	0.0901	0.3274	0.9406	760	0	831	3	3	0.0056	0.1167	0	0.01	1
0.0272	0.1348	0.9197	0.111	0.2251	-0.6467	0.5648	0.5125	344	763	1015	3	1	0.0052	0.3438	0	0.0291	1
0.0184	0.052	0.8558	0.1723	0.2905	-0.4005	-0.7529	0.5223	762	764	1015	3	2	0.0125	0.2	0	0.01	1
0.0189	0.176	0.8338	0.1372	0.3139	-0.4069	0.5485	0.7305	763	765	1015	3	3	0.0018	0.2	0	0.0189	1
0.0109	0.0717	0.7703	0.2379	0.4434	-0.3535	0.5382	0.7651	764	766	1015	3	4	0.01	0.05	0	0.01	1
0.0076	0.1108	0.7455	0.265	0.5045	-0.3505	0.4307	0.8316	765	0	1015	3	5	0.01	0.05	0	0.01	1
0.0316	0.0245	1.3719	0.0732	0.4141	-0.0901	0.4979	0.8625	349	768	1115	3	1	0.0097	0.5	0	0.0316	1
0.0316	0.096	1.3983	0.0696	0.4184	0.4148	-0.1972	0.8883	767	769	1115	3	2	0.0071	0.28	0	0.0213	1
0.0316	0.0728	1.4341	0.032	0.542	-0.4851	0.8059	0.3394	768	770	1115	3	3	0.0064	0.225	0	0.0417	1
0.0316	0.0364	1.4545	0.0826	0.5833	-0.2864	-0.0099	0.9581	769	771	1115	3	4	0.0055	0.15	0	0.01	1
0.0316	0.0485	1.4382	0.0795	0.6165	-0.4809	0.7076	0.5177	770	772	1115	3	5	0.0055	0.125	0	0.01	1
0.0316	0.0245	1.4211	0.1039	0.6574	0.0608	0.8555	0.5142	771	0	1115	3	6	0.0017	0.125	0	0.01	1
0.0329	0.0288	1.1121	0.1302	0.2291	0.3654	-0.849	-0.3817	346	774	1116	3	1	0.0108	0.4063	1	0.0329	1
0.0329	0.0977	1.1226	0.1057	0.2181	0.4019	-0.0875	0.9115	773	775	1116	3	2	0.0108	0.4063	0	0.0329	1
0.0329	0.1524	1.1392	0.0943	0.2882	-0.5488	0.6201	0.5606	774	776	1116	3	3	0.0084	0.1591	0	0.0252	1
0.0329	0.135	1.0912	0.2097	0.3666	0.0362	0.2619	0.9644	775	777	1116	3	4	0.0079	0.0744	0	0.0507	1
0.0329	0.0698	1.1259	0.2078	0.4918	0.2061	0.0323	0.978	776	778	1116	3	5	0.0066	0.1364	0	0.01	1
0.0329	0.0515	1.1883	0.1827	0.5101	0.68	-0.1256	0.7223	777	779	1116	3	6	0.0078	0.1616	0	0.0179	1
0.0329	0.0679	1.1714	0.184	0.581	0.5261	-0.1298	0.8404	778	780	1116	3	7	0.0065	0.1364	0	0.01	1
0.0329	0.0275	1.2409	0.2138	0.5629	0.9256	-0.239	0.2934	779	0	1116	3	8	0.0049	0.1591	0	0.01	1
0.0228	0.1178	1.2121	0.1675	0.3455	-0.6821	0.6374	-0.3585	347	782	1190	3	1	0.0041	0.2188	0	0.0224	1
0.0308	0.1555	1.1561	0.2819	0.2831	-0.8478	0.5302	0.009	781	783	1190	3	2	0.0095	0.1625	0	0.0389	1
0.014	0.1372	1.0208	0.3643	0.276	-0.9037	0.21	0.3731	782	784	1190	3	3	0.01	0.05	0	0.01	1
0.01	0.1185	0.9012	0.4118	0.3198	-0.882	0.3402	0.3261	783	0	1190	3	4	0.01	0.05	0	0.01	1
0.0238	0.1022	1.4872	0.0495	0.4614	0.3596	0.5553	0.7499	350	786	1191	3	1	0.0066	0.3125	0	0.0238	1
0.0262	0.0871	1.5234	0.1351	0.5944	-0.4508	-0.7963	0.4033	785	787	1191	3	2	0.0144	0.28	0	0.0473	1
0.026	0.0881	1.4799	0.06	0.6406	0.9304	0.0267	0.3656	786	788	1191	3	3	0.0078	0.225	0	0.0448	1
0.019	0.0333	1.5689	0.0563	0.673	0.4248	0.4956	0.7576	787	789	1191	3	4	0.0057	0.12	0	0.01	1
0.0251	0.0952	1.5651	0.1473	0.7075	0.0298	-0.1162	0.9928	788	790	1191	3	5	0.0124	0.24	0	0.0522	1
0.0178	0.0038	1.5612	0.158	0.7983	0.0888	0.1938	0.977	789	791	1191	3	6	0.0033	0.125	0	0.01	1
0.0221	0.1467	1.5618	0.181	0.7855	0.7757	0.3678	0.5128	790	792	1191	3	7	0.0023	0.275	0	0.0221	1
0.0207	0.1544	1.6767	0.234	0.8604	0.6449	0.5189	0.561	791	793	1191	3	8	0.002	0.2083	0	0.0217	1
0.0129	0.1716	1.7912	0.2981	0.9395	0.7025	0.3641	0.6115	792	794	1191	3	9	0.01	0.05	0	0.01	1
0.0202	0.0489	1.7796	0.3358	0.948	-0.5698	0.5003	0.6519	793	795	1191	3	10	0.0088	0.225	0	0.0367	1
0.0166	0.1386	1.7509	0.3679	0.9753	-0.7415	0.277	0.6112	794	796	1191	3	11	0.0094	0.1286	0	0.0362	1
0.0085	0.0779	1.6444	0.4045	1.0607	-0.3473	0.8578	0.3789	795	0	1191	3	12	0.01	0.05	0	0.01	1
0.0232	0.0943	1.5336	0.0513	0.4966	0.5581	-0.2423	0.7936	351	798	1245	3	1	0.006	0.3125	0	0.0232	1
0.0175	0.1108	1.5784	0.0145	0.5788	0.7179	-0.0337	0.6953	797	799	1245	3	2	0.0024	0.2813	0	0.017	1
0.0159	0.0452	1.6438	0.0205	0.6557	0.2593	0.3821	0.887	798	800	1245	3	3	0.0027	0.125	0	0.01	1
0.022	0.1006	1.6474	0.032	0.6829	0.522	-0.8512	0.0545	799	801	1245	3	4	0.0101	0.1667	0	0.0374	1
0.01	0.0382	1.6974	-0.0473	0.7007	-0.1816	-0.8879	0.4228	800	802	1245	3	5	0.01	0.05	0	0.01	1
0.0074	0.0622	1.6905	-0.0812	0.7168	0.1796	-0.4297	-0.885	801	0	1245	3	6	0.01	0.05	0	0.01	1
0.0255	0.1362	1.8438	-0.0416	0.6738	0.6427	0.7426	-0.1883	356	804	1246	3	1	0.0069	0.1714	0	0.0322	1
0.0245	0.1346	1.9567	0.0574	0.6435	0.1573	-0.208	0.9654	803	805	1246	3	2	0.0084	0.1857	0	0.034	1
0.0215	0.078	2.0208	0.0534	0.7487	0.4815	0.0452	0.8753	804	806	1246	3	3	0.006	0.0778	0	0.0587	1
0.0125	0.0734	2.0564	0.0713	0.784	0.7123	0.6579	0.2447	805	807	1246	3	4	0.01	0.05	0	0.01	1
0.0101	0.0415	2.0387	0.0747	0.8043	-0.2657	0.4596	0.8474	806	808	1246	3	5	0.01	0.05	0	0.01	1
0.0075	0.1609	2.0277	0.0938	0.8395	-0.8413	0.3436	0.4174	807	0	1246	3	6	0.01	0.05	0	0.01	1
0.0214	0.0492	1.8089	-0.0135	0.6647	0.0059	0.9086	0.4175	356	810	1285	3	1	0.0057	0.4167	1	0.0214	1
0.0214	0.0878	1.8092	0.0312	0.6852	-0.539	-0.1805	0.8227	809	811	1285	3	2	0.0057	0.4167	0	0.0214	1
0.025	0.1556	1.7664	0.0108	0.7621	-0.7039	0.01	0.7102	810	812	1285	3	3	0.0099	0.225	0	0.0306	1
0.0246	0.0569	1.6814	0.016	0.8627	0.3393	0.2174	0.9152	811	813	1285	3	4	0	0.0286	0	0.0409	1
0.0214	0.0143	1.7047	0.0261	0.9014	0.8632	-0.3849	0.3266	812	814	1285	3	5	0.0038	0.1	0	0.01	1
0.0214	0.1222	1.7278	0.036	0.8856	0.7162	0.3229	0.6187	813	815	1285	3	6	0.0024	0.175	0	0.0214	1
0.0214	0.0105	1.8099	0.0811	0.9497	-0.2293	0.8254	0.5159	814	816	1285	3	7	0.0034	0.125	0	0.01	1
0.0241	0.2082	1.8475	0.0958	0.9659	-0.2647	0.8075	0.5272	815	817	1285	3	8	0.0179	0.1	0	0.0438	1
0.0236	0.0896	1.7977	0.2458	1.0876	-0.3793	0.4283	0.8202	816	818	1285	3	9	0.0029	0.25	0	0.0239	1
0.0237	0.0855	1.7439	0.2785	1.1489	-0.5647	0.319	0.7611	817	819	1285	3	10	0.003	0.3333	0	0.0241	1
0.0214	0.1316	1.6985	0.2967	1.2177	-0.581	0.1501	0.8	818	820	1285	3	11	0.0094	0.2386	0	0.0192	1
0.0214	0.083	1.6085	0.3171	1.3055	-0.7849	0.0892	0.6132	819	821	1285	3	12	0.0078	0.14	0	0.01	1
0.0214	0.0703	1.576	0.3023	1.3756	-0.5262	-0.0376	0.8495	820	0	1285	3	13	0.0032	0.125	0	0.01	1
0.0213	0.1568	1.9079	-0.029	0.8088	-0.2118	-0.4039	-0.8899	358	823	1287	3	1	0.008	0.4167	1	0.0232	1
0.0213	0.0835	1.8747	-0.0924	0.6693	0.2828	0.5836	0.7612	822	824	1287	3	2	0.008	0.4167	0	0.0232	1
0.0213	0.0542	1.9023	-0.0397	0.7378	-0.2125	0.8427	-0.4946	823	825	1287	3	3	0.0041	0.1	0	0.01	1
0.0213	0.0684	1.8898	0.0099	0.7215	0.4628	0.8421	-0.2769	824	0	1287	3	4	0.0048	0.12	0	0.01	1
0.0235	0.0657	1.8521	0.0015	0.7941	0.181	-0.3842	0.9053	357	827	1289	3	1	0.0168	0.35	0	0.0451	1
0.0175	0.0373	1.8271	-0.0007	0.8583	-0.13	-0.3936	0.91	826	828	1289	3	2	0.0049	0.14	0	0.01	1
0.0231	0.1355	1.8211	-0.0044	0.8904	0.3583	0.1894	0.9142	827	829	1289	3	3	0.0061	0.1714	0	0.0441	1
0.0222	0.127	1.8379	0.0165	0.9866	-0.6	0.5364	0.5935	828	830	1289	3	4	0.0051	0.0556	0	0.0418	1
0.02	0.1504	1.7534	0.0714	1.0429	-0.7903	0.608	-0.0765	829	831	1289	3	5	0.0066	0.0214	0	0.0354	1
0.0119	0.1448	1.6553	0.1569	0.9894	-0.7634	0.4682	-0.445	830	832	1289	3	6	0.01	0.05	0	0.01	1
0.0129	0.1043	1.6014	0.2364	0.946	0.0261	0.8416	-0.5394	831	833	1289	3	7	0.0287	0.0909	0	0.1158	1
0.0074	0.1662	1.5712	0.3278	0.8962	0.0032	0.8812	-0.4728	832	834	1289	3	8	0.01	0.05	0	0.01	1
0.0044	0.0559	1.6425	0.3549	0.8668	0.8581	0.3564	-0.3696	833	0	1289	3	9	0.0061	0.1	0	0.01	1
0.01	0.0916	1.7667	-0.0284	0.7935	0.3866	-0.1725	0.906	358	836	1334	3	1	0.01	0.05	0	0.01	1
0.01	0.0534	1.8022	-0.0442	0.8765	0.178	-0.0281	0.9836	835	0	1334	3	2	0.01	0.05	0	0.01	1
0.0095	0.1126	1.8573	-0.0202	0.8355	0.5002	0.136	0.8552	358	838	1389	3	1	0.0096	0.1333	0	0.0199	1
0.0095	0.056	1.9068	-0.0139	0.9427	0.5072	0.4781	0.7171	837	0	1389	3	2	0.01	0.05	0	0.01	1
0.0286	0.0797	0.2394	0.5228	0.3045	-0.2162	-0.6684	0.7117	377	840	491	3	1	0.0035	0.4167	1	0.0286	0
0.0286	0.0816	0.2222	0.4695	0.3612	-0.0006	-0.7203	0.6937	839	841	491	3	2	0.0035	0.4167	0	0.0286	0
0.0286	0.0986	0.2511	0.3944	0.4385	-0.0414	0.7542	0.6554	840	842	491	3	3	0.0078	0.2	0	0.0353	0
0.0286	0.1088	0.2535	0.4652	0.5043	0.2096	0.6285	0.7491	841	843	491	3	4	0.0079	0.15	0	0.0378	0
0.0286	0.1345	0.2872	0.5525	0.5663	0.2743	0.6087	0.7444	842	844	491	3	5	0.01	0.05	0	0.01	0
0.0286	0.0689	0.341	0.5038	0.6235	0.3844	-0.2434	0.8905	843	0	491	3	6	0.0079	0.15	0	0.01	0
0.0222	0.0929	0.2965	0.7052	0.386	-0.7055	-0.0394	-0.7076	379	846	492	3	1	0.0028	0.3333	1	0.0231	0
0.0202	0.0618	0.231	0.7015	0.3203	-0.9868	-0.0716	0.145	845	847	492	3	2	0.0028	0.3333	0	0.0231	0
0.0135	0.0505	0.1647	0.706	0.3356	-0.3961	-0.676	0.6214	846	848	492	3	3	0.01	0.05	0	0.01	0
0.01	0.098	0.1447	0.6718	0.367	-0.4494	0.4851	0.7502	847	0	492	3	4	0.01	0.05	0	0.01	0
0.0286	0.1153	0.3059	0.5654	0.3549	-0.9268	0.3209	0.1953	378	850	1489	3	1	0.0113	0.1857	0	0.038	0
0.0286	0.0903	0.1921	0.6055	0.376	0.148	-0.1352	-0.9797	849	851	1489	3	2	0.0037	0.5	0	0.0323	0
0.0286	0.0736	0.1772	0.621	0.2848	-0.6466	-0.6898	-0.3258	850	852	1489	3	3	0.003	0.4167	0	0.0286	0
0.0286	0.0942	0.1447	0.5806	0.2258	-0.7429	-0.4845	-0.4618	851	853	1489	3	4	0.0039	0.375	0	0.031	0
0.0286	0.0266	0.0921	0.561	0.1857	0.8064	-0.4948	-0.3238	852	854	1489	3	5	0.0065	0.15	0	0.01	0
0.0286	0.0453	0.1283	0.535	0.1486	0.5235	0.845	-0.1093	853	0	1489	3	6	0.0038	0.15	0	0.01	0
0.0082	0.1895	0.2967	0.5554	0.3955	0.3056	0.4176	0.8557	378	856	835	3	1	0.0107	0.07	0	0.0203	0
0.0083	0.0775	0.3613	0.6291	0.5531	0.194	0.7612	-0.6188	855	0	835	3	2	0.01	0.05	0	0.01	0
0.0232	0.0415	0.3647	0.748	0.4645	-0.2135	-0.1128	0.9704	380	858	837	3	1	0.0039	0.375	0	0.0232	1
0.0243	0.1129	0.3635	0.7729	0.5162	0.468	-0.4196	0.7778	857	859	837	3	2	0.0034	0.3438	0	0.0243	1
0.0175	0.1174	0.4135	0.7285	0.6033	0.2809	0.467	0.8385	858	860	837	3	3	0.0018	0.25	0	0.0175	1
0.0185	0.1778	0.4701	0.7777	0.7033	-0.0048	0.2404	0.9707	859	861	837	3	4	0.0063	0.1222	0	0.0277	1
0.0068	0.055	0.4658	0.8389	0.8783	0.7626	0.0545	0.6446	860	0	837	3	5	0.01	0.05	0	0.01	1
0.0259	0.0657	0.2831	0.6549	0.4421	0.0584	0.82	0.5694	379	863	838	3	1	0.0049	0.4167	0	0.0249	0
0.0338	0.1225	0.2364	0.7239	0.4896	0.3224	0.5816	0.7469	862	864	838	3	2	0.013	0.1667	0	0.053	0
0.0249	0.0578	0.227	0.7875	0.583	-0.1456	0.9757	0.1635	863	865	838	3	3	0.007	0.15	0	0.01	0
0.0249	0.0733	0.2273	0.8277	0.5903	-0.0174	-0.139	0.9901	864	0	838	3	4	0.0052	0.1	0	0.01	0
0.0326	0.1089	0.4681	0.9136	0.5574	0.084	-0.9206	-0.3815	383	867	843	3	1	0.0056	0.3125	1	0.0356	0
0.031	0.0937	0.4772	0.8133	0.5159	0.0732	0.42	0.9046	866	868	843	3	2	0.0056	0.3125	0	0.0356	0
0.0267	0.1142	0.4664	0.857	0.5974	-0.1512	0.1193	0.9813	867	869	843	3	3	0.0043	0.3438	0	0.0297	0
0.0118	0.0115	0.4822	0.8825	0.6871	0.2973	0.5882	0.7521	868	870	843	3	4	0.01	0.05	0	0.01	0
0.0076	0.0377	0.4856	0.8849	0.6934	0.4671	0.4237	-0.776	869	0	843	3	5	0.01	0.05	0	0.01	0
0.026	0.0791	0.6267	1.1875	0.8897	0.207	-0.5879	0.782	387	872	1027	3	1	0.005	0.225	1	0.0274	0
0.026	0.1318	0.6431	1.141	0.9516	-0.0623	-0.5203	0.8517	871	873	1027	3	2	0.005	0.225	0	0.0274	0
0.0141	0.0621	0.609	1.0857	1.0343	-0.7006	-0.6331	0.3292	872	874	1027	3	3	0.01	0.05	0	0.01	0
0.01	0.0858	0.6355	1.0696	1.0525	0.264	-0.7368	0.6225	873	0	1027	3	4	0.01	0.05	0	0.01	0
0.01	0.0942	0.526	0.9938	0.7126	0.394	0.3029	0.8678	383	876	1123	3	1	0.01	0.05	1	0.01	0
0.01	0.0896	0.5631	1.0224	0.7943	0.3948	0.7437	0.5395	875	877	1123	3	2	0.01	0.05	0	0.01	0
0.01	0.0186	0.6007	1.0875	0.8367	0.2334	-0.918	0.3205	876	0	1123	3	3	0.01	0.05	0	0.01	0
0.033	0.1208	0.6678	1.2822	0.9595	0.0587	-0.5567	0.8286	388	879	1128	3	1	0.0086	0.5313	0	0.0338	0
0.033	0.0957	0.6758	1.2151	1.0628	0.0492	0.9956	-0.08	878	880	1128	3	2	0.0044	0.4167	0	0.033	0
0.033	0.1386	0.6902	1.3241	1.0437	0.7184	0.0686	0.6923	879	881	1128	3	3	0.0122	0.1558	0	0.0382	0
0.033	0.1022	0.7433	1.3715	1.124	0.0793	0.4632	0.8827	880	882	1128	3	4	0.0069	0.1212	0	0.01	0
0.033	0.0137	0.7996	1.3467	1.1685	0.5274	-0.1738	0.8317	881	0	1128	3	5	0.0082	0.1364	0	0.0257	0
0.0197	0.1528	0.8142	1.5919	1.0902	0.3234	-0.7986	0.5076	393	884	1372	3	1	0.0069	0.275	0	0.0223	0
0.0149	0.0708	0.8732	1.4789	1.1528	0.6622	-0.7487	-0.0306	883	885	1372	3	2	0.01	0.05	0	0.01	0
0.0125	0.0827	0.8838	1.4311	1.1789	0.1787	-0.9007	0.396	884	886	1372	3	3	0.01	0.05	0	0.01	0
0.01	0.2714	0.9194	1.3962	1.2269	0.5018	-0.5288	0.6845	885	0	1372	3	4	0.01	0.05	0	0.01	0
0.0248	0.0761	0.854	1.7122	1.0594	-0.1462	0.1182	-0.9822	395	888	1401	3	1	0.0065	0.4583	0	0.0248	0
0.0248	0.0975	0.8507	1.7246	0.9972	-0.5016	0.8616	0.0784	887	889	1401	3	2	0.0069	0.0857	0	0.01	0
0.0248	0.0709	0.7905	1.8118	0.9831	0.6808	0.6874	-0.2529	888	0	1401	3	3	0.0041	0.25	0	0.0267	0
0.01	0.0989	0.9503	1.8118	1.0234	-0.7648	0.5695	0.3013	397	891	1422	3	1	0.01	0.05	0	0.01	0
0.01	0.0897	0.8747	1.8681	1.0532	0.2823	0.6597	0.6965	890	0	1422	3	2	0.01	0.05	0	0.01	0
0.0177	0.1409	0.0509	0.3711	0.2467	-0.5807	0.6663	0.4679	409	893	1490	3	1	0.0377	0.2875	0	0.059	0
0.0168	0.1147	-0.0566	0.4581	0.2974	-0.1841	-0.7424	0.6442	892	894	1490	3	2	0.0068	0.2	0	0.0223	0
0.01	0.0242	-0.0818	0.3744	0.3648	-0.6423	-0.729	0.2364	893	0	1490	3	3	0.01	0.05	0	0.01	0
0.0025	0.076	0.1375	-0.0937	0.1922	-0.3832	0.373	0.845	419	896	1491	3	1	0.0196	0.175	1	0.01	1
0.0025	0.1099	0.1064	-0.0403	0.2602	0.6383	0.1619	-0.7526	895	897	1491	3	2	0.01	0.05	0	0.01	1
0.0025	0.0352	0.1761	-0.0224	0.1767	0.0396	0.9904	0.1321	896	0	1491	3	3	0.0164	0.15	0	0.01	1
0.021	0.2149	-0.3117	0.0022	0.2855	-0.6868	0.2515	-0.6819	432	899	522	3	1	0.0071	0.375	1	0.0214	0
0.0186	0.0839	-0.4593	0.0563	0.139	-0.1048	-0.9758	0.1918	898	900	522	3	2	0.0071	0.375	0	0.0214	0
0.01	0.1334	-0.4626	-0.0292	0.1384	-0.5119	-0.8588	0.0206	899	0	522	3	3	0.01	0.05	0	0.01	0
0.0328	0.1512	-0.3801	-0.0246	0.3085	-0.6951	0.6909	-0.1989	433	902	537	3	1	0.0058	0.4583	1	0.0326	0
0.0327	0.0877	-0.4852	0.0798	0.2784	-0.0979	0.5431	0.8339	901	903	537	3	2	0.0058	0.4583	0	0.0326	0
0.0341	0.1199	-0.513	0.1005	0.3855	0.2186	0.6995	0.6804	902	904	537	3	3	0.005	0.45	0	0.0348	0
0.0326	0.0636	-0.484	0.2016	0.4762	-0.6573	-0.2676	0.7045	903	0	537	3	4	0.0092	0.1591	0	0.01	0
0.01	0.1054	-0.381	-0.0459	0.2993	-0.8767	0.3265	-0.3532	433	906	538	3	1	0.01	0.05	1	0.01	0
0.01	0.0993	-0.4734	-0.0115	0.262	0.5372	-0.8079	-0.2424	905	907	538	3	2	0.01	0.05	0	0.01	0
0.01	0.0437	-0.421	-0.0896	0.2373	-0.57	0.0112	0.8215	906	0	538	3	3	0.01	0.05	0	0.01	0
0.0287	0.196	-0.3718	-0.1938	0.4297	-0.4574	-0.1269	0.8802	433	909	546	3	1	0.0024	0.4167	1	0.0287	0
0.0287	0.0885	-0.4614	-0.2187	0.6022	-0.0812	-0.1602	0.9837	908	910	546	3	2	0.0024	0.4167	0	0.0287	0
0.0287	0.0017	-0.4639	-0.2229	0.6842	0.1025	0.4076	0.9074	909	911	546	3	3	0.0072	0.15	0	0.01	0
0.0287	0.1226	-0.4703	-0.2271	0.6826	-0.2717	-0.2279	0.935	910	0	546	3	4	0.0055	0.1143	0	0.01	0
0.0305	0.1674	-0.4207	-0.4053	0.4686	0.6177	-0.4044	-0.6745	435	913	547	3	1	0.0076	0.325	0	0.0321	0
0.01	0.0358	-0.3391	-0.474	0.3479	0.0973	0.916	-0.3891	912	0	547	3	2	0.01	0.05	0	0.01	0
0.0253	0.1393	-0.4683	-0.3324	0.5349	-0.6162	0.3265	0.7167	435	915	549	3	1	0.0056	0.1	0	0.0192	0
0.0278	0.1147	-0.5426	-0.3279	0.6165	-0.4631	-0.4662	0.7538	914	916	549	3	2	0.0022	0.3125	0	0.0278	0
0.0333	0.1036	-0.5914	-0.3781	0.7124	-0.4329	-0.7694	0.4697	915	917	549	3	3	0.0023	0.2813	0	0.0361	0
0.0279	0.1139	-0.6395	-0.4567	0.755	-0.5151	-0.8502	0.1091	916	918	549	3	4	0.0034	0.2813	0	0.0279	0
0.0199	0.1089	-0.7081	-0.5354	0.7717	-0.7485	-0.5133	0.4198	917	919	549	3	5	0.0025	0.2188	0	0.0187	0
0.0243	0.1143	-0.7602	-0.603	0.8236	-0.4065	-0.7384	0.538	918	920	549	3	6	0.0028	0.3438	0	0.0254	0
0.0254	0.098	-0.8002	-0.6753	0.9051	-0.2908	-0.7725	0.5644	919	921	549	3	7	0.0052	0.22	0	0.0305	0
0.0125	0.0493	-0.8497	-0.7265	0.9204	-0.9072	-0.3082	0.2865	920	922	549	3	8	0.01	0.05	0	0.01	0
0.0181	0.075	-0.8298	-0.7466	0.9517	-0.237	-0.6811	0.6928	921	0	549	3	9	0.0041	0.1143	0	0.0252	0
0.0202	0.0732	-0.4989	-0.4436	0.5019	-0.9207	0.2592	-0.2917	435	924	555	3	1	0.0034	0.375	1	0.0206	0
0.0179	0.0594	-0.5663	-0.4246	0.4806	0.1904	-0.5838	-0.7893	923	925	555	3	2	0.0034	0.375	0	0.0206	0
0.01	0.0774	-0.5636	-0.4548	0.4379	-0.4877	-0.8698	-0.0741	924	0	555	3	3	0.01	0.05	0	0.01	0
0.0274	0.2451	-0.4797	-0.4448	0.5568	-0.441	-0.7681	0.4642	435	927	558	3	1	0.0113	0.0923	0	0.0347	0
0.0189	0.1248	-0.5503	-0.6286	0.6989	-0.3081	-0.7879	0.5332	926	928	558	3	2	0.0109	0.1143	0	0.01	0
0.0144	0.0293	-0.5958	-0.623	0.6662	-0.6598	0.4948	0.5655	927	929	558	3	3	0.01	0.05	0	0.01	0
0.01	0.0804	-0.6156	-0.6046	0.6807	0.7929	0.3633	0.4893	928	0	558	3	4	0.01	0.05	0	0.01	0
0.01	0.1767	-0.5066	-0.7015	0.462	0.3282	0.5138	-0.7927	436	931	563	3	1	0.01	0.05	0	0.01	0
0.01	0.0842	-0.4486	-0.6107	0.322	0.6056	0.7689	0.2048	930	0	563	3	2	0.01	0.05	0	0.01	0
0.0285	0.1685	-0.5139	-0.8083	0.508	-0.6424	-0.4357	-0.6305	438	933	572	3	1	0.0056	0.3333	0	0.0299	0
0.01	0.0934	-0.6082	-0.8726	0.366	-0.4462	-0.8096	-0.3814	932	0	572	3	2	0.01	0.05	0	0.01	0
0.0086	0.3232	-0.5445	-0.9453	0.6009	0.499	-0.8563	0.1331	439	935	574	3	1	0.0044	0.15	0	0.0435	0
0.009	0.0198	-0.3484	-1.2122	0.6391	0.2998	-0.8547	0.4238	934	936	574	3	2	0.01	0.05	0	0.01	0
0.0087	0.1484	-0.3425	-1.2292	0.6475	-0.0208	-0.9385	0.3446	935	0	574	3	3	0.01	0.05	0	0.01	0
0.0272	0.1808	-0.4833	-0.8309	0.5572	0.4676	-0.5871	0.6608	439	938	575	3	1	0.0088	0.2	1	0.0272	0
0.0272	0.1473	-0.3988	-0.9371	0.6767	-0.0166	-0.4615	0.887	937	939	575	3	2	0.0088	0.2	0	0.0272	0
0.0322	0.1019	-0.3535	-1.0334	0.7984	-0.3579	-0.7681	0.531	938	940	575	3	3	0.0087	0.1364	0	0.0419	0
0.0181	0.009	-0.3741	-1.12	0.8494	-0.3034	-0.7785	0.5495	939	941	575	3	4	0.007	0.1	0	0.01	0
0.0173	0.1941	-0.3611	-1.1467	0.8414	-0.831	-0.4804	-0.2806	940	942	575	3	5	0.0018	0.1667	0	0.0195	0
0.0074	0.0227	-0.5182	-1.2369	0.7797	-0.8628	-0.0129	-0.5054	941	0	575	3	6	0.01	0.05	0	0.01	0
0.0319	0.0686	-0.649	-0.9673	0.5502	-0.3664	-0.056	0.9288	440	944	580	3	1	0.0084	0.4	1	0.0319	0
0.0319	0.146	-0.6742	-0.9711	0.614	-0.3273	-0.9321	-0.1553	943	945	580	3	2	0.0084	0.4	0	0.0319	0
0.0343	0.1139	-0.7099	-1.1096	0.6187	-0.8535	-0.3911	0.3444	944	946	580	3	3	0.0036	0.3125	0	0.0345	0
0.0319	0.102	-0.8077	-1.1376	0.6059	-0.8508	-0.5037	-0.1497	945	947	580	3	4	0.0086	0.1818	0	0.0179	0
0.0319	0.2276	-0.9114	-1.1734	0.5892	-0.3617	-0.3111	0.8789	946	948	580	3	5	0.003	0.1	0	0.0265	0
0.0319	0.011	-1.0283	-1.285	0.7597	-0.3647	-0.3236	0.8731	947	949	580	3	6	0.0018	0.0758	0	0.01	0
0.0319	0.0617	-1.0229	-1.2913	0.7755	-0.5878	-0.3079	0.7481	948	950	580	3	7	0.0032	0.1364	0	0.01	0
0.0319	0.0883	-1.0556	-1.2558	0.8323	-0.298	-0.1634	0.9405	949	0	580	3	8	0.0066	0.1212	0	0.01	0
0.0245	0.2218	-0.508	-0.8993	0.5476	-0.3246	-0.8906	0.3186	439	952	581	3	1	0.0042	0.5833	0	0.0245	0
0.0284	0.0774	-0.5763	-1.0982	0.6216	-0.3544	-0.9349	0.016	951	953	581	3	2	0.0043	0.5833	0	0.0284	0
0.0325	0.1012	-0.584	-1.1707	0.6265	0.0667	-0.9167	-0.3941	952	954	581	3	3	0.0039	0.5417	0	0.0326	0
0.0343	0.133	-0.6202	-1.269	0.6188	-0.0775	-0.9603	-0.2678	953	955	581	3	4	0.0044	0.525	0	0.0354	0
0.0306	0.0721	-0.6157	-1.3933	0.5799	0.1362	-0.9327	-0.3338	954	956	581	3	5	0.0049	0.4167	0	0.0307	0
0.0313	0.1222	-0.6369	-1.4646	0.5825	-0.0091	-0.9874	-0.1582	955	957	581	3	6	0.0029	0.3125	0	0.0336	0
0.0245	0.0705	-0.6727	-1.5652	0.5676	-0.4852	-0.8662	0.1194	956	958	581	3	7	0.0077	0.15	0	0.01	0
0.0245	0.0512	-0.6512	-1.5658	0.531	0.6263	-0.7461	-0.226	957	0	581	3	8	0.005	0.12	0	0.01	0
0.01	0.1693	-0.5559	-0.9603	0.5653	0.2066	-0.6902	0.6935	440	960	582	3	1	0.01	0.05	1	0.01	0
0.01	0.0627	-0.5209	-1.0772	0.6827	0.5592	-0.8248	0.0839	959	961	582	3	2	0.01	0.05	0	0.01	0
0.01	0.0674	-0.4858	-1.1289	0.688	0	-0.9788	-0.2047	960	0	582	3	3	0.01	0.05	0	0.01	0
0.0251	0.1051	-0.7116	-1.0746	0.4988	-0.6668	-0.6702	0.3259	442	963	583	3	1	0.007	0.4583	0	0.0251	1
0.0251	0.1164	-0.7544	-1.1522	0.5497	-0.1946	-0.9762	-0.0956	962	964	583	3	2	0.0079	0.15	0	0.0175	1
0.0251	0.0374	-0.7839	-1.2792	0.5586	0.2634	-0.8414	-0.4719	963	0	583	3	3	0.0041	0.125	0	0.01	1
0.03	0.1213	-0.8896	-1.2933	0.2387	0.3504	-0.4244	0.8349	447	966	586	3	1	0.0067	0.35	0	0.03	0
0.0301	0.0846	-0.8324	-1.3723	0.2954	0.043	-0.8427	0.5367	965	967	586	3	2	0.0104	0.18	0	0.0453	1
0.0297	0.0682	-0.8452	-1.4387	0.3126	-0.644	-0.7229	0.2503	966	968	586	3	3	0.0114	0.24	0	0.0371	1
0.0264	0.1082	-0.8836	-1.494	0.3248	-0.5443	-0.7708	0.3311	967	969	586	3	4	0.0175	0.07	0	0.0379	1
0.0215	0.0451	-0.8686	-1.5495	0.3825	0.2293	-0.8989	0.3733	968	970	586	3	5	0.0236	0.1417	0	0.0466	1
0.0179	0.033	-0.9004	-1.6197	0.4256	0.6752	-0.4299	0.5994	969	971	586	3	6	0	0.0286	0	0.0324	1
0.0074	0.0003	-0.8801	-1.6346	0.4436	-0.3516	-0.6515	0.6722	970	0	586	3	7	0.01	0.05	0	0.01	1
0.0078	0.1104	-0.7763	-1.1364	0.371	-0.644	-0.4573	-0.6133	443	973	1493	3	1	0.0306	0.1625	0	0.0697	0
0.008	0.0754	-0.8567	-1.2039	0.3153	-0.9097	0.3743	-0.1797	972	0	1493	3	2	0.01	0.05	0	0.01	0
0.0213	0.2631	-1.0251	-1.2625	0.2097	-0.8866	-0.4379	-0.1488	449	975	1043	3	1	0.0024	0.3333	0	0.0212	0
0.0245	0.0522	-1.2658	-1.3742	0.1758	-0.6558	-0.3986	-0.6411	974	976	1043	3	2	0.0027	0.3333	0	0.0288	0
0.0126	0.0058	-1.2889	-1.3989	0.1369	-0.3899	0.1483	-0.9088	975	977	1043	3	3	0.01	0.05	0	0.01	0
0.0101	0.0157	-1.286	-1.4188	0.1201	-0.9741	-0.1512	-0.168	976	978	1043	3	4	0.01	0.05	0	0.01	0
0.01	0.0308	-1.3007	-1.4261	0.1116	-0.778	-0.5229	0.3483	977	979	1043	3	5	0.01	0.05	0	0.01	0
0.0064	0.0164	-1.3296	-1.4419	0.1242	-0.2997	-0.6594	-0.6894	978	0	1043	3	6	0.01	0.05	0	0.01	0
0.0149	0.0305	-1.1158	-1.4782	0.2913	-0.4706	-0.8283	-0.3039	451	981	1139	3	1	0.0034	0.375	1	0.0136	0
0.0146	0.0859	-1.1301	-1.5034	0.282	-0.6568	-0.6964	0.2892	980	982	1139	3	2	0.0034	0.375	0	0.0136	0
0.0239	0.0924	-1.1902	-1.6137	0.2986	0.6742	-0.1671	0.7194	981	983	1139	3	3	0.0078	0.22	0	0.0417	0
0.0116	0.0664	-1.1277	-1.6182	0.3605	0.9234	0.1272	0.3622	982	984	1139	3	4	0.01	0.05	0	0.01	0
0.01	0.0202	-1.0789	-1.6208	0.4008	0.7977	-0.0179	0.6028	983	985	1139	3	5	0.01	0.05	0	0.01	0
0.0063	0.0769	-1.0628	-1.6212	0.413	-0.2298	0.2484	0.941	984	0	1139	3	6	0.01	0.05	0	0.01	0
0.021	0.0098	-1.0513	-1.4488	0.3109	0.1164	-0.8097	-0.5752	450	987	1209	3	1	0.005	0.3333	0	0.021	0
0.0226	0.1168	-1.0374	-1.4657	0.3349	0.8517	-0.2709	-0.4487	986	988	1209	3	2	0.0024	0.2188	0	0.0226	0
0.0237	0.3473	-0.9461	-1.5005	0.2679	0.8724	-0.0042	-0.4888	987	989	1209	3	3	0.0202	0.0435	0	0.0451	0
0.02	0.5331	-0.6871	-1.4461	0.1261	0.6097	0.6825	-0.4031	988	990	1209	3	4	0.0478	0.0108	0	0.0875	0
0.0101	0.4407	-0.3542	-1.118	-0.1273	0.5775	0.6545	-0.488	989	991	1209	3	5	0.01	0.05	0	0.01	0
0.0081	0.2957	-0.4368	-0.783	-0.0356	0.1006	0.9941	-0.0401	990	992	1209	3	6	0.01	0.05	0	0.01	0
0.0046	0.142	-0.4366	-0.4926	-0.0878	0.0437	0.992	-0.1183	991	0	1209	3	7	0.0116	0.05	0	0.01	0
0.0141	0.0601	-1.0949	-1.4584	0.3073	-0.7058	0.7027	0.0904	450	994	1211	3	1	0.0059	0.25	0	0.0263	0
0.0093	0.0463	-1.1343	-1.4065	0.3098	-0.6589	-0.0253	-0.7518	993	995	1211	3	2	0.01	0.05	0	0.01	0
0.007	0.0623	-1.1618	-1.4065	0.2777	0.6163	0.2059	-0.7601	994	0	1211	3	3	0.0134	0.16	0	0.0261	0
0.0176	0.0184	-0.8011	-1.7477	0.2259	0.3051	-0.8606	-0.4076	455	997	1346	3	1	0.0056	0.375	0	0.0176	0
0.0241	0.0771	-0.7799	-1.7693	0.2207	-0.3475	-0.9376	0.0109	996	998	1346	3	2	0.0025	0.375	0	0.0261	0
0.0129	0.0573	-0.7828	-1.8444	0.2065	-0.2697	-0.9278	-0.2579	997	999	1346	3	3	0.01	0.05	0	0.01	0
0.01	0.0535	-0.7987	-1.8838	0.175	-0.3635	-0.723	-0.5875	998	1000	1346	3	4	0.01	0.05	0	0.01	0
0.0053	0.0249	-0.7876	-1.8882	0.173	0.7379	-0.6746	0.0211	999	0	1346	3	5	0.01	0.05	0	0.01	0
0.0206	0.0703	-0.9027	-1.7865	-0.0692	-0.2076	-0.8556	-0.4741	459	1002	1347	3	1	0.0062	0.4167	1	0.0206	0
0.0206	0.0855	-0.9173	-1.8466	-0.1026	0.982	0.0282	-0.1865	1001	1003	1347	3	2	0.0062	0.4167	0	0.0206	0
0.0206	0.0635	-0.8362	-1.836	-0.108	0.9416	-0.0888	0.3248	1002	1004	1347	3	3	0.007	0.12	0	0.01	0
0.0206	0.0445	-0.7715	-1.8341	-0.0743	0.448	-0.8385	0.3101	1003	0	1347	3	4	0.004	0.125	0	0.01	0
0.0242	0.2024	0.2571	0.1903	0.3051	-0.6643	-0.6981	-0.2671	467	1006	589	3	1	0.0073	0.4583	0	0.0242	0
0.0242	0.0755	0.1321	0.0469	0.2557	-0.4498	-0.6698	0.5907	1005	0	589	3	2	0.0083	0.16	0	0.01	0
0.0408	0.2523	0.1861	0.1038	0.2702	0.552	0.1329	0.8232	467	1008	603	3	1	0.0049	0.3056	0	0.0419	0
0.0354	0.0879	0.3653	0.1314	0.5152	0.5208	0.7302	-0.4422	1007	1009	603	3	2	0.0036	0.4167	0	0.0354	0
0.0354	0.1226	0.411	0.1906	0.4823	-0.8498	0.4068	0.3352	1008	1010	603	3	3	0.0035	0.375	0	0.0336	0
0.0354	0.0391	0.3405	0.2561	0.5391	-0.3785	-0.1081	0.9193	1009	1011	603	3	4	0.01	0.05	0	0.01	0
0.0354	0.0868	0.3257	0.2518	0.575	-0.7491	0.6453	-0.1498	1010	1012	603	3	5	0.01	0.05	0	0.01	0
0.0354	0.0981	0.2607	0.3078	0.562	-0.7034	0.71	0.0329	1011	0	603	3	6	0.01	0.05	0	0.01	0
0.0352	0.0905	0.1893	0.1691	0.354	-0.0583	-0.2079	0.9764	467	1014	606	3	1	0.0049	0.25	1	0.0352	0
0.035	0.1431	0.184	0.1503	0.4424	-0.3791	0.7199	0.5814	1013	1015	606	3	2	0.0049	0.25	0	0.0352	0
0.0268	0.0991	0.1528	0.2226	0.5744	0.1822	0.8686	0.4608	1014	1016	606	3	3	0.0024	0.2813	0	0.0268	0
0.0156	0.037	0.168	0.2945	0.6222	0.769	-0.061	0.6364	1015	1017	606	3	4	0.0098	0.125	0	0.01	0
0.01	0.1127	0.1907	0.2823	0.6512	-0.3295	0.5941	0.7338	1016	0	606	3	5	0.01	0.05	0	0.01	0
0.0211	0.0859	0.4532	0.3486	0.6198	-0.5188	-0.8107	-0.2714	470	1019	615	3	1	0.0081	0.3333	0	0.024	1
0.0135	0.1155	0.411	0.2295	0.6013	0.9977	0.0436	-0.0517	1018	1020	615	3	2	0.0138	0.1833	0	0.0366	1
0.01	0.0438	0.5272	0.2254	0.5957	0.9709	0.0889	-0.2223	1019	0	615	3	3	0.01	0.05	0	0.01	1
0.0325	0.087	0.5093	0.3887	0.6281	0.6431	0.4236	0.6379	470	1022	621	3	1	0.0062	0.4583	0	0.0325	0
0.0325	0.048	0.5771	0.4685	0.6384	-0.0969	0.7339	0.6723	1021	0	621	3	2	0.0033	0.1136	0	0.01	0
0.0316	0.1271	0.5519	0.3474	0.6834	-0.5515	-0.5684	0.6106	471	1024	1494	3	1	0.0117	0.3429	0	0.0381	0
0.0313	0.1122	0.4817	0.2079	0.7759	0.9151	-0.0886	-0.3933	1023	1025	1494	3	2	0.0077	0.2	0	0.0386	0
0.0268	0.121	0.5883	0.1662	0.728	-0.7798	-0.0224	-0.6256	1024	1026	1494	3	3	0.0027	0.25	0	0.0268	0
0.0298	0.062	0.4938	0.158	0.6538	-0.5796	-0.1984	-0.7904	1025	1027	1494	3	4	0.0033	0.3333	0	0.0318	0
0.0291	0.1095	0.4638	0.1567	0.6083	0.1013	0.2484	-0.9634	1026	1028	1494	3	5	0.0074	0.24	0	0.0374	0
0.0267	0.0606	0.4903	0.1738	0.51	0.4424	0.0344	-0.8962	1027	1029	1494	3	6	0.003	0.25	0	0.0295	0
0.024	0.1254	0.5032	0.1511	0.4756	0.2198	-0.6839	-0.6957	1028	1030	1494	3	7	0.0034	0.175	0	0.028	0
0.0189	0.0514	0.5458	0.0617	0.4296	0.3487	-0.9143	-0.2059	1029	1031	1494	3	8	0.0117	0.0273	0	0.0554	0
0.0189	0.0628	0.5481	0.064	0.4389	0.2844	-0.2807	0.9167	1030	0	1494	3	9	0.0021	0.0429	0	0.0329	0
0.0284	0.0778	1.0116	0.2844	0.9749	0.8756	0.3892	0.2861	477	1033	1329	3	1	0.0047	0.4167	0	0.0284	0
0.029	0.1926	1.0834	0.3166	1.0074	0.2152	0.9414	-0.2598	1032	1034	1329	3	2	0.0038	0.1429	0	0.029	0
0.0284	0.015	1.1356	0.4937	0.9526	0.0834	0.8371	-0.5406	1033	1035	1329	3	3	0.0079	0.0778	0	0.01	0
0.0284	0.1802	1.105	0.5056	0.9056	0.3734	0.8704	-0.3208	1034	1036	1329	3	4	0.0078	0.06	0	0.01	0
0.0284	0.0347	1.1873	0.6709	0.8601	-0.1769	0.8973	-0.4044	1035	0	1329	3	5	0.0148	0.1	0	0.01	0
0.0316	0.06	1.0144	0.267	1.0316	0.31	0.2973	0.9031	477	1038	1348	3	1	0.006	0.25	0	0.0347	0
0.0305	0.109	1.0515	0.2749	1.1095	0.8081	0.1402	-0.5721	1037	1039	1348	3	2	0.0075	0.15	0	0.0363	0
0.0187	0.0023	1.1317	0.2866	1.0435	0.3727	0.1292	-0.9189	1038	1040	1348	3	3	0.0069	0.1333	0	0.01	0
0.013	0.0791	1.1253	0.2761	1.0342	0.251	0.4132	-0.8754	1039	1041	1348	3	4	0.01	0.05	0	0.01	0
0.008	0.08	1.1452	0.3088	0.965	0.5104	0.741	0.4364	1040	0	1348	3	5	0.01	0.05	0	0.01	0
0.0218	0.1276	0.3785	-0.1046	0.138	0.5749	-0.2913	0.7646	488	1043	636	3	1	0.0031	0.25	1	0.0233	1
0.0195	0.1214	0.4518	-0.1418	0.2356	-0.5452	-0.1346	0.8274	1042	1044	636	3	2	0.0031	0.25	0	0.0233	1
0.0134	0.0134	0.3974	-0.1601	0.3319	0.2365	-0.4233	0.8746	1043	1045	636	3	3	0.01	0.05	0	0.01	1
0.01	0.0394	0.3992	-0.1641	0.3447	0.8025	0.5857	0.114	1044	0	636	3	4	0.01	0.05	0	0.01	1
0.041	0.1281	0.2908	-0.0461	0.398	-0.9054	0.3731	0.2026	490	1047	641	3	1	0.0069	0.3	1	0.043	1
0.0408	0.0898	0.1748	0.0017	0.424	-0.0939	-0.9954	-0.0175	1046	1048	641	3	2	0.0069	0.3	0	0.043	1
0.039	0.0564	0.1831	-0.0723	0.4312	-0.1543	-0.3586	0.9207	1047	1049	641	3	3	0.025	0.2308	0	0.039	1
0.0376	0.0695	0.1298	-0.1403	0.4922	0.6419	-0.4878	0.5916	1048	1050	641	3	4	0.0053	0.375	0	0.0376	1
0.0359	0.1048	0.1625	-0.1692	0.5053	-0.1735	-0.9796	-0.1011	1049	1051	641	3	5	0.0048	0.3125	0	0.0359	1
0.0362	0.0883	0.1421	-0.2365	0.5171	-0.2011	-0.5314	0.8229	1050	1052	641	3	6	0.0034	0.25	0	0.0362	1
0.0375	0.1073	0.132	-0.2652	0.5953	0.1067	-0.3292	0.9382	1051	1053	641	3	7	0.0108	0.1667	0	0.0473	1
0.0303	0.0804	0.1708	-0.2981	0.6831	0.4188	0.054	0.9065	1052	1054	641	3	8	0.003	0.2917	0	0.0303	1
0.0333	0.1016	0.1789	-0.3149	0.7359	0.425	-0.8395	0.3387	1053	1055	641	3	9	0.0155	0.2045	0	0.0336	1
0.0233	0.0633	0.234	-0.3972	0.7747	0.0332	-0.8628	0.5044	1054	1056	641	3	10	0.0043	0.175	0	0.01	1
0.0292	0.0692	0.176	-0.442	0.7786	-0.3065	-0.8872	0.3449	1055	1057	641	3	11	0.0043	0.225	0	0.0302	1
0.0245	0.1551	0.1476	-0.4953	0.8045	-0.0194	-0.2601	0.9654	1056	1058	641	3	12	0.0035	0.1042	0	0.0245	1
0.0151	0.1446	0.1656	-0.5486	0.9476	0.1339	-0.2694	0.9537	1057	1059	641	3	13	0.0075	0.0875	0	0.01	1
0.0222	0.125	0.1296	-0.6123	1.077	0.0597	-0.4407	0.8957	1058	1060	641	3	14	0.0119	0.1286	0	0.0388	1
0.01	0.0708	0.1436	-0.7032	1.0478	0.2619	-0.9326	0.2485	1059	1061	641	3	15	0.01	0.05	0	0.01	1
0.0081	0.1245	0.1618	-0.7605	1.0847	0.263	-0.878	0.3999	1060	0	641	3	16	0.01	0.05	0	0.01	1
0.0166	0.1209	0.3559	-0.1557	0.4684	0.1	-0.8217	-0.5611	492	1063	647	3	1	0.0085	0.325	1	0.0359	1
0.0166	0.1336	0.3694	-0.272	0.3888	0.9058	0.2899	-0.3091	1062	1064	647	3	2	0.0135	0.2143	0	0.0359	1
0.0172	0.0852	0.4851	-0.2323	0.3481	0.202	0.7977	0.5683	1063	0	647	3	3	0.0068	0.175	0	0.0189	1
0.0459	0.0591	0.3496	-0.176	0.5039	-0.1871	-0.9547	-0.2316	492	1066	649	3	1	0.0084	0.375	1	0.0473	1
0.0459	0.1125	0.3385	-0.2324	0.4902	-0.6942	-0.5563	0.4568	1065	1067	649	3	2	0.0084	0.375	0	0.0473	1
0.019	0.0232	0.253	-0.2885	0.4891	-0.0194	-0.9925	-0.121	1066	1068	649	3	3	0.0152	0.15	0	0.01	1
0.0117	0.1019	0.2506	-0.3048	0.4848	0.9236	0.1991	-0.3276	1067	0	649	3	4	0.0084	0.1	0	0.0172	1
0.0267	0.098	0.3127	-0.1041	0.4851	-0.737	-0.1696	0.6543	491	1070	653	3	1	0.0053	0.3125	1	0.0274	1
0.0222	0.0972	0.2433	-0.121	0.5476	0.4218	-0.4458	0.7895	1069	1071	653	3	2	0.0061	0.18	0	0.0274	1
0.01	0.1209	0.2607	-0.1447	0.6531	-0.7009	-0.7071	-0.093	1070	0	653	3	3	0.01	0.05	0	0.01	1
0.013	0.3111	0.3123	-0.0018	0.3332	-0.0697	0.3907	0.9179	489	1073	656	3	1	0.0182	0.0813	1	0.0364	1
0.013	0.0924	0.2849	0.1215	0.6182	-0.2329	-0.5013	0.8333	1072	1074	656	3	2	0.0169	0.22	0	0.0364	1
0.01	0.0461	0.2606	0.0781	0.6895	-0.9153	-0.1178	0.3852	1073	0	656	3	3	0.01	0.05	0	0.01	1
0.0299	0.4783	0.5587	-0.3963	0.6882	-0.0097	0.4865	-0.8736	493	1076	657	3	1	0.0031	0.2188	0	0.0377	1
0.0202	0.023	0.5519	-0.1687	0.2673	-0.6812	0.5732	-0.4554	1075	1077	657	3	2	0.01	0.05	0	0.01	1
0.0151	0.086	0.5362	-0.1555	0.2568	-0.1024	0.8228	0.5591	1076	1078	657	3	3	0.01	0.05	0	0.01	1
0.01	0.0619	0.5274	-0.0848	0.3049	-0.4618	0.7316	-0.5015	1077	0	657	3	4	0.01	0.05	0	0.01	1
0.01	0.2478	0.4266	-0.129	0.5618	0.2643	-0.8757	-0.4042	491	1080	658	3	1	0.01	0.05	0	0.01	1
0.01	0.0867	0.4953	-0.3466	0.46	0.3153	0.9183	0.2392	1079	0	658	3	2	0.01	0.05	0	0.01	1
0.038	0.1185	0.4248	-0.2032	0.5715	0.7198	-0.5096	-0.4714	492	1082	659	3	1	0.0052	0.1563	1	0.038	1
0.038	0.2309	0.5101	-0.2636	0.5157	0.1015	0.9428	0.3174	1081	1083	659	3	2	0.0052	0.1563	0	0.038	1
0.0313	0.1439	0.5403	-0.0801	0.6439	0.8834	0.4385	0.1653	1082	1084	659	3	3	0.0128	0.1222	0	0.046	1
0.0118	0.0807	0.6475	-0.0263	0.7056	0.7853	0.3625	0.5019	1083	1085	659	3	4	0.01	0.05	0	0.01	1
0.0076	0.0631	0.6624	0.0194	0.7044	0.3282	0.9446	-0.0089	1084	0	659	3	5	0.01	0.05	0	0.01	1
0.0179	0.159	0.4451	-0.1772	0.6464	-0.0458	0.608	0.7926	492	1087	664	3	1	0.0018	0.3125	0	0.0191	1
0.0132	0.0663	0.4461	-0.0783	0.774	-0.3008	0.9143	0.2713	1086	1088	664	3	2	0.01	0.05	0	0.01	1
0.01	0.1197	0.4262	-0.0177	0.792	-0.704	0.2277	0.6727	1087	0	664	3	3	0.01	0.05	0	0.01	1
0.0459	0.127	0.4006	-0.0436	0.5173	0.293	0.9367	-0.1915	491	1090	665	3	1	0.0084	0.0303	1	0.2685	1
0.0424	0.312	0.4976	-0.0113	0.7238	0.6667	-0.6244	-0.407	1089	1091	665	3	2	0.0251	0.0491	0	0.2685	1
0.0224	0.28	0.7408	-0.1942	0.6251	0.5239	-0.7888	-0.3214	1090	1092	665	3	3	0.0072	0.04	0	0.01	1
0.0235	0.087	0.7265	-0.3803	0.5115	-0.0891	-0.8073	-0.5834	1091	1093	665	3	4	0.0021	0.375	0	0.0282	1
0.01	0.0595	0.853	-0.3414	0.5402	0.7086	-0.5814	-0.3997	1092	1094	665	3	5	0.01	0.05	0	0.01	1
0.0069	0.0737	0.7713	-0.3675	0.6142	0.0998	-0.9724	0.211	1093	0	665	3	6	0.01	0.05	0	0.01	1
0.0378	0.2565	0.5004	-0.3381	0.7831	-0.4956	0.8674	-0.0445	495	1096	666	3	1	0.0067	0.3125	1	0.0378	1
0.0346	0.0966	0.3733	-0.1156	0.7717	-0.0667	0.9555	-0.2872	1095	1097	666	3	2	0.0067	0.3125	0	0.0378	1
0.0264	0.1025	0.375	-0.0208	0.7459	-0.3589	0.8337	0.4197	1096	1098	666	3	3	0.0028	0.2917	0	0.0289	1
0.013	0.0259	0.3381	0.0634	0.7889	-0.952	0.068	-0.2986	1097	1099	666	3	4	0.01	0.05	0	0.01	1
0.0086	0.0646	0.3135	0.0652	0.7811	-0.7071	-0.3359	0.6223	1098	0	666	3	5	0.01	0.05	0	0.01	1
0.0325	0.071	0.4618	-0.2197	0.6456	0.8662	0.1647	0.4718	492	1101	668	3	1	0.0093	0.2917	0	0.0325	1
0.0384	0.1217	0.4995	-0.2634	0.6919	0.3455	0.0694	0.9359	1100	1102	668	3	2	0.0066	0.1282	0	0.0455	1
0.0219	0.0201	0.5588	-0.3086	0.8049	-0.0947	-0.0474	0.9944	1101	1103	668	3	3	0.0045	0.125	0	0.01	1
0.0153	0.0735	0.5394	-0.2925	0.8367	0.0949	-0.5	0.8608	1102	1104	668	3	4	0.0024	0.1	0	0.01	1
0.0085	0.0627	0.5497	-0.3403	0.8895	0.4186	-0.5551	0.7188	1103	0	668	3	5	0.01	0.05	0	0.01	1
0.0397	0.1551	0.4505	-0.3119	0.7209	-0.5971	0.6221	0.5064	493	1106	673	3	1	0.0085	0.32	1	0.0437	1
0.0393	0.1485	0.3579	-0.2154	0.7995	0.2045	-0.9756	0.0803	1105	1107	673	3	2	0.0085	0.32	0	0.0437	1
0.026	0.109	0.3997	-0.3409	0.8342	0.4401	-0.7809	0.4432	1106	1108	673	3	3	0.0022	0.4063	0	0.0226	1
0.0254	0.075	0.4482	-0.4249	0.8834	0.0095	-0.6063	0.7951	1107	1109	673	3	4	0.0027	0.375	0	0.0254	1
0.0311	0.0912	0.458	-0.4627	0.9612	-0.4459	-0.7213	0.53	1108	1110	673	3	5	0.003	0.3333	0	0.0311	1
0.0303	0.1275	0.443	-0.5287	1.0072	0.0746	-0.5029	0.8611	1109	1111	673	3	6	0.0043	0.4	0	0.0303	1
0.0226	0.2087	0.4611	-0.5928	1.1151	0.1427	-0.754	0.6412	1110	1112	673	3	7	0.0082	0.1786	0	0.019	1
0.0226	0.0948	0.5093	-0.7378	1.2584	0.1726	-0.7479	0.641	1111	0	673	3	8	0.0041	0.14	0	0.01	1
0.0365	0.0939	0.5221	-0.3479	0.6856	-0.384	-0.1763	-0.9063	494	1114	674	3	1	0.0098	0.5938	1	0.0371	1
0.0364	0.1149	0.486	-0.3645	0.6006	0.8278	0.3386	0.4474	1113	1115	674	3	2	0.0098	0.5938	0	0.0371	1
0.033	0.0693	0.5794	-0.3375	0.6497	0.8878	-0.0441	-0.4581	1114	1116	674	3	3	0.0028	0.375	0	0.0334	1
0.028	0.0614	0.6782	-0.324	0.643	0.5403	0.0561	-0.8396	1115	1117	674	3	4	0.0027	0.4167	0	0.028	1
0.024	0.0886	0.7051	-0.3125	0.5805	0.7786	-0.2071	-0.5923	1116	1118	674	3	5	0.0024	0.2917	0	0.0199	1
0.0251	0.1361	0.7846	-0.3298	0.5426	0.7705	-0.3603	-0.5258	1117	1119	674	3	6	0.0039	0.375	0	0.0251	1
0.023	0.0676	0.8807	-0.385	0.4732	0.4844	-0.802	-0.3495	1118	1120	674	3	7	0.0024	0.4167	0	0.0217	1
0.0225	0.0869	0.9049	-0.4454	0.4478	0.6024	-0.784	-0.1501	1119	1121	674	3	8	0.0028	0.25	0	0.0198	1
0.03	0.107	0.9817	-0.4975	0.443	0.5798	-0.7966	-0.1713	1120	1122	674	3	9	0.0024	0.2813	0	0.0314	1
0.0268	0.0931	1.0356	-0.5864	0.4334	0.4643	-0.8833	0.0642	1121	1123	674	3	10	0.0026	0.25	0	0.0268	1
0.0217	0.0711	1.0642	-0.6431	0.3914	0.0694	-0.8712	-0.4861	1122	1124	674	3	11	0.0059	0.175	0	0.01	1
0.028	0.1467	1.0606	-0.6538	0.4214	0.633	-0.5641	0.5302	1123	1125	674	3	12	0.0071	0.15	0	0.0367	1
0.0217	0.0389	1.1719	-0.7416	0.4856	0.3116	-0.6719	0.6719	1124	1126	674	3	13	0.0063	0.15	0	0.01	1
0.0217	0.0461	1.1727	-0.7305	0.5036	-0.148	0.1678	0.9746	1125	0	674	3	14	0.0109	0.16	0	0.01	1
0.0312	0.2347	0.4348	-0.3044	0.7212	-0.1913	-0.8372	0.5123	494	1128	675	3	1	0.0032	0.275	0	0.0312	1
0.0306	0.0934	0.3991	-0.5192	0.7997	0.0638	-0.9088	0.4123	1127	1129	675	3	2	0.0126	0.2	0	0.0306	1
0.0335	0.0685	0.4155	-0.5831	0.901	-0.0966	-0.939	0.3302	1128	1130	675	3	3	0.0202	0.1538	0	0.0398	1
0.0252	0.1	0.4183	-0.6707	0.8988	0.1174	-0.6995	0.705	1129	1131	675	3	4	0.0114	0.1759	0	0.0257	1
0.0141	0.0007	0.4252	-0.6978	0.9908	-0.0494	-0.4532	0.89	1130	1132	675	3	5	0.01	0.05	0	0.01	1
0.018	0.1068	0.3373	-0.6787	1.0046	-0.2092	-0.9766	0.0491	1131	1133	675	3	6	0.0023	0.0978	0	0.1067	1
0.0083	0.0553	0.4169	-0.8063	1.005	-0.1044	-0.6206	0.7772	1132	0	675	3	7	0.01	0.05	0	0.01	1
0.0234	0.1004	0.52	-0.3612	0.6956	0.2928	-0.8888	-0.3525	494	1135	1496	3	1	0.0029	0.3125	1	0.0234	1
0.0234	0.1145	0.5494	-0.4504	0.6602	0.873	-0.4823	-0.0728	1134	1136	1496	3	2	0.0029	0.3125	0	0.0234	1
0.0231	0.089	0.6313	-0.5088	0.6433	0.2475	-0.9534	-0.1726	1135	1137	1496	3	3	0.0026	0.3333	0	0.0232	1
0.0179	0.1685	0.6609	-0.5827	0.6673	0.3253	-0.9253	0.195	1136	1138	1496	3	4	0.0103	0.2273	0	0.0182	1
0.01	0.0933	0.7067	-0.7338	0.7111	0.1435	-0.8568	0.4952	1137	1139	1496	3	5	0.01	0.05	0	0.01	1
0.0054	0.0638	0.7385	-0.8177	0.7324	0.2679	-0.9009	0.3416	1138	0	1496	3	6	0.01	0.05	0	0.01	1
0.0172	0.0913	0.8301	-0.5674	1.0352	0.5952	-0.6712	0.4419	500	1141	1351	3	1	0.0202	0.2333	0	0.0394	1
0.0125	0.0197	0.8603	-0.5878	1.0898	-0.1614	-0.4088	0.8983	1140	1142	1351	3	2	0.01	0.05	0	0.01	1
0.01	0.0873	0.8572	-0.5958	1.1075	-0.2573	-0.0243	0.966	1141	0	1351	3	3	0.01	0.05	0	0.01	1
0.0373	0.0433	0.9677	-0.6259	1.1615	0.5716	-0.7342	0.3663	504	1144	1407	3	1	0.0033	0.2593	0	0.0421	1
0.026	0.1249	0.9856	-0.6832	1.1945	0.2639	0.4889	0.8315	1143	1145	1407	3	2	0.0035	0.2	0	0.0229	1
0.0344	0.0953	1.0567	-0.753	1.3068	0.9447	0.2855	0.1612	1144	1146	1407	3	3	0.0028	0.12	0	0.1175	1
0.0238	0.0835	1.1501	-0.6759	1.2755	0.8621	-0.3757	-0.3401	1145	1147	1407	3	4	0.016	0.2083	0	0.0238	1
0.0159	0.0984	1.1703	-0.7223	1.2318	0.3222	-0.9298	-0.178	1146	1148	1407	3	5	0.01	0.05	0	0.01	1
0.0118	0.0102	1.2173	-0.7012	1.2551	0.9383	-0.2232	0.2642	1147	1149	1407	3	6	0.01	0.05	0	0.01	1
0.0079	0.1316	1.2268	-0.7035	1.2578	0.7171	-0.2483	0.6512	1148	0	1407	3	7	0.01	0.05	0	0.01	1
0.01	0.0763	0.937	-0.6443	1.1376	0.197	-0.0839	-0.9768	504	1151	1408	3	1	0.01	0.05	1	0.01	1
0.01	0.0859	0.952	-0.6508	1.0631	0.9134	-0.3075	-0.2668	1150	1152	1408	3	2	0.01	0.05	0	0.01	1
0.01	0.056	1.0305	-0.6772	1.0401	0.8975	0.1737	0.4053	1151	0	1408	3	3	0.01	0.05	0	0.01	1
0.01	0.1145	1.0352	-0.8486	1.3109	-0.0175	0.9697	-0.2436	508	1154	1446	3	1	0.01	0.05	1	0.01	1
0.01	0.0402	1.0332	-0.7376	1.283	-0.5036	0.3684	-0.7815	1153	1155	1446	3	2	0.01	0.05	0	0.01	1
0.01	0.0339	1.0085	-0.718	1.2473	0.2958	-0.4648	-0.8345	1154	0	1446	3	3	0.01	0.05	0	0.01	1
0.0273	0.073	0.138	-0.2907	0.2881	-0.0967	-0.41	0.907	521	1157	1498	3	1	0.0083	0.4583	0	0.0273	1
0.0273	0.0596	0.1181	-0.3345	0.3368	-0.0464	-0.7655	0.6418	1156	1158	1498	3	2	0.0053	0.15	0	0.01	1
0.0273	0.0372	0.1045	-0.3871	0.4026	-0.3417	-0.8704	-0.3546	1157	0	1498	3	3	0.0055	0.125	0	0.01	1
0.0336	0.2062	0.2974	-1.5048	0.168	0.2889	0.9186	0.2695	542	1160	696	3	1	0.0122	0.3393	1	0.0336	1
0.0318	0.202	0.357	-1.3154	0.2236	-0.5926	-0.8026	-0.068	1159	1161	696	3	2	0.0122	0.3393	0	0.0336	1
0.0281	0.0496	0.271	-1.4554	0.2522	-0.5594	-0.4626	0.6878	1160	1162	696	3	3	0.0042	0.2917	0	0.0321	1
0.0246	0.0737	0.2848	-1.4531	0.2272	0.8386	-0.2538	0.482	1161	1163	696	3	4	0.0135	0.0714	0	0.0354	1
0.01	0.1002	0.3037	-1.4641	0.2619	-0.177	-0.9839	0.0254	1162	1164	696	3	5	0.01	0.05	0	0.01	1
0.0061	0.0374	0.2917	-1.5641	0.2742	-0.846	0.1379	0.515	1163	0	696	3	6	0.01	0.05	0	0.01	1
0.0292	0.1167	0.3725	-1.3801	0.1496	0.1379	-0.979	0.1503	540	1166	698	3	1	0.0113	0.2833	0	0.0368	1
0.0292	0.0406	0.3889	-1.5141	0.1642	-0.8697	-0.0848	0.4862	1165	0	698	3	2	0.0067	0.4167	0	0.0292	1
0.0173	0.1403	0.248	-1.5741	0.1862	-0.5695	0.4539	-0.6853	543	1168	1507	3	1	0.0058	0.2813	0	0.0199	1
0.0088	0.0835	0.1739	-1.5066	0.0865	-0.5858	0.1309	-0.7998	1167	0	1507	3	2	0.0138	0.14	0	0.049	1
0.0262	0.0566	0.7748	-1.4174	0.2555	0.4704	0.1339	0.8722	550	1170	711	3	1	0.0064	0.26	0	0.0321	1
0.0175	0.0691	0.8454	-1.3917	0.2914	0.4083	-0.9057	0.114	1169	1171	711	3	2	0.0026	0.25	0	0.0163	1
0.0138	0.0105	0.881	-1.4504	0.2947	0.5925	-0.7406	0.317	1170	1172	711	3	3	0.01	0.05	0	0.01	1
0.01	0.0801	0.8872	-1.4582	0.298	0.6963	-0.6541	0.2954	1171	0	711	3	4	0.01	0.05	0	0.01	1
0.0108	0.1555	0.6775	-1.4967	0.3746	0.0653	0.9604	-0.2709	552	1174	1508	3	1	0.0344	0.2125	0	0.0467	1
0.01	0.0204	0.6745	-1.3412	0.3149	0.793	-0.0348	-0.6082	1173	0	1508	3	2	0.01	0.05	0	0.01	1
0.0196	0.2098	0.5851	-1.6093	0.381	0.6003	-0.6953	0.3952	553	0	935	3	1	0.0082	0.1875	0	0.0196	1
0.0124	0.1709	0.6893	-1.3269	0.341	-0.9988	0.0347	0.0338	0	1177	1511	0	1	0.0181	0.1444	0	0.0348	0
0.0108	0.1033	0.5366	-1.3247	0.3527	-0.3065	0.0482	0.9506	1176	1178	1511	0	2	0.01	0.05	0	0.01	0
0.01	0.075	0.5049	-1.3197	0.451	-0.3807	0.3193	0.8678	1177	0	1511	0	3	0.01	0.05	0	0.01	0
0.0198	0.059	1.083	-1.3665	0.4985	0.2508	0.3139	0.9157	567	1180	721	3	1	0.0032	0.2813	1	0.0203	1
0.017	0.1043	1.0978	-1.348	0.5525	-0.5429	-0.1663	0.8232	1179	1181	721	3	2	0.0032	0.2813	0	0.0203	1
0.01	0.0513	1.0417	-1.3769	0.6359	-0.9614	-0.1046	0.2545	1180	0	721	3	3	0.01	0.05	0	0.01	1
0.0252	0.1102	1.1586	-1.5151	0.5851	-0.3982	0.9093	0.1212	570	1183	722	3	1	0.0076	0.5	0	0.0252	1
0.0252	0.0106	1.1111	-1.4275	0.6148	-0.7821	0.5652	0.2624	1182	1184	722	3	2	0.0075	0.2	0	0.01	1
0.0252	0.0464	1.1116	-1.412	0.5845	0.7451	0.5624	0.3585	1183	0	722	3	3	0.0036	0.15	0	0.01	1
0.0111	0.0227	1.2014	-1.5429	0.6675	0.1043	0.7131	0.6932	582	1186	726	3	1	0.0017	0.075	0	0.0352	1
0.0119	0.1389	1.2238	-1.4637	0.6761	0.1524	-0.1576	-0.9757	1185	0	726	3	2	0.0041	0.2188	0	0.0137	1
0.01	0.2965	1.2422	-1.5087	0.6218	0.4367	-0.6338	-0.6384	583	1188	728	3	1	0.01	0.05	0	0.01	1
0.01	0.0459	1.3752	-1.6945	0.4335	0.4635	-0.3814	-0.7998	1187	1189	728	3	2	0.01	0.05	0	0.01	1
0.01	0.0202	1.3791	-1.7298	0.3804	0.6972	-0.0194	-0.7166	1188	0	728	3	3	0.01	0.05	0	0.01	1
0.0133	0.2217	1.164	-1.6508	0.5153	-0.5612	0.6646	-0.4934	581	1191	729	3	1	0.0036	0.375	0	0.0249	1
0.0162	0.0697	1.0558	-1.49	0.4028	-0.6479	0.7401	-0.1804	1190	0	729	3	2	0.0084	0.3214	0	0.0196	1
0.0199	0.128	1.1225	-1.64	0.681	0.6618	-0.7067	0.2501	598	1193	304	3	1	0.0053	0.2813	1	0.0199	1
0.0199	0.1109	1.2072	-1.7305	0.713	0.8648	-0.4612	0.1986	1192	1194	304	3	2	0.0053	0.2813	0	0.0199	1
0.0229	0.0937	1.2909	-1.7841	0.7435	0.5273	0.2093	0.8235	1193	1195	304	3	3	0.0035	0.3333	0	0.0277	1
0.0102	0.0846	1.3045	-1.7751	0.8199	-0.1342	0.3887	0.9115	1194	1196	304	3	4	0.01	0.05	0	0.01	1
0.0073	0.044	1.3115	-1.7594	0.818	0.4039	0.9089	-0.1037	1195	0	304	3	5	0.01	0.05	0	0.01	1
0.0206	0.0779	-1.7571	-0.2392	0.1691	-0.839	0.1429	-0.5251	609	1198	956	4	1	0.0064	0.375	1	0.0206	0
0.0206	0.0845	-1.8225	-0.2281	0.1282	-0.7385	0.5753	0.3517	1197	1199	956	4	2	0.0064	0.375	0	0.0206	0
0.0218	0.1591	-1.8766	-0.1809	0.1552	0.0254	0.9208	-0.3892	1198	1200	956	4	3	0.0028	0.25	0	0.0265	0
0.01	0.0372	-1.8693	-0.041	0.1094	0.5805	0.7867	0.2099	1199	1201	956	4	4	0.01	0.05	0	0.01	0
0.006	0.0414	-1.8476	-0.0098	0.1215	0.7236	0.6284	-0.2856	1200	0	956	4	5	0.01	0.05	0	0.01	0
0.01	0.055	-1.6899	-0.341	0.1939	0.8948	-0.4372	0.0903	610	1203	1516	4	1	0.01	0.05	1	0.01	0
0.01	0.0739	-1.6407	-0.365	0.1988	-0.7475	0.6008	0.2833	1202	0	1516	4	2	0.01	0.05	0	0.01	0
0.01	0.0613	-1.7174	-0.1454	0.2452	-0.8407	0.1104	0.5302	612	1205	1517	4	1	0.01	0.05	1	0.01	0
0.01	0.0604	-1.7689	-0.1386	0.2777	-0.7876	0.0458	0.6144	1204	0	1517	4	2	0.01	0.05	0	0.01	0
0.0055	0.0689	-1.9566	0.1229	0.548	0.2634	0.6501	-0.7127	629	1207	1519	4	1	0.0078	0.1296	1	0.0844	0
0.0055	0.1767	-1.9669	0.2017	0.5258	-0.5017	-0.7545	0.4231	1206	1208	1519	4	2	0.0521	0.1556	0	0.0844	0
0.0059	0.168	-2.004	0.0632	0.6191	-0.344	-0.054	0.9374	1207	0	1519	4	3	0.01	0.05	0	0.01	0
0.0025	0.1768	-1.5126	-0.5704	-0.1753	-0.8522	-0.246	0.4618	652	1210	1522	4	1	0.0225	0.1444	0	0.0315	1
0.0025	0.0498	-1.6585	-0.6097	-0.0914	-0.6358	0.3419	0.692	1209	1211	1522	4	2	0.0163	0.12	0	0.01	1
0.0025	0.1211	-1.6856	-0.5973	-0.056	0.276	0.4312	0.859	1210	0	1522	4	3	0.0111	0.1	0	0.01	1
0.028	0.183	-1.9861	-0.724	0.036	-0.5222	-0.8522	0.0327	670	1213	804	4	1	0.0053	0.09	0	0.0332	1
0.028	0.0711	-2.0888	-0.8826	0.0821	-0.8177	-0.5458	-0.1829	1212	1214	804	4	2	0.0042	0.25	0	0.0308	1
0.0147	0.1377	-2.145	-0.9289	0.0658	-0.8904	-0.0255	-0.4545	1213	1215	804	4	3	0.01	0.05	0	0.01	1
0.01	0.1081	-2.2671	-0.9322	0.002	0.5122	0.788	0.3415	1214	0	804	4	4	0.01	0.05	0	0.01	1
0.0168	0.1068	-2.0024	-0.6281	0.1074	-0.4169	0.6094	0.6745	0	1217	1527	0	1	0.0034	0.2813	0	0.0186	0
0.0135	0.0637	-2.0225	-0.5659	0.1901	-0.3791	-0.5992	0.7051	1216	1218	1527	0	2	0.01	0.05	0	0.01	0
0.0117	0.0522	-2.0771	-0.5969	0.2285	-0.1767	-0.9543	-0.241	1217	1219	1527	0	3	0.01	0.05	0	0.01	0
0.01	0.0577	-2.0863	-0.6467	0.216	-0.5936	-0.7429	-0.3093	1218	0	1527	0	4	0.01	0.05	0	0.01	0
0.0243	0.0948	-0.3672	0.3361	0.4491	-0.743	-0.6568	-0.1291	727	1221	473	4	1	0.0068	0.4167	0	0.0243	1
0.0243	0.0818	-0.4592	0.254	0.442	0.1838	0.0517	0.9816	1220	1222	473	4	2	0.012	0.18	0	0.0416	1
0.0243	0.099	-0.4836	0.2228	0.5239	0.1476	-0.1192	0.9818	1221	0	473	4	3	0.0054	0.14	0	0.01	1
0.0367	0.0953	0.4797	0.1596	0.0049	-0.3654	-0.821	-0.4387	0	0	1535	0	1	0.0094	0.4063	0	0.0367	0
0.0227	0.0681	0.5929	0.1864	0.0143	0.2582	0.2695	0.9277	746	1225	1006	4	1	0.006	0.1667	0	0.0397	1
0.0149	0.0757	0.6042	0.222	0.0877	0.4548	-0.3262	0.8287	1224	1226	1006	4	2	0.01	0.05	0	0.01	1
0.0124	0.0697	0.6387	0.1973	0.1505	-0.7248	-0.6387	0.2583	1225	1227	1006	4	3	0.01	0.05	0	0.01	1
0.01	0.0682	0.5882	0.1528	0.1685	-0.8674	-0.4957	0.0443	1226	0	1006	4	4	0.01	0.05	0	0.01	1
0.0092	0.0249	1.5168	0.0998	0.5837	0.9209	0.0762	0.3822	786	1229	1249	4	1	0.0115	0.2	0	0.0228	1
0.0102	0.1438	1.501	0.116	0.5844	-0.1173	0.2702	0.9556	1228	1230	1249	4	2	0.0132	0.22	0	0.0244	1
0.0092	0.0793	1.4826	0.1635	0.7197	0.3323	0.2781	0.9012	1229	0	1249	4	3	0.01	0.05	0	0.01	1
0.0177	0.0604	1.5009	0.0839	0.5909	-0.1184	-0.913	-0.3903	786	1232	1250	4	1	0.0035	0.375	0	0.0188	1
0.0139	0.032	1.4876	0.0254	0.566	0.3772	-0.3458	-0.8592	1231	1233	1250	4	2	0.01	0.05	0	0.01	1
0.012	0.0442	1.4997	0.0143	0.5385	-0.8175	-0.5538	-0.1582	1232	1234	1250	4	3	0.01	0.05	0	0.01	1
0.01	0.0721	1.4635	-0.0102	0.5315	-0.2676	-0.8958	-0.3549	1233	0	1250	4	4	0.01	0.05	0	0.01	1
0.021	0.0464	1.6081	0.1785	0.8096	0.4899	-0.8712	0.0309	791	1236	1370	4	1	0.0055	0.375	1	0.0284	1
0.021	0.0848	1.6356	0.1438	0.8124	-0.031	-0.1956	0.9802	1235	1237	1370	4	2	0.0058	0.2	0	0.0284	1
0.021	0.1154	1.6235	0.1145	0.8743	0.1268	-0.8737	0.4696	1236	1238	1370	4	3	0.0097	0.22	0	0.0314	1
0.01	0.029	1.6326	0.0178	0.9329	0.4872	-0.2394	0.8399	1237	0	1370	4	4	0.01	0.05	0	0.01	1
0.0324	0.0581	1.5716	0.0124	0.5447	0.7389	0.2701	0.6174	797	1240	1542	4	1	0.0047	0.4167	0	0.0324	1
0.0324	0.0824	1.6166	0.0278	0.5625	0.0181	0.9998	-0.0099	1239	1241	1542	4	2	0.0087	0.2273	0	0.0246	1
0.0324	0.0512	1.6117	0.0893	0.5677	0.3961	0.138	0.9078	1240	0	1542	4	3	0.0083	0.1212	0	0.01	1
0.0312	0.0581	2.0115	0.035	0.7547	-0.5735	-0.7983	-0.1837	805	1243	1290	4	1	0.0042	0.4167	0	0.0312	1
0.0312	0.0534	1.9789	-0.0169	0.7445	0.4309	0.1237	0.8939	1242	1244	1290	4	2	0.0056	0.1	0	0.01	1
0.0312	0.0486	1.9743	-0.0152	0.8237	0.75	-0.2102	0.6272	1243	0	1290	4	3	0.0066	0.125	0	0.01	1
0.0204	0.043	1.7866	0.0125	0.692	-0.4729	-0.6738	-0.5678	810	1246	1314	4	1	0.0072	0.25	1	0.0332	1
0.02	0.1416	1.7564	-0.0232	0.6748	-0.4944	0.8597	0.1281	1245	1247	1314	4	2	0.01	0.1375	0	0.0332	1
0.0178	0.1536	1.7161	0.0716	0.7057	0.4513	0.7368	0.5034	1246	1248	1314	4	3	0.0119	0.2045	0	0.0213	1
0.01	0.078	1.7943	0.18	0.7773	0.6458	0.5373	0.5425	1247	1249	1314	4	4	0.01	0.05	0	0.01	1
0.009	0.0813	1.769	0.2221	0.8367	0.1738	0.6291	0.7576	1248	1250	1314	4	5	0.01	0.05	0	0.01	1
0.0053	0.0039	1.7315	0.2075	0.8035	-0.9094	0.3021	0.2858	1249	0	1314	4	6	0.01	0.05	0	0.01	1
0.0276	0.0278	1.767	0.0377	0.7247	-0.448	0.7792	-0.4383	810	1252	1315	4	1	0.0061	0.4167	1	0.0276	1
0.0276	0.0898	1.7546	0.0594	0.7125	-0.1043	0.1047	0.989	1251	1253	1315	4	2	0.0061	0.4167	0	0.0276	1
0.0276	0.0681	1.7419	0.1046	0.8134	-0.5612	-0.3092	0.7677	1252	1254	1315	4	3	0.0033	0.375	0	0.0324	1
0.0276	0.0432	1.693	0.0638	0.8717	-0.4742	0.4839	0.7355	1253	1255	1315	4	4	0.0025	0.15	0	0.01	1
0.0276	0.0532	1.6848	0.0951	0.9063	-0.3648	0.1945	0.9106	1254	1256	1315	4	5	0.0023	0.2188	0	0.024	1
0.0276	0.0159	1.6678	0.1382	0.9201	-0.2488	0.7126	0.656	1255	1257	1315	4	6	0.0064	0.125	0	0.01	1
0.0276	0.0846	1.6709	0.1346	0.9374	-0.86	-0.1878	0.4745	1256	0	1315	4	7	0.0177	0.1	0	0.01	1
0.0237	0.096	1.7304	0.0255	0.7694	-0.9103	0.3709	0.1841	811	1259	1354	4	1	0.0066	0.2813	1	0.0277	1
0.0237	0.1034	1.6431	0.0611	0.787	-0.9337	0.023	0.3574	1258	1260	1354	4	2	0.0066	0.2813	0	0.0277	1
0.0136	0.0742	1.5549	0.0523	0.7945	-0.4686	0.7748	-0.4245	1259	1261	1354	4	3	0.01	0.05	0	0.01	1
0.01	0.0715	1.5202	0.1098	0.763	-0.7085	0.5265	-0.4699	1260	0	1354	4	4	0.01	0.05	0	0.01	1
0.01	0.2084	0.6135	1.1768	0.864	-0.1712	-0.9405	0.2936	871	1263	1551	4	1	0.01	0.05	0	0.01	0
0.01	0.115	0.5778	0.9808	0.9251	-0.3996	-0.4422	-0.803	1262	0	1551	4	2	0.01	0.05	0	0.01	0
0.0111	0.05	-0.4327	0.0549	0.3166	0.5848	0.1589	0.7955	901	1265	857	4	1	0.0093	0.25	1	0.0362	0
0.0111	0.1042	-0.4193	0.0884	0.3682	0.2374	-0.285	0.9287	1264	1266	857	4	2	0.014	0.0833	0	0.0362	1
0.0099	0.1224	-0.3996	0.0422	0.4565	0.3228	-0.5059	0.8	1265	0	857	4	3	0.0266	0.1778	0	0.0298	1
0.0128	0.0295	-0.4161	-0.4365	0.4758	-0.0394	-0.8962	0.4419	912	1268	1555	4	1	0.0153	0.3091	1	0.048	0
0.0128	0.1295	-0.4114	-0.4701	0.495	0.2986	-0.4704	-0.8304	1267	0	1555	4	2	0.0326	0.2571	0	0.048	0
0.0227	0.0763	-0.5226	-0.7839	0.3736	-0.949	0.312	-0.0455	0	1270	1558	0	1	0.0139	0.325	0	0.0434	0
0.0146	0.1054	-0.5925	-0.7633	0.3672	0.5899	0.7413	-0.3202	1269	1271	1558	0	2	0.01	0.05	0	0.01	0
0.01	0.0548	-0.5303	-0.6852	0.3335	0.7644	0.2196	-0.6062	1270	0	1558	0	3	0.01	0.05	0	0.01	0
0.0082	0.0407	-0.4403	-1.1079	0.6296	0.8538	0.397	0.3369	934	1273	1559	4	1	0.0035	0.375	1	0.0299	0
0.0081	0.0717	-0.4037	-1.0787	0.6413	0.3305	0.0987	0.9386	1272	1274	1559	4	2	0.0157	0.175	0	0.0299	0
0.0076	0.0872	-0.4045	-1.1017	0.6898	0.4376	0.1934	-0.8781	1273	1275	1559	4	3	0.0249	0.2	0	0.0436	0
0.0063	0.0358	-0.3869	-1.0922	0.6203	-0.4166	0.3636	-0.8332	1274	1276	1559	4	4	0.01	0.05	0	0.01	0
0.0044	0.0754	-0.4014	-1.0788	0.592	-0.1273	0.9661	-0.2247	1275	0	1559	4	5	0.0059	0.0857	0	0.01	0
0.0083	0.061	-0.3377	-1.2659	0.6538	0.6182	-0.4734	-0.6275	936	1278	1035	4	1	0.0036	0.225	1	0.028	0
0.0081	0.1497	-0.315	-1.2991	0.622	-0.1588	-0.6178	-0.7702	1277	1279	1035	4	2	0.0123	0.0875	0	0.028	0
0.0068	0.2387	-0.3616	-1.3997	0.4883	-0.625	-0.0138	0.7805	1278	1280	1035	4	3	0.0241	0.1	0	0.0363	0
0.0046	0.0201	-0.5057	-1.3977	0.6743	-0.1959	0.2434	0.9499	1279	1281	1035	4	4	0.0162	0.125	0	0.01	0
0.0036	0.0558	-0.5097	-1.3925	0.6943	0.1042	0.9183	-0.382	1280	0	1035	4	5	0.0181	0.1	0	0.01	0
0.0141	0.073	-0.792	-1.1285	0.6173	-0.1535	-0.2669	-0.9514	945	1283	865	4	1	0.0163	0.25	0	0.0511	0
0.0114	0.0763	-0.8134	-1.1662	0.5351	-0.0532	0.5939	-0.8028	1282	1284	865	4	2	0.01	0.05	0	0.01	0
0.01	0.0694	-0.8175	-1.1208	0.4738	0.6985	-0.684	-0.2101	1283	0	865	4	3	0.01	0.05	0	0.01	0
0.0287	0.1383	-0.9258	-1.2189	0.6226	-0.2108	-0.2252	-0.9512	947	1286	866	4	1	0.0062	0.25	0	0.0292	1
0.0226	0.1653	-0.966	-1.2943	0.4996	-0.8222	0.0965	-0.5609	1285	1287	866	4	2	0.0032	0.2083	0	0.0226	1
0.0144	0.0863	-1.101	-1.2926	0.4001	-0.7249	0.2554	-0.6397	1286	1288	866	4	3	0.01	0.05	0	0.01	1
0.0104	0.0375	-1.0886	-1.3056	0.4001	0.1709	-0.7097	-0.6834	1287	1289	866	4	4	0.01	0.05	0	0.01	1
0.007	0.0698	-1.0822	-1.3322	0.3745	-0.9994	-0.0237	0.0237	1288	0	866	4	5	0.01	0.05	0	0.01	1
0.0208	0.1654	-0.813	-1.1619	0.6298	-0.3681	-0.1608	0.9158	946	1291	1037	4	1	0.0048	0.2083	0	0.0202	0
0.0247	0.1219	-0.8717	-1.1933	0.779	-0.3371	-0.5137	0.789	1290	1292	1037	4	2	0.0025	0.2813	0	0.0255	0
0.0149	0.0815	-0.9362	-1.2431	0.8507	-0.7327	-0.5381	0.4167	1291	1293	1037	4	3	0.01	0.05	0	0.01	0
0.0171	0.0961	-0.9179	-1.2506	0.8821	0.422	-0.8986	0.1199	1292	1294	1037	4	4	0.0077	0.15	0	0.0243	0
0.0071	0.0272	-0.8815	-1.3134	0.8861	0.8196	0.3009	0.4876	1293	0	1037	4	5	0.01	0.05	0	0.01	0
0.0118	0.0879	-0.579	-1.2847	0.6128	-0.0369	-0.748	0.6627	953	1296	1561	4	1	0.0096	0.2679	1	0.0327	0
0.0118	0.2049	-0.5733	-1.3544	0.6665	-0.4811	-0.8487	-0.2197	1295	1297	1561	4	2	0.0184	0.2364	0	0.0327	0
0.0134	0.0656	-0.6751	-1.5308	0.6223	-0.6177	0.5894	-0.5206	1296	0	1561	4	3	0.0078	0.0833	0	0.0272	0
0.0115	0.0881	-0.8545	-1.3851	0.2795	-0.6165	0.1942	-0.763	966	1299	1044	4	1	0.0064	0.3125	1	0.0258	1
0.0115	0.0931	-0.9112	-1.3627	0.2248	0.7381	-0.5612	0.3745	1298	1300	1044	4	2	0.0077	0.18	0	0.0258	1
0.0116	0.0923	-0.8747	-1.4136	0.2428	0.4469	0.3451	-0.8253	1299	0	1044	4	3	0.0154	0.15	0	0.0259	1
0.0241	0.0959	-0.8992	-1.5606	0.3533	0.8451	-0.4932	0.2064	968	1302	1304	4	1	0.0061	0.4167	1	0.0241	1
0.0241	0.0671	-0.8181	-1.6079	0.373	-0.2164	-0.3123	-0.925	1301	1303	1304	4	2	0.0061	0.4167	0	0.0241	1
0.0241	0.0671	-0.7972	-1.6243	0.3084	-0.0985	0.9468	0.3065	1302	1304	1304	4	3	0.0059	0.14	0	0.01	1
0.0241	0.0945	-0.8178	-1.5602	0.3274	-0.0716	0.573	0.8165	1303	0	1304	4	4	0.0075	0.0857	0	0.01	1
0.0347	0.029	-0.8004	-1.1518	0.3586	-0.5768	-0.199	0.7923	972	1306	1563	4	1	0.0093	0.4375	1	0.0347	0
0.0347	0.1186	-0.8171	-1.1576	0.3815	0.5154	-0.8518	-0.0943	1305	1307	1563	4	2	0.0093	0.4375	0	0.0347	0
0.0347	0.0787	-0.7565	-1.2576	0.3697	-0.0552	0.5138	0.8561	1306	0	1563	4	3	0.0068	0.3125	0	0.0299	0
0.0125	0.1333	-1.2477	-1.378	0.1597	0.5802	0.3856	0.7174	975	1309	1140	4	1	0.0075	0.14	0	0.0263	0
0.0109	0.0638	-1.153	-1.3342	0.2612	-0.3685	-0.1461	0.9181	1308	1310	1140	4	2	0.01	0.05	0	0.01	0
0.01	0.0776	-1.1765	-1.3435	0.3198	0.09	-0.9879	0.1265	1309	0	1140	4	3	0.01	0.05	0	0.01	0
0.0177	0.058	0.5215	0.1059	0.4616	0.8222	-0.0002	0.5692	1029	1312	632	4	1	0.003	0.2917	0	0.0177	0
0.0225	0.073	0.5605	0.0875	0.5369	0.7493	0.5377	0.3865	1311	1313	632	4	2	0.0089	0.325	0	0.0329	0
0.0205	0.18	0.6279	0.1129	0.5753	0.758	0.6499	-0.0554	1312	1314	632	4	3	0.0122	0.1222	0	0.0366	0
0.0109	0.114	0.7361	0.2399	0.5762	0.3563	0.9317	0.0705	1313	1315	632	4	4	0.01	0.05	0	0.01	0
0.0078	0.0512	0.7892	0.2467	0.5573	0.9285	0.2011	-0.3122	1314	0	632	4	5	0.01	0.05	0	0.01	0
0.0103	0.0792	0.4817	-0.2487	0.6582	0.8753	0.4835	0.0055	1100	1317	1581	4	1	0.0151	0.18	0	0.0257	1
0.0101	0.0462	0.5517	-0.2142	0.632	0.8417	-0.5312	0.0962	1316	1318	1581	4	2	0.01	0.05	0	0.01	1
0.01	0.0782	0.5906	-0.2388	0.6365	-0.5812	0.4858	0.6528	1317	0	1581	4	3	0.01	0.05	0	0.01	1
0.0319	0.1277	0.3963	-0.308	0.8422	-0.9363	-0.3505	-0.0235	1106	1320	914	4	1	0.006	0.25	0	0.034	1
0.0277	0.1062	0.2861	-0.3528	0.8297	0.6358	-0.4427	0.6323	1319	1321	914	4	2	0.0074	0.1667	0	0.0364	1
0.0164	0.0874	0.3413	-0.4196	0.8895	0.633	-0.5851	0.5069	1320	1322	914	4	3	0.0068	0.14	0	0.01	1
0.01	0.0489	0.3383	-0.3939	0.93	0.2591	0.2433	0.9347	1321	0	914	4	4	0.01	0.05	0	0.01	1
0.0187	0.126	0.5025	-0.3895	0.5794	0.9702	-0.0889	0.2252	1114	1324	920	4	1	0.0061	0.3333	0	0.0187	1
0.0208	0.1214	0.6457	-0.4042	0.6232	0.5943	0.3354	-0.731	1323	1325	920	4	2	0.0034	0.175	0	0.0232	1
0.0167	0.1017	0.7283	-0.3767	0.5463	0.6221	-0.1864	-0.7604	1324	1326	920	4	3	0.0021	0.2188	0	0.0168	1
0.01	0.0306	0.7849	-0.3876	0.4647	0.5635	0.0342	-0.8254	1325	1327	920	4	4	0.01	0.05	0	0.01	1
0.0076	0.0968	0.8022	-0.3865	0.4395	-0.2222	0.8301	-0.5115	1326	0	920	4	5	0.01	0.05	0	0.01	1
0.0366	0.1209	0.5316	-0.3355	0.6308	0.4037	-0.0268	0.9145	1113	1329	1582	4	1	0.0094	0.275	0	0.0366	1
0.0366	0.0891	0.579	-0.3385	0.7386	0.8903	0.0885	-0.4467	1328	1330	1582	4	2	0.0048	0.4167	0	0.0366	1
0.0366	0.1316	0.7008	-0.3055	0.7255	0.6377	-0.3466	-0.6879	1329	0	1582	4	3	0.0092	0.0455	0	0.01	1
0.0222	0.0907	0.5176	-0.4287	0.6716	-0.4103	-0.6046	0.6827	1134	1332	1583	4	1	0.0154	0.28	0	0.0422	1
0.0217	0.073	0.5562	-0.5172	0.7436	-0.3912	-0.7061	0.5903	1331	1333	1583	4	2	0.0202	0.325	0	0.0473	1
0.0194	0.1053	0.5861	-0.5622	0.7741	0.1793	-0.9193	0.3504	1332	1334	1583	4	3	0.0173	0.2143	0	0.0335	1
0.01	0.0125	0.6163	-0.6494	0.8042	0.6883	-0.3791	0.6185	1333	1335	1583	4	4	0.01	0.05	0	0.01	1
0.0068	0.0767	0.6249	-0.6542	0.812	-0.0842	0.9578	0.2749	1334	0	1583	4	5	0.01	0.05	0	0.01	1
0.0081	0.0884	1.1577	-0.7249	1.2225	-0.7021	-0.3661	-0.6108	1147	1337	1427	4	1	0.0179	0.2667	0	0.0273	1
0.0082	0.0355	1.0756	-0.7357	1.1652	0.7101	0.6849	0.1634	1336	0	1427	4	2	0.01	0.05	0	0.01	1
0.026	0.1811	1.0033	-0.6337	1.1412	-0.0803	0.3164	-0.9452	1143	1339	1584	4	1	0.0066	0.275	0	0.0272	1
0.0237	0.1122	1.0022	-0.5778	0.9777	0.4921	0.3364	-0.8029	1338	1340	1584	4	2	0.004	0.2917	0	0.0286	1
0.0147	0.0546	1.06	-0.5537	0.8802	0.5457	0.4766	-0.6892	1339	1341	1584	4	3	0.01	0.05	0	0.01	1
0.01	0.0385	1.0448	-0.5499	0.8875	-0.575	0.7977	-0.182	1340	0	1584	4	4	0.01	0.05	0	0.01	1
0.0262	0.0842	0.1359	-0.3594	0.3316	0.2832	-0.9419	0.1805	1157	1343	685	4	1	0.0073	0.375	0	0.0259	1
0.0262	0.0276	0.158	-0.4377	0.3455	-0.6367	-0.1666	0.7529	1342	0	685	4	2	0.0064	0.5	0	0.0262	1
0.015	0.0361	-1.3072	-0.4117	-0.1317	0.5852	-0.4394	0.6815	0	1345	1238	0	1	0.01	0.05	0	0.01	0
0.019	0.0861	-1.2618	-0.4244	-0.1048	-0.1487	0.9453	0.2903	1344	1346	1238	0	2	0.0026	0.2917	0	0.019	0
0.0125	0.0023	-1.2559	-0.3415	-0.0823	-0.0467	0.971	0.2344	1345	1347	1238	0	3	0.01	0.05	0	0.01	0
0.0101	0.0353	-1.264	-0.3427	-0.0713	0.2535	0.8456	0.4698	1346	1348	1238	0	4	0.01	0.05	0	0.01	0
0.0111	0.0549	-1.2529	-0.3083	-0.0494	-0.2899	0.781	-0.5531	1347	0	1238	0	5	0.0075	0.14	0	0.0162	0
0.0284	0.0896	-0.4597	0.2342	0.4918	0.3517	-0.4508	-0.8204	1221	1350	1605	5	1	0.0055	0.5	0	0.0284	1
0.0284	0.0699	-0.4351	0.1865	0.4206	0.524	-0.6704	-0.5253	1349	0	1605	5	2	0.0043	0.375	0	0.0284	1
0.0256	0.1181	1.3109	0.0562	0.4305	0.3098	0.7298	0.6095	0	1352	1252	0	1	0.0099	0.2167	0	0.031	0
0.0158	0.0568	1.3474	0.1214	0.5008	0.2582	-0.0807	0.9627	1351	1353	1252	0	2	0.0093	0.2	0	0.01	0
0.0167	0.0641	1.3562	0.1345	0.5673	0.5327	-0.3415	0.7744	1352	0	1252	0	3	0.0065	0.1167	0	0.0467	0
0.0154	0.096	1.2606	0.0592	0.4009	-0.0025	0.06	0.9982	0	1355	1293	0	1	0.0025	0.2813	0	0.0156	0
0.016	0.1156	1.2953	0.089	0.5258	-0.6903	0.6679	0.2781	1354	1356	1293	0	2	0.0187	0.2167	0	0.0404	0
0.01	0.0549	1.2218	0.1367	0.5401	0.6438	-0.2897	0.7082	1355	0	1293	0	3	0.01	0.05	0	0.01	0
0.0215	0.0457	-0.986	-1.313	0.4773	-0.1084	-0.89	-0.443	1286	1358	1136	5	1	0.0054	0.3333	1	0.0251	1
0.0209	0.0773	-0.991	-1.3536	0.4571	0.7873	0.5857	-0.1925	1357	1359	1136	5	2	0.0054	0.3333	0	0.0251	1
0.0182	0.1217	-0.926	-1.2933	0.4379	0.919	-0.1489	0.365	1358	1360	1136	5	3	0.0086	0.2	0	0.0454	1
0.01	0.0238	-0.8186	-1.3218	0.4893	0.7661	-0.5516	-0.3299	1359	1361	1136	5	4	0.01	0.05	0	0.01	1
0.006	0.0341	-0.7908	-1.3342	0.4862	0.1856	-0.9541	-0.2349	1360	0	1136	5	5	0.01	0.05	0	0.01	1
0.0064	0.1662	-1.0629	-1.5163	0.5173	-0.718	0.0071	-0.696	0	1363	1625	0	1	0.0116	0.1222	0	0.018	0
0.0067	0.0863	-1.1831	-1.5175	0.4031	-0.6878	-0.1497	-0.7103	1362	0	1625	0	2	0.01	0.05	0	0.01	0
0.0278	0.0586	0.1581	-0.4371	0.8843	-0.6673	-0.6933	-0.2721	0	1365	1631	0	1	0.007	0.3333	0	0.0282	0
0.0257	0.1208	0.161	-0.4753	0.8534	-0.1035	-0.8942	-0.4355	1364	1366	1631	0	2	0.0077	0.1667	0	0.0331	0
0.0154	0.0349	0.1486	-0.5738	0.7718	0.975	0.2104	0.0719	1365	1367	1631	0	3	0.01	0.05	0	0.01	0
0.01	0.096	0.1821	-0.572	0.7644	-0.2205	0.8565	-0.4667	1366	0	1631	0	4	0.01	0.05	0	0.01	0
0.0072	0.064	0.7866	-0.3151	0.4038	0.3124	0.5857	0.7479	1327	1369	1062	5	1	0.01	0.05	1	0.01	1
0.0069	0.0819	0.8066	-0.2776	0.4517	-0.7377	0.6585	-0.1493	1368	1370	1062	5	2	0.01	0.05	0	0.01	1
0.0065	0.1198	0.748	-0.2066	0.4413	-0.9916	0.0949	0.0884	1369	1371	1062	5	3	0.0188	0.2167	0	0.0266	1
0.0047	0.0162	0.6622	-0.203	0.4682	-0.4629	-0.1254	0.8775	1370	1372	1062	5	4	0.0128	0.125	0	0.01	1
0.0034	0.0661	0.6504	-0.1992	0.4699	-0.8787	-0.4697	0.085	1371	0	1062	5	5	0.0177	0.175	0	0.01	1
0.0085	0.2419	0.512	-0.4086	0.6378	-0.8407	0.3931	-0.3724	1331	0	1639	5	1	0.0128	0.2813	0	0.0352	1
