radius (m)	length (m)	start_point	axis_direction	parent	extension	branch	branch_order	position_in_branch	mad	SurfCov	added	UnmodRadius (m)	Rama_podada
0.045	0.2991	0.06	0.2653	-2.6437	-0.0938	0.04	0.9948	0	2	1	0	1	0.0106	0.72	0	0.045	0
0.0462	0.1122	0.026	0.278	-2.3454	0.1136	-0.0419	0.9926	1	3	1	0	2	0.0067	0.825	0	0.0462	0
0.0433	0.1117	0.0506	0.2749	-2.2317	-0.2103	0.154	0.9654	2	4	1	0	3	0.0072	0.8	0	0.0433	0
0.047	0.1143	0.0221	0.2797	-2.1215	0.0185	0.1852	0.9825	3	5	1	0	4	0.0074	0.74	0	0.047	0
0.0439	0.0795	0.012	0.3197	-2.0055	0.0304	-0.1705	0.9849	4	6	1	0	5	0.0061	0.8667	0	0.0439	0
0.0501	0.1192	-0.0017	0.3175	-1.9216	0.1791	-0.2202	0.9589	5	7	1	0	6	0.0082	0.7818	0	0.0501	0
0.0474	0.1025	0.0139	0.3016	-1.8048	0.0337	-0.212	0.9767	6	8	1	0	7	0.0073	0.9	0	0.0474	0
0.0456	0.099	0.0207	0.2733	-1.705	0.09	-0.0015	0.9959	7	9	1	0	8	0.0068	0.875	0	0.0456	0
0.0449	0.0794	0.028	0.2745	-1.6064	-0.0329	-0.0761	0.9966	8	10	1	0	9	0.0063	0.9333	0	0.0449	0
0.0465	0.0794	0.0257	0.2716	-1.5272	-0.1123	0.0107	0.9936	9	11	1	0	10	0.0063	0.9	0	0.0465	0
0.0472	0.0992	0.0209	0.2469	-1.4398	-0.1566	0.289	0.9444	10	12	1	0	11	0.0072	0.9	0	0.0472	0
0.0461	0.0768	0.0103	0.2608	-1.3435	-0.0745	0.1497	0.9859	11	13	1	0	12	0.0067	0.9	0	0.0461	0
0.0473	0.1212	-0.0076	0.2683	-1.2672	0.1023	-0.1555	0.9825	12	14	1	0	13	0.0075	0.9	0	0.0473	0
0.0479	0.1073	0.0143	0.2454	-1.1465	-0.0963	0.1644	0.9817	13	15	1	0	14	0.0078	0.8636	0	0.0479	0
0.0509	0.1048	-0.0102	0.2522	-1.038	0.2812	-0.0794	0.9563	14	16	1	0	15	0.0078	0.7818	0	0.0509	0
0.0497	0.1137	0.0052	0.2558	-0.9353	0.1932	0.031	0.9807	15	17	1	0	16	0.0078	0.9318	0	0.0497	0
0.0479	0.1352	0.0168	0.2631	-0.8207	0.2749	-0.0425	0.9605	16	18	1	0	17	0.0082	0.8182	0	0.0479	0
0.0545	0.0999	0.0388	0.2639	-0.6873	0.1249	-0.2166	0.9682	17	19	1	0	18	0.0102	0.7083	0	0.0545	0
0.0492	0.1368	0.0343	0.2383	-0.5792	0.4203	0.4573	0.7837	18	20	1	0	19	0.0079	0.7091	0	0.0492	0
0.0575	0.1468	0.0974	0.2779	-0.4727	-0.1524	-0.0674	0.986	19	21	1	0	20	0.0241	0.6711	0	0.0714	0
0.0541	0.228	0.0807	0.2855	-0.3081	-0.7226	-0.4036	0.5613	20	22	1	0	21	0.0251	0.4957	0	0.076	0
0.0555	0.0678	-0.0135	0.2702	-0.0559	-0.7675	-0.2503	0.5902	21	23	1	0	22	0.021	0.5397	0	0.0657	0
0.0555	0.0427	-0.0607	0.3014	-0.0527	0.117	0.596	0.7944	22	24	1	0	23	0.0738	0.5335	0	0.1696	0
0.0546	0.2415	-0.0271	0.3663	0.0176	-0.4262	-0.4276	0.7972	23	25	1	0	24	0.0329	0.2431	0	0.0984	0
0.0528	0.1893	-0.1567	0.2928	0.2125	0.6651	0.5562	0.4983	24	26	1	0	25	0.0234	0.5118	0	0.0813	0
0.0524	0.1049	-0.0962	0.3398	0.3832	0.1249	0.7342	0.6674	25	27	1	0	26	0.0102	0.5119	0	0.0553	0
0.0445	0.0541	-0.0736	0.3241	0.5681	0.006	0.7782	0.628	26	28	1	0	27	0.005	0.5	0	0.0447	0
0.0476	0.0876	-0.0803	0.4066	0.6158	-0.0549	-0.3309	0.9421	27	29	1	0	28	0.0064	0.75	0	0.0476	0
0.054	0.0892	-0.0787	0.3405	0.6862	0.006	-0.3117	0.9502	28	30	1	0	29	0.0078	0.6389	0	0.055	0
0.0504	0.0742	-0.0694	0.3161	0.7699	0.2253	-0.3033	0.9259	29	31	1	0	30	0.0072	0.5278	0	0.0527	0
0.0398	0.0827	-0.0826	0.3197	0.8507	-0.149	-0.5506	0.8213	30	32	1	0	31	0.0059	0.3704	0	0.0398	0
0.0318	0.1146	-0.0716	0.2884	0.9214	-0.104	-0.0222	0.9943	31	33	1	0	32	0.0042	0.4063	0	0.0272	0
0.0314	0.0043	-0.071	0.2809	1.034	0.1259	0.0393	0.9913	32	34	1	0	33	0.0107	0.3	0	0.0296	0
0.0311	0.0464	-0.084	0.3067	1.045	-0.0408	-0.2718	0.9615	33	35	1	0	34	0.0094	0.15	0	0.01	0
0.0309	0.0828	-0.0638	0.2826	1.0858	-0.1115	-0.5029	0.8571	34	36	1	0	35	0.0027	0.375	0	0.0268	0
0.0305	0.0762	-0.0985	0.2789	1.1503	-0.5321	-0.22	0.8176	35	37	1	0	36	0.0076	0.0556	0	0.0234	0
0.0299	0.0795	-0.0913	0.2464	1.2184	-0.1608	-0.1326	0.978	36	38	1	0	37	0.0088	0.2698	0	0.0249	0
0.0294	0.0424	-0.1279	0.2469	1.298	-0.049	-0.2638	0.9633	37	39	1	0	38	0.0112	0.2625	0	0.0285	0
0.039	0.0525	-0.1183	0.2678	1.3456	-0.3321	-0.0746	0.9403	38	40	1	0	39	0.0034	0.2963	0	0.0394	0
0.0301	0.0778	-0.1585	0.2864	1.3738	-0.2977	0.4763	0.8274	39	41	1	0	40	0.015	0.3636	0	0.0301	0
0.042	0.0948	-0.2122	0.2627	1.4437	-0.8793	0.4542	0.1432	40	42	1	0	41	0.0176	0.1882	0	0.0527	0
0.0282	0.0525	-0.1669	0.2214	1.4508	-0.3001	-0.5193	0.8002	41	43	1	0	42	0.0077	0.175	0	0.01	0
0.0302	0.0252	-0.1764	0.1921	1.4921	-0.1205	-0.6335	0.7643	42	44	1	0	43	0.0037	0.2	0	0.0302	0
0.0274	0.0007	-0.185	0.1889	1.5156	-0.1599	-0.3748	0.9132	43	45	1	0	44	0.0079	0.175	0	0.01	0
0.0272	0.0442	-0.1936	0.185	1.52	0.1641	-0.8683	-0.4682	44	0	1	0	45	0.0084	0.225	0	0.01	0
0.0297	0.2765	0.0857	0.2865	-0.6056	0.6848	0.6453	0.3386	18	47	5	1	1	0.0091	0.325	1	0.0275	0
0.0296	0.1463	0.275	0.4649	-0.512	0.0641	0.835	0.5466	46	48	5	1	2	0.0091	0.325	0	0.0275	0
0.0295	0.0528	0.2841	0.589	-0.4141	0.8395	0.5417	-0.0438	47	49	5	1	3	0.0027	0.25	0	0.0289	0
0.0339	0.1851	0.3329	0.593	-0.4239	0.9617	0.096	0.2568	48	50	5	1	4	0.0147	0.1364	0	0.0339	0
0.0292	0.0561	0.5044	0.5754	-0.3817	0.9742	-0.1964	0.1108	49	51	5	1	5	0.0136	0.127	0	0.0277	0
0.0288	0.1239	0.5633	0.6032	-0.3795	0.9751	-0.0847	0.2048	50	52	5	1	6	0.0107	0.2685	0	0.0254	1
0.0406	0.0756	0.6686	0.5673	-0.3473	0.828	-0.5445	-0.1337	51	53	5	1	7	0.0055	0.5185	0	0.0415	1
0.0394	0.0735	0.7224	0.5106	-0.3491	0.8755	-0.2802	0.3936	52	54	5	1	8	0.0061	0.4444	0	0.0403	1
0.0424	0.1287	0.7861	0.4931	-0.3177	0.9681	0.0117	0.2501	53	55	5	1	9	0.0172	0.2857	0	0.0653	1
0.0409	0.1032	0.9118	0.5	-0.305	0.9857	0.1389	0.0956	54	56	5	1	10	0.0063	0.5556	0	0.0419	1
0.0393	0.0892	1.0145	0.5022	-0.2928	0.9789	0.108	0.1734	55	57	5	1	11	0.0053	0.6667	0	0.0394	1
0.0387	0.0654	1.1003	0.5216	-0.2722	0.9658	0.2147	-0.1451	56	58	5	1	12	0.0046	0.6296	0	0.0389	1
0.0372	0.1145	1.1679	0.5285	-0.2786	0.8691	0.4679	-0.1601	57	59	5	1	13	0.0051	0.5313	0	0.0374	1
0.029	0.0589	1.2777	0.607	-0.3181	-0.4625	0.676	0.5737	58	60	5	1	14	0.0044	0.375	0	0.029	1
0.0327	0.158	1.2507	0.6529	-0.2897	0.8917	0.2813	0.3546	59	61	5	1	15	0.0053	0.5208	0	0.0327	1
0.0364	0.1172	1.3956	0.7054	-0.2581	0.8781	0.3934	0.2723	60	62	5	1	16	0.0056	0.6875	0	0.0364	1
0.0308	0.0519	1.4965	0.7511	-0.2352	0.84	0.5	-0.2107	61	63	5	1	17	0.0037	0.5	0	0.0308	1
0.0366	0.1881	1.5469	0.7616	-0.218	0.813	0.5705	0.1163	62	64	5	1	18	0.0063	0.1204	0	0.0457	1
0.0251	0.1036	1.6876	0.8973	-0.2352	0.7577	0.6173	0.2116	63	65	5	1	19	0.0026	0.4375	0	0.0245	1
0.031	0.0739	1.7624	0.9638	-0.2048	0.6589	0.7492	0.0669	64	66	5	1	20	0.003	0.375	0	0.031	1
0.0289	0.09	1.8176	1.0089	-0.1952	0.8012	0.5786	0.1527	65	67	5	1	21	0.0037	0.25	0	0.0289	1
0.0279	0.0428	1.8979	1.0516	-0.1738	0.7812	0.6201	-0.0728	66	68	5	1	22	0.0124	0.2857	0	0.0279	1
0.0262	0.0979	1.9152	1.0917	-0.188	0.6055	0.7911	0.0865	67	69	5	1	23	0.0031	0.25	0	0.0262	1
0.0257	0.1023	1.9768	1.1601	-0.1506	0.6145	0.7662	0.1877	68	70	5	1	24	0.0141	0.1889	0	0.0257	1
0.0356	0.0731	2.0407	1.2217	-0.1747	0.7937	0.5732	-0.2038	69	0	5	1	25	0.0084	0.3704	0	0.0409	1
0.0329	0.2902	0.0017	0.1983	-0.2796	-0.2721	-0.8943	-0.3553	21	72	8	1	1	0.0072	0.5833	1	0.0329	1
0.0329	0.1581	-0.0773	-0.0613	-0.3827	-0.0614	-0.9913	-0.1163	71	73	8	1	2	0.0072	0.5833	0	0.0329	1
0.0398	0.0744	-0.1066	-0.2221	-0.4016	0.2062	-0.9627	-0.175	72	74	8	1	3	0.0052	0.5556	0	0.0399	1
0.0413	0.0892	-0.1089	-0.2909	-0.4167	-0.142	-0.9792	-0.1452	73	75	8	1	4	0.0065	0.7407	0	0.0413	1
0.0426	0.1061	-0.1236	-0.3765	-0.4375	-0.1945	-0.9683	-0.1565	74	76	8	1	5	0.0068	0.575	0	0.0434	1
0.0448	0.1225	-0.1442	-0.4802	-0.459	-0.0623	-0.981	0.1836	75	77	8	1	6	0.0074	0.525	0	0.0469	1
0.0335	0.0896	-0.1264	-0.6217	-0.4718	-0.8114	-0.5169	-0.2729	76	78	8	1	7	0.0048	0.5938	0	0.0335	1
0.0372	0.0843	-0.1737	-0.6936	-0.5074	-0.6551	-0.7326	0.1846	77	79	8	1	8	0.0071	0.5	0	0.0372	1
0.0434	0.1604	-0.2335	-0.7624	-0.4788	0.1801	-0.8881	-0.4228	78	80	8	1	9	0.0068	0.44	0	0.0468	1
0.0389	0.0805	-0.2274	-0.912	-0.5372	0.1998	-0.9527	-0.2292	79	81	8	1	10	0.0047	0.5185	0	0.0395	1
0.0342	0.0824	-0.2124	-0.9901	-0.5503	-0.4724	-0.8219	-0.3183	80	82	8	1	11	0.0037	0.625	0	0.0342	1
0.0285	0.0869	-0.2599	-1.0637	-0.5634	0.0425	-0.9218	-0.3854	81	83	8	1	12	0.0042	0.75	0	0.0285	1
0.0305	0.0723	-0.2575	-1.1471	-0.5901	0.0304	-0.8992	-0.4365	82	84	8	1	13	0.0045	0.5833	0	0.0305	1
0.0292	0.0675	-0.2504	-1.2134	-0.6208	-0.1207	-0.83	-0.5446	83	85	8	1	14	0.0041	0.5833	0	0.0292	1
0.0312	0.0978	-0.2648	-1.2769	-0.6482	0.1407	-0.8185	-0.557	84	86	8	1	15	0.0051	0.5313	0	0.0312	1
0.0336	0.1186	-0.2276	-1.3594	-0.7018	-0.0526	-0.753	-0.6559	85	87	8	1	16	0.006	0.375	0	0.0336	1
0.0347	0.0672	-0.2291	-1.457	-0.7542	0.0248	-0.9477	-0.3183	86	88	8	1	17	0.0037	0.375	0	0.0349	1
0.0253	0.1818	-0.2313	-1.5128	-0.7913	-0.1096	-0.8983	-0.4256	87	89	8	1	18	0.0031	0.375	0	0.0224	1
0.0247	0.0722	-0.245	-1.6773	-0.8703	-0.2964	-0.807	-0.5108	88	90	8	1	19	0.0028	0.4583	0	0.0234	1
0.027	0.1566	-0.2496	-1.741	-0.8914	0.01	-0.9429	-0.333	89	91	8	1	20	0.0039	0.55	0	0.027	1
0.033	0.0608	-0.2503	-1.8839	-0.9598	0.1345	-0.947	-0.2918	90	92	8	1	21	0.0035	0.4167	0	0.034	1
0.0335	0.1227	-0.2543	-1.9182	-0.9674	-0.8915	-0.3277	-0.3129	91	93	8	1	22	0.0031	0.3125	0	0.0368	1
0.0314	0.1321	-0.3455	-1.9475	-1.0632	-0.4797	-0.8218	-0.3074	92	94	8	1	23	0.0041	0.325	0	0.0331	1
0.0234	0.0954	-0.4243	-2.0396	-1.1079	-0.5471	-0.6459	-0.5324	93	95	8	1	24	0.002	0.375	0	0.0188	1
0.0234	0.127	-0.4583	-2.1289	-1.1496	-0.5725	-0.5682	-0.5911	94	96	8	1	25	0.0104	0.2212	0	0.0217	1
0.0234	0.1447	-0.5454	-2.2045	-1.2096	-0.3212	-0.8085	-0.4931	95	97	8	1	26	0.0051	0.1	0	0.01	1
0.0257	0.1332	-0.5882	-2.3249	-1.2625	-0.2855	-0.9513	-0.1166	96	98	8	1	27	0.0012	0.2	0	0.0283	1
0.0234	0.0946	-0.5632	-2.4361	-1.2804	0.2268	-0.9537	-0.1977	97	99	8	1	28	0.0046	0.12	0	0.01	1
0.0234	0.1497	-0.486	-2.493	-1.3029	0.4873	-0.8417	-0.2326	98	0	8	1	29	0.0052	0.0625	0	0.01	1
0.0398	0.2105	-0.0191	0.175	-0.2433	-0.0723	-0.984	-0.1629	21	101	16	1	1	0.0054	0.2361	1	0.0398	1
0.0398	0.2304	-0.0343	-0.0321	-0.2776	0.1104	-0.7329	0.6713	100	102	16	1	2	0.0054	0.2361	0	0.0398	1
0.0419	0.149	-0.0053	-0.2242	-0.1199	-0.9863	-0.139	0.0885	101	103	16	1	3	0.0067	0.5	0	0.0419	1
0.0463	0.0907	-0.1168	-0.2937	-0.0841	-0.8253	-0.5561	0.0984	102	104	16	1	4	0.0061	0.7333	0	0.0463	1
0.0471	0.0942	-0.2014	-0.3186	-0.0603	-0.7865	-0.5054	0.3548	103	105	16	1	5	0.006	0.6	0	0.0471	1
0.051	0.1169	-0.2667	-0.3798	-0.0508	-0.4502	-0.8369	0.3113	104	106	16	1	6	0.0078	0.5625	0	0.0531	1
0.0542	0.0798	-0.3189	-0.4733	0.0151	-0.7928	-0.6014	0.0987	105	107	16	1	7	0.0084	0.7222	0	0.0542	1
0.0439	0.0831	-0.4064	-0.5202	0.0223	-0.0514	-0.9659	0.2539	106	108	16	1	8	0.0068	0.55	0	0.0439	1
0.0453	0.1347	-0.4767	-0.5939	0.0407	-0.1056	-0.9716	0.2117	107	109	16	1	9	0.0074	0.6167	0	0.0453	1
0.0504	0.1049	-0.5074	-0.7238	0.0924	-0.0082	-0.9993	0.0373	108	110	16	1	10	0.008	0.7091	0	0.0504	1
0.0402	0.0742	-0.532	-0.8409	0.0983	0.4254	-0.7392	0.5221	109	111	16	1	11	0.0051	0.7778	0	0.0402	1
0.0386	0.0891	-0.5072	-0.8938	0.1364	-0.2836	-0.9349	0.2132	110	112	16	1	12	0.0055	0.8148	0	0.0386	1
0.0415	0.1232	-0.5289	-0.9828	0.1742	0.0547	-0.9523	-0.3002	111	113	16	1	13	0.0069	0.5556	0	0.0415	1
0.0451	0.0843	-0.5721	-1.0829	0.1784	-0.0169	-0.9299	0.3674	112	114	16	1	14	0.0073	0.625	0	0.0453	1
0.0422	0.0831	-0.5867	-1.165	0.239	0.3728	-0.9264	0.0525	113	115	16	1	15	0.0061	0.5833	0	0.0422	1
0.0455	0.0907	-0.5795	-1.2431	0.2402	-0.0409	-0.817	0.5752	114	116	16	1	16	0.0064	0.8	0	0.0455	1
0.0441	0.1916	-0.583	-1.3181	0.2905	0.0259	-0.8839	0.4669	115	117	16	1	17	0.0059	0.5143	0	0.0474	1
0.0449	0.0919	-0.5961	-1.4849	0.3828	-0.0724	-0.9182	0.3895	116	118	16	1	18	0.0042	0.8	0	0.0449	1
0.0421	0.083	-0.6036	-1.5699	0.416	-0.2719	-0.9152	0.2976	117	119	16	1	19	0.0042	0.5333	0	0.0431	1
0.0413	0.077	-0.6262	-1.6225	0.4568	-0.2103	-0.5558	0.8043	118	120	16	1	20	0.004	0.3	0	0.0457	1
0.0279	0.0831	-0.6171	-1.6987	0.4798	0.1825	-0.6856	0.7048	119	121	16	1	21	0.0079	0.28	0	0.0211	1
0.0272	0.1122	-0.6053	-1.7478	0.5601	-0.7232	-0.6781	0.1308	120	122	16	1	22	0.0031	0.3333	0	0.0242	1
0.0264	0.093	-0.6919	-1.8233	0.5815	-0.2888	-0.9449	-0.1541	121	123	16	1	23	0.0031	0.4167	0	0.0247	1
0.0257	0.0862	-0.7166	-1.9116	0.5709	0.3146	-0.9034	-0.2913	122	124	16	1	24	0.0054	0.2	0	0.0202	1
0.0301	0.0379	-0.7156	-2.0127	0.5342	0.4758	-0.7566	0.4484	123	125	16	1	25	0.0041	0.3333	0	0.0301	1
0.0245	0.0648	-0.7333	-2.0553	0.5446	-0.3528	0.5418	0.7629	124	126	16	1	26	0.0026	0.2917	0	0.0224	1
0.0238	0.0845	-0.751	-2.0099	0.6284	-0.4472	-0.8361	0.3178	125	127	16	1	27	0.0027	0.4583	0	0.0235	1
0.0244	0.1293	-0.7912	-2.079	0.6544	-0.5434	-0.5233	0.6564	126	128	16	1	28	0.003	0.2	0	0.0244	1
0.0235	0.1032	-0.8384	-2.1779	0.7239	-0.5414	-0.659	0.5221	127	129	16	1	29	0.0065	0.2	0	0.016	1
0.0235	0.1222	-0.9159	-2.2247	0.7767	-0.6336	-0.6228	0.459	128	130	16	1	30	0.0044	0.1667	0	0.0143	1
0.0235	0.1174	-0.9731	-2.3322	0.8079	-0.6742	-0.6742	0.3013	129	131	16	1	31	0.0031	0.1167	0	0.01	1
0.0235	0.1032	-1.0194	-2.4154	0.8727	-0.468	-0.7798	0.4157	130	132	16	1	32	0.0061	0.15	0	0.0125	1
0.0235	0.0745	-1.1143	-2.4605	0.9147	-0.5638	-0.7312	0.3841	131	133	16	1	33	0.0047	0.2	0	0.01	1
0.0235	0.0784	-1.0936	-2.4509	0.9924	-0.2075	-0.4591	0.8638	132	134	16	1	34	0.0042	0.15	0	0.01	1
0.0235	0.0157	-1.1047	-2.5167	0.9376	-0.6034	-0.7803	0.1643	133	0	16	1	35	0.004	0.1333	0	0.01	1
0.0473	0.5278	0.0903	0.2836	-0.6491	0.7672	0.2942	0.57	18	136	18	1	1	0.0111	0.5667	1	0.0473	1
0.0473	0.1689	0.4952	0.4389	-0.3483	0.3685	0.7484	0.5515	135	137	18	1	2	0.0111	0.5667	0	0.0473	1
0.045	0.1644	0.5672	0.5537	-0.2496	0.5044	0.6755	0.5379	136	138	18	1	3	0.0061	0.4667	0	0.0454	1
0.0363	0.0927	0.6398	0.6778	-0.1885	0.8588	0.5053	-0.0846	137	139	18	1	4	0.004	0.4583	0	0.0363	1
0.0363	0.0786	0.7154	0.7269	-0.1878	0.8918	0.3167	0.3232	138	0	18	1	5	0.0062	0.0714	0	0.01	1
0.0328	0.4212	0.1259	0.3226	-0.4373	0.4205	0.6717	0.6099	20	141	25	1	1	0.0045	0.225	1	0.036	0
0.028	0.1399	0.3051	0.6069	-0.1823	0.0573	0.7964	0.6021	140	142	25	1	2	0.0115	0.1857	0	0.036	0
0.0166	0.0852	0.3164	0.7204	-0.1012	-0.3152	0.9087	0.2736	141	143	25	1	3	0.0104	0.1	0	0.01	0
0.01	0.0985	0.297	0.7912	-0.0758	0.6811	0.7084	-0.1853	142	0	25	1	4	0.01	0.05	0	0.01	0
0.0252	0.2116	-0.0832	0.2743	0.0757	-0.256	-0.898	-0.3579	24	145	36	1	1	0.0077	0.3	1	0.0259	0
0.021	0.1413	-0.1373	0.0843	-0.0001	-0.4811	-0.7776	-0.4047	144	146	36	1	2	0.0077	0.3	0	0.0259	0
0.01	0.0577	-0.1871	-0.0316	-0.0366	-0.0829	-0.9736	-0.2127	145	0	36	1	3	0.01	0.05	0	0.01	0
0.0112	0.4878	0.037	0.2006	-0.2686	-0.4232	-0.8214	0.3824	21	148	43	1	1	0.0086	0.1524	1	0.0679	0
0.0112	0.2077	-0.1418	-0.1475	-0.1024	-0.8938	0.3722	-0.25	147	0	43	1	2	0.0158	0.1727	0	0.0679	0
0.0395	0.1475	0.0144	0.2301	-0.0293	0.65	-0.6695	0.3596	22	150	46	1	1	0.0046	0.35	1	0.0365	0
0.0394	0.1473	0.1103	0.1313	0.0237	0.6866	-0.5744	0.4457	149	151	46	1	2	0.0046	0.35	0	0.0365	0
0.0436	0.0912	0.2076	0.0267	0.0876	0.9324	-0.1446	-0.3313	150	152	46	1	3	0.0053	0.55	0	0.0436	0
0.0523	0.0698	0.2954	0.0075	0.1038	0.5562	-0.8191	-0.1401	151	153	46	1	4	0.0066	0.5758	0	0.0523	0
0.0526	0.1128	0.3452	-0.041	0.0731	0.4268	-0.892	-0.1492	152	154	46	1	5	0.008	0.6333	0	0.0537	0
0.0576	0.1049	0.3877	-0.1342	0.0709	0.5372	-0.6502	0.5373	153	155	46	1	6	0.0084	0.75	0	0.0576	0
0.0542	0.0998	0.4483	-0.2257	0.1061	0.6672	-0.4301	0.6082	154	156	46	1	7	0.0084	0.7708	0	0.0542	0
0.0587	0.1618	0.5153	-0.2703	0.1632	0.7195	-0.6009	0.3482	155	157	46	1	8	0.0107	0.7821	0	0.0587	0
0.0535	0.094	0.6386	-0.3731	0.2492	0.5418	-0.7938	-0.2761	156	158	46	1	9	0.0079	0.7083	0	0.0535	0
0.0518	0.143	0.6889	-0.4541	0.2365	0.3111	-0.8606	-0.4032	157	159	46	1	10	0.0192	0.4575	0	0.0616	0
0.0518	0.1921	0.7619	-0.5693	0.1855	0.1584	-0.9044	0.3961	158	160	46	1	11	0.0092	0.5595	0	0.0546	0
0.0474	0.0702	0.8184	-0.7319	0.256	0.3795	-0.9238	-0.0514	159	161	46	1	12	0.0066	0.7333	0	0.0474	0
0.0478	0.1073	0.8377	-0.7969	0.267	0.6065	-0.7366	0.2992	160	162	46	1	13	0.0059	0.6364	0	0.0479	0
0.0514	0.1196	0.9064	-0.8735	0.3018	0.5705	-0.8213	0.0105	161	163	46	1	14	0.0146	0.5	0	0.0607	0
0.038	0.1456	0.9695	-0.9848	0.2761	0.4652	-0.8274	0.3146	162	164	46	1	15	0.0063	0.7	0	0.038	0
0.0322	0.0779	1.0365	-1.1136	0.2992	0.5633	-0.7818	0.2674	163	165	46	1	16	0.0047	0.7083	0	0.0322	0
0.0432	0.0853	1.0656	-1.184	0.3563	0.5522	-0.8337	0.0072	164	166	46	1	17	0.0043	0.3333	0	0.0438	0
0.0362	0.1112	1.1139	-1.2613	0.3471	-0.1488	-0.8461	0.5118	165	167	46	1	18	0.0044	0.3438	0	0.0362	0
0.0429	0.1067	1.1038	-1.3538	0.4003	-0.056	-0.8862	-0.4599	166	168	46	1	19	0.0024	0.2667	0	0.0465	0
0.0322	0.0637	1.1053	-1.4395	0.38	0.6626	-0.7467	0.0577	167	169	46	1	20	0.0098	0.2273	0	0.027	0
0.0322	0.0564	1.1502	-1.485	0.3888	-0.1737	-0.8804	0.4412	168	170	46	1	21	0.0021	0.375	0	0.0278	0
0.0357	0.0814	1.1303	-1.5559	0.4142	0.5322	-0.2341	0.8136	169	171	46	1	22	0.0033	0.4167	0	0.0357	0
0.0322	0.0776	1.1587	-1.5759	0.4848	0.2283	-0.7625	0.6054	170	172	46	1	23	0.002	0.3333	0	0.0305	0
0.0322	0.0884	1.1749	-1.6382	0.5275	0.1381	-0.8251	0.5479	171	173	46	1	24	0.002	0.3333	0	0.0302	0
0.0322	0.0752	1.1537	-1.7186	0.5752	0.1708	-0.8153	0.5532	172	174	46	1	25	0.0103	0.2273	0	0.0208	0
0.0322	0.1196	1.1762	-1.8022	0.5847	-0.1286	-0.833	0.5382	173	175	46	1	26	0.0072	0.0818	0	0.0197	0
0.0322	0.0728	1.1766	-1.8817	0.673	-0.0314	-0.7551	0.6549	174	176	46	1	27	0.0084	0.2727	0	0.026	0
0.0322	0.0116	1.1626	-1.9514	0.6925	-0.3847	-0.7429	0.5479	175	177	46	1	28	0.0127	0.2917	0	0.0182	0
0.0322	0.1036	1.17	-1.956	0.7175	0.1625	-0.9811	0.105	176	178	46	1	29	0.0049	0.0568	0	0.01	0
0.0322	0.0985	1.178	-2.0575	0.7323	0.0503	-0.9853	0.1635	177	0	46	1	30	0.0057	0.1061	0	0.01	0
0.0498	0.3456	0.1339	0.3259	-0.2886	0.5405	0.4963	0.6794	21	180	55	1	1	0.0122	0.3317	1	0.0617	0
0.0496	0.4594	0.3244	0.5099	-0.0487	-0.9451	0.3151	-0.0863	179	181	55	1	2	0.0197	0.3342	0	0.0617	0
0.0489	0.6314	-0.1086	0.6438	-0.0901	0.916	0.035	0.3997	180	182	55	1	3	0.0204	0.2676	0	0.0552	0
0.045	0.111	0.4645	0.6705	0.1635	0.6085	0.5338	0.5872	181	183	55	1	4	0.0062	0.575	0	0.045	0
0.0397	0.153	0.504	0.747	0.2449	0.6332	0.4241	0.6475	182	184	55	1	5	0.0067	0.6667	0	0.0397	0
0.0383	0.0772	0.6078	0.8048	0.3419	0.6511	0.4661	0.599	183	185	55	1	6	0.0055	0.6667	0	0.0383	0
0.0442	0.0815	0.6586	0.8374	0.3926	0.7364	0.5749	0.3567	184	186	55	1	7	0.0067	0.7667	0	0.0442	0
0.0469	0.2209	0.7206	0.8778	0.4377	0.7871	0.5998	0.1442	185	187	55	1	8	0.0073	0.4886	0	0.0478	0
0.0411	0.142	0.894	0.9835	0.5311	0.6193	0.7181	0.3174	186	188	55	1	9	0.0069	0.4074	0	0.0411	0
0.0389	0.1104	0.9748	1.0923	0.5818	0.7732	0.4399	0.4568	187	189	55	1	10	0.0044	0.3889	0	0.0389	0
0.043	0.0943	1.0815	1.1137	0.6064	0.8303	0.5461	0.1112	188	190	55	1	11	0.0049	0.4333	0	0.043	0
0.0484	0.1403	1.1104	1.1707	0.669	0.6362	0.545	0.5461	189	191	55	1	12	0.0049	0.4545	0	0.0519	0
0.0371	0.0813	1.2116	1.2622	0.716	0.2222	0.8305	0.5107	190	192	55	1	13	0.0048	0.625	0	0.0371	0
0.0343	0.0805	1.2508	1.3205	0.756	0.3933	0.8384	0.3775	191	193	55	1	14	0.0051	0.625	0	0.0343	0
0.0349	0.1169	1.2814	1.3871	0.7982	0.8307	0.5452	0.1131	192	194	55	1	15	0.0047	0.375	0	0.0349	0
0.0389	0.1078	1.3889	1.4393	0.787	0.9056	0.3687	0.2097	193	195	55	1	16	0.0045	0.3056	0	0.0389	0
0.0343	0.0913	1.4492	1.514	0.845	0.5785	0.7964	-0.1765	194	196	55	1	17	0.0043	0.25	0	0.0298	0
0.0343	0.0888	1.5308	1.5524	0.8281	0.7182	0.5951	0.3607	195	197	55	1	18	0.0065	0.1818	0	0.0263	0
0.0343	0.0951	1.5596	1.6528	0.8215	0.8335	0.5463	-0.0825	196	198	55	1	19	0.0044	0.0636	0	0.0196	0
0.0343	0.0928	1.6565	1.671	0.8454	0.4835	0.7198	0.4982	197	199	55	1	20	0.0052	0.2045	0	0.0173	0
0.0343	0.1301	1.6866	1.7769	0.8468	0.6255	0.6782	0.3856	198	200	55	1	21	0.0069	0.197	0	0.0168	0
0.0343	0.0997	1.7923	1.8224	0.8964	0.8685	0.4944	0.0341	199	201	55	1	22	0.0139	0.2323	0	0.033	0
0.0343	0.0787	1.8719	1.8634	0.9265	0.9131	0.2564	0.317	200	202	55	1	23	0.0054	0.2273	0	0.029	0
0.0343	0.1807	1.942	1.9073	0.9111	0.9188	0.3571	0.168	201	203	55	1	24	0.0063	0.1477	0	0.0226	0
0.0343	0.0858	2.1068	1.9716	0.945	0.8679	0.3889	0.309	202	204	55	1	25	0.0019	0.0545	0	0.0161	0
0.0343	0.0587	2.1453	1.9742	0.9348	0.7725	-0.1729	-0.6111	203	205	55	1	26	0.0085	0.1818	0	0.01	0
0.0343	0.0784	2.153	1.9293	0.9736	0.6623	0.4938	0.5635	204	206	55	1	27	0.0021	0.0909	0	0.01	0
0.0343	0.1012	2.2059	1.9685	1.0139	0.8792	0.3991	0.2603	205	0	55	1	28	0.0011	0.0606	0	0.01	0
0.0348	0.4151	0.007	0.1871	-0.2067	0.6789	-0.6758	0.2871	21	208	59	1	1	0.0075	0.2083	1	0.037	0
0.0292	0.1781	0.2875	-0.0942	-0.0866	-0.3468	0.8803	0.3236	207	209	59	1	2	0.0139	0.2444	0	0.037	0
0.0263	0.1995	0.1331	0.321	-0.0831	0.057	0.2241	0.9729	208	210	59	1	3	0.0067	0.24	0	0.0335	0
0.01	0.0555	0.1154	0.3841	0.1164	-0.2376	-0.5986	0.765	209	0	59	1	4	0.01	0.05	0	0.01	0
0.0386	0.1715	0.0222	0.3526	0.0366	0.9988	-0.0369	0.0321	24	0	63	1	1	0.0103	0.3704	0	0.0386	0
0.01	0.2263	-0.0019	0.2947	-0.0053	0.7489	0.5644	0.3473	22	213	65	1	1	0.01	0.05	1	0.01	0
0.01	0.0701	0.1676	0.4224	0.0733	-0.9718	-0.0347	-0.233	212	214	65	1	2	0.01	0.05	0	0.01	0
0.01	0.076	0.0995	0.42	0.057	0.011	0.58	0.8146	213	215	65	1	3	0.01	0.05	0	0.01	0
0.01	0.0541	0.1003	0.464	0.1189	-0.4129	0.0502	0.9094	214	0	65	1	4	0.01	0.05	0	0.01	0
0.0321	0.4165	-0.0806	0.2921	-0.0596	-0.9493	0.31	-0.0517	22	217	66	1	1	0.0049	0.2917	1	0.0321	0
0.0321	0.1549	-0.476	0.4213	-0.0811	-0.8004	0.077	0.5945	216	218	66	1	2	0.0049	0.2917	0	0.0321	0
0.0331	0.1133	-0.6016	0.4308	0.005	-0.9705	0.1621	0.1783	217	219	66	1	3	0.0041	0.375	0	0.0331	0
0.0371	0.1687	-0.71	0.4469	0.0323	-0.9602	-0.2551	0.1139	218	220	66	1	4	0.0047	0.5	0	0.0379	0
0.0318	0.0946	-0.8758	0.4261	0.0548	-0.9709	-0.1854	0.1514	219	221	66	1	5	0.0039	0.625	0	0.0318	0
0.0318	0.0731	-0.9613	0.4342	0.0744	-0.9415	0.1698	0.2912	220	222	66	1	6	0.0035	0.375	0	0.0282	0
0.0318	0.1165	-1.0395	0.4246	0.0912	-0.9158	0.3983	-0.0518	221	223	66	1	7	0.0095	0.1833	0	0.0245	0
0.0318	0.142	-1.1223	0.4989	0.1112	-0.8451	0.4289	0.3191	222	224	66	1	8	0.0045	0.1714	0	0.0237	0
0.0351	0.1617	-1.2572	0.498	0.1487	-0.883	0.1577	0.4422	223	225	66	1	9	0.0136	0.1364	0	0.0355	0
0.0318	0.1074	-1.387	0.5228	0.2447	-0.8832	-0.0527	0.466	224	226	66	1	10	0.0052	0.05	0	0.0179	0
0.0318	0.1	-1.5018	0.542	0.2539	-0.8673	0.106	0.4864	225	227	66	1	11	0.0067	0.0385	0	0.0165	0
0.0318	0.082	-1.5666	0.5129	0.3313	-0.9118	-0.3031	0.277	226	228	66	1	12	0.0109	0.05	0	0.0232	0
0.0318	0.0215	-1.643	0.4819	0.3299	-0.8283	-0.5266	0.1913	227	229	66	1	13	0.0133	0.2917	0	0.0252	0
0.0318	0.1119	-1.6538	0.4883	0.3546	-0.8556	-0.2095	0.4733	228	230	66	1	14	0.0041	0.2813	0	0.0283	0
0.0318	0.0126	-1.7557	0.4626	0.4003	-0.7255	-0.1733	0.666	229	231	66	1	15	0.0076	0.3571	0	0.0231	0
0.0389	0.1216	-1.7428	0.451	0.4465	-0.747	-0.5997	0.2869	230	232	66	1	16	0.0053	0.1154	0	0.0516	0
0.0318	0.1142	-1.87	0.4315	0.4753	-0.7024	-0.4117	0.5806	231	233	66	1	17	0.0064	0.0889	0	0.0183	0
0.0357	0.0603	-1.9294	0.3438	0.5299	-0.7717	-0.5052	0.3863	232	234	66	1	18	0	0.0167	0	0.0444	0
0.0318	0.0972	-1.9899	0.3299	0.5372	-0.8192	-0.5558	0.1416	233	235	66	1	19	0.0091	0.0636	0	0.0215	0
0.0318	0.0539	-2.0592	0.279	0.5769	-0.7466	-0.557	0.3638	234	236	66	1	20	0.0054	0.04	0	0.0247	0
0.0318	0.1412	-2.0938	0.257	0.5305	-0.6311	-0.7618	-0.1464	235	237	66	1	21	0.009	0.0333	0	0.0246	0
0.0318	0.0038	-2.0811	0.1811	0.4962	-0.0562	-0.2362	-0.9701	236	238	66	1	22	0.0057	0.125	0	0.01	0
0.0344	0.1865	-2.1381	0.2232	0.4658	-0.6581	-0.5476	0.5167	237	239	66	1	23	0.0034	0.1875	0	0.0363	0
0.0318	0.0793	-2.2604	0.102	0.5487	-0.8822	-0.2848	0.3751	238	240	66	1	24	0.0041	0.1	0	0.01	0
0.0343	0.1441	-2.3124	0.0871	0.6114	-0.7188	-0.4802	0.5027	239	241	66	1	25	0.0091	0.0682	0	0.0393	0
0.0318	0.0074	-2.3928	0.0345	0.7213	-0.6704	-0.4299	0.6048	240	242	66	1	26	0.007	0.125	0	0.01	0
0.0318	0.1076	-2.4038	0.0003	0.7331	-0.7999	0.0147	-0.5999	241	0	66	1	27	0.0079	0.1	0	0.01	0
0.0228	0.1594	-0.1718	0.2723	0.1725	-0.9872	-0.1335	-0.0873	24	244	74	1	1	0.0207	0.16	0	0.0479	0
0.01	0.0692	-0.3516	0.232	0.1533	-0.6555	0.685	0.318	243	0	74	1	2	0.01	0.05	0	0.01	0
0.0367	0.2249	-0.009	0.3539	0.0956	-0.3481	0.8121	0.4684	24	246	80	1	1	0.006	0.4583	0	0.0367	0
0.0367	0.1158	-0.0706	0.5714	0.2057	-0.8982	0.4363	-0.0532	245	247	80	1	2	0.0041	0.2222	0	0.0406	0
0.0367	0.0556	-0.1508	0.5883	0.2214	0.0776	0.582	0.8095	246	0	80	1	3	0.0079	0.0972	0	0.01	0
0.0413	0.4157	-0.0794	0.2988	0.2806	0.1214	-0.8006	0.5868	25	249	87	1	1	0.0091	0.3556	0	0.0408	0
0.0456	0.0927	-0.0274	-0.0215	0.5325	0.2464	-0.5381	0.806	248	250	87	1	2	0.0065	0.625	0	0.0456	0
0.0413	0.1002	-0.0046	-0.0798	0.6107	0.3457	0.3615	0.8659	249	251	87	1	3	0.0057	0.6111	0	0.0413	0
0.0467	0.1255	0.0555	-0.047	0.6675	0.2488	-0.9156	0.3158	250	252	87	1	4	0.0035	0.24	0	0.0476	0
0.0473	0.0822	0.105	-0.1737	0.7397	0.3281	-0.814	-0.4794	251	253	87	1	5	0.0123	0.2167	0	0.0736	0
0.0454	0.0925	0.119	-0.2444	0.7052	0.43	-0.6212	0.6552	252	254	87	1	6	0.0029	0.225	0	0.0454	0
0.0413	0.1447	0.156	-0.3089	0.755	0.3821	-0.8165	0.4329	253	255	87	1	7	0.0043	0.0385	0	0.0194	0
0.0413	0.071	0.1318	-0.4313	0.8565	0.3071	-0.7828	0.5412	254	256	87	1	8	0.004	0.1154	0	0.01	0
0.0413	0.1151	0.1535	-0.4299	0.8389	0.4432	-0.6285	-0.6392	255	257	87	1	9	0.0119	0.1209	0	0.036	0
0.0457	0.1358	0.2077	-0.5026	0.7689	0.1213	-0.9735	-0.1936	256	258	87	1	10	0.0066	0.0952	0	0.1086	0
0.0413	0.1015	0.1559	-0.6425	0.7777	0.2098	-0.9569	0.201	257	259	87	1	11	0.0041	0.1282	0	0.029	0
0.0413	0.1529	0.1841	-0.7451	0.7735	-0.0057	-0.9763	0.2164	258	260	87	1	12	0.0055	0.0962	0	0.0207	0
0.0413	0.0895	0.2553	-0.8897	0.8147	0.0672	-0.9977	-0.0128	259	261	87	1	13	0.005	0.0923	0	0.01	0
0.0413	0.1036	0.197	-0.9823	0.826	0.0875	-0.9785	0.1869	260	262	87	1	14	0.0026	0.25	0	0.0381	0
0.0413	0.0007	0.2366	-1.0546	0.8851	-0.1138	-0.7582	0.642	261	263	87	1	15	0.0062	0.1282	0	0.0303	0
0.0447	0.1122	0.169	-1.0355	0.9015	-0.1296	-0.8558	0.5009	262	264	87	1	16	0.007	0.1524	0	0.1048	0
0.0413	0.0634	0.1791	-1.1253	0.9737	-0.2354	-0.724	0.6483	263	265	87	1	17	0.0095	0.2375	0	0.0243	0
0.0413	0.0738	0.1661	-1.1699	1.007	-0.0803	-0.9816	-0.173	264	266	87	1	18	0.01	0.05	0	0.01	0
0.0413	0.1327	0.1877	-1.2147	1.0352	-0.2683	-0.7042	0.6574	265	0	87	1	19	0.0077	0.0769	0	0.01	0
0.0298	0.1646	-0.0939	0.3637	0.6	-0.3246	-0.8708	-0.3692	28	268	92	1	1	0.0079	0.1333	0	0.0167	0
0.0298	0.07	-0.1039	0.1918	0.5499	-0.1443	0.1453	0.9788	267	269	92	1	2	0.0025	0.375	0	0.027	0
0.0298	0.0921	-0.1113	0.2021	0.6261	-0.9433	0.0685	0.3247	268	270	92	1	3	0.0029	0.4167	0	0.0298	0
0.0311	0.0743	-0.1859	0.2133	0.6981	-0.745	-0.6015	0.2884	269	271	92	1	4	0.0033	0.2917	0	0.0313	0
0.0298	0.0468	-0.2308	0.1726	0.7107	0.6174	0.1065	0.7794	270	0	92	1	5	0.0077	0.18	0	0.01	0
0.0243	0.2139	-0.0294	0.4394	0.5494	0.4242	0.0121	0.9055	28	273	101	1	1	0.01	0.05	0	0.01	0
0.0185	0.0557	0.0674	0.4325	0.7427	0.7707	0.4819	0.417	272	0	101	1	2	0.005	0.3333	0	0.0277	0
0.0299	0.0568	-0.0415	0.2949	0.699	0.685	-0.6946	-0.2198	29	275	105	1	1	0.0082	0.375	1	0.0294	0
0.0267	0.0928	-0.0026	0.2554	0.6865	0.619	0.7684	0.1628	274	276	105	1	2	0.0082	0.375	0	0.0294	0
0.0248	0.1098	0.0553	0.342	0.6902	0.7549	0.3759	0.5374	275	277	105	1	3	0.0102	0.22	0	0.0366	0
0.01	0.0205	0.1414	0.3787	0.7122	0.8688	-0.4766	0.134	276	0	105	1	4	0.01	0.05	0	0.01	0
0.0358	0.075	-0.0904	0.4227	0.7127	-0.1141	0.9215	0.3712	28	279	108	1	1	0.0044	0.4375	1	0.0358	0
0.0358	0.0949	-0.099	0.4918	0.7405	0.765	0.5488	0.337	278	280	108	1	2	0.0044	0.4375	0	0.0358	0
0.0341	0.0698	-0.0124	0.5621	0.831	-0.9511	-0.1463	0.2719	279	281	108	1	3	0.0044	0.375	0	0.0341	0
0.028	0.0836	-0.0867	0.5318	0.8488	0.2931	-0.1726	0.9404	280	282	108	1	4	0.0023	0.4167	0	0.0246	0
0.0372	0.1151	-0.1036	0.5259	0.9427	0.1382	-0.6597	0.7387	281	283	108	1	5	0.0049	0.5313	0	0.0372	0
0.033	0.0827	-0.0835	0.4588	1.0256	-0.0861	0.276	0.9573	282	284	108	1	6	0.0038	0.6667	0	0.033	0
0.0325	0.072	-0.0835	0.4774	1.1093	-0.0271	0.7137	0.6999	283	285	108	1	7	0.0038	0.625	0	0.0325	0
0.0408	0.0915	-0.0799	0.5249	1.1724	-0.1602	0.9207	0.3559	284	286	108	1	8	0.0056	0.75	0	0.0408	0
0.043	0.0681	-0.0782	0.6157	1.2054	-0.3016	0.7151	0.6306	285	287	108	1	9	0.0061	0.6	0	0.0441	0
0.0353	0.1021	-0.0954	0.6651	1.2481	-0.0824	0.7117	0.6976	286	288	108	1	10	0.0063	0.625	0	0.0353	0
0.0316	0.079	-0.1176	0.7324	1.3311	0.0418	0.8927	0.4487	287	289	108	1	11	0.0043	0.6667	0	0.0316	0
0.0277	0.0789	-0.1063	0.8025	1.3716	-0.1132	0.9606	0.2538	288	290	108	1	12	0.0036	0.5833	0	0.0277	0
0.0402	0.0608	-0.098	0.8853	1.4468	-0.0818	0.9917	-0.0993	289	291	108	1	13	0.0062	0.2154	0	0.0518	0
0.0364	0.0712	-0.069	0.9544	1.4458	-0.2846	0.8864	0.365	290	292	108	1	14	0.0077	0.0648	0	0.0622	0
0.0258	0.0633	-0.0752	1.0244	1.4875	-0.2356	0.95	-0.2049	291	293	108	1	15	0.0136	0.2	0	0.0232	0
0.0253	0.0929	-0.0751	1.0758	1.4702	0.5164	0.5789	0.6311	292	294	108	1	16	0.0026	0.2917	0	0.0211	0
0.0349	0.0686	-0.0424	1.145	1.4848	0.6913	0.7224	0.0135	293	295	108	1	17	0.0086	0.0303	0	0.0423	0
0.0246	0.052	-0.0148	1.1352	1.4788	-0.1451	0.1627	-0.976	294	296	108	1	18	0.0086	0.2	0	0.01	0
0.0368	0.1061	0.0192	1.1589	1.4663	-0.4715	0.8658	0.1677	295	297	108	1	19	0.0083	0.1833	0	0.0475	0
0.0246	0.1003	-0.0003	1.2427	1.4802	0.2795	0.8207	0.4983	296	298	108	1	20	0.0029	0.25	0	0.0232	0
0.0246	0.1169	0.0629	1.3158	1.536	0.268	0.9578	-0.1041	297	299	108	1	21	0.0062	0.22	0	0.0168	0
0.0286	0.0761	0.0759	1.4267	1.561	0.3051	0.9355	0.1782	298	300	108	1	22	0.0117	0.2111	0	0.0286	0
0.0246	0.1018	0.1043	1.4999	1.5691	0.3582	0.7193	0.5952	299	301	108	1	23	0.0074	0.2875	0	0.0198	0
0.026	0.1275	0.1301	1.5878	1.6096	0.3464	0.8344	0.4287	300	302	108	1	24	0.0117	0.1795	0	0.026	0
0.0246	0.108	0.1639	1.6915	1.6156	0.2603	0.9595	-0.1079	301	303	108	1	25	0.0124	0.1167	0	0.01	0
0.0246	0.0761	0.1642	1.6756	1.6833	0.0239	0.549	0.8355	302	0	108	1	26	0.0044	0.15	0	0.01	0
0.0137	0.0661	-0.1062	0.2581	1.3272	0.756	0.5382	0.3725	38	305	668	1	1	0.0097	0.3438	1	0.0348	0
0.0137	0.1055	-0.0735	0.2896	1.3558	0.3132	-0.5758	0.7552	304	306	668	1	2	0.0149	0.2333	0	0.0348	0
0.01	0.1529	-0.0284	0.2156	1.3975	0.3701	0.9073	-0.1998	305	0	668	1	3	0.01	0.05	0	0.01	0
0.0201	0.0715	-0.1639	0.2401	1.4728	0.0506	0.6628	0.7471	42	308	771	1	1	0.0033	0.2813	0	0.0157	0
0.0219	0.1503	-0.1633	0.2656	1.537	-0.8986	0.2872	0.3319	307	309	771	1	2	0.0027	0.2	0	0.0219	0
0.0199	0.1329	-0.2981	0.3033	1.589	-0.7569	0.2079	0.6195	308	310	771	1	3	0.002	0.175	0	0.0157	0
0.0198	0.0222	-0.3986	0.3175	1.6757	-0.644	0.2312	0.7293	309	311	771	1	4	0.0057	0.1143	0	0.01	0
0.0261	0.2004	-0.4135	0.3542	1.6805	-0.779	0.2016	0.5937	310	312	771	1	5	0.0016	0.1429	0	0.0273	0
0.0258	0.2009	-0.5721	0.3864	1.807	-0.8775	0.4447	0.1797	311	313	771	1	6	0.013	0.1444	0	0.0401	0
0.0257	0.0603	-0.7441	0.4802	1.8364	-0.8155	0.5598	-0.1468	312	314	771	1	7	0.0102	0.25	0	0.0352	0
0.0257	0.0829	-0.7903	0.5199	1.8242	-0.879	0.4727	0.0625	313	315	771	1	8	0.019	0.26	0	0.0465	0
0.0246	0.149	-0.8521	0.5702	1.825	-0.7338	0.6371	-0.236	314	316	771	1	9	0.0084	0.1429	0	0.0327	0
0.0174	0.1302	-0.9702	0.6511	1.824	-0.9213	0.3805	-0.0801	315	317	771	1	10	0.0095	0.1	0	0.01	0
0.0234	0.1071	-1.0685	0.6855	1.7437	-0.8912	0.298	-0.342	316	318	771	1	11	0.0025	0.2188	0	0.0257	0
0.0235	0.0044	-1.1506	0.744	1.7389	-0.8089	0.571	-0.1403	317	319	771	1	12	0.0036	0.2917	0	0.0262	0
0.0231	0.0645	-1.1515	0.7564	1.7407	-0.7491	0.3483	-0.5635	318	320	771	1	13	0.0024	0.3333	0	0.0252	0
0.0156	0.1202	-1.2096	0.7763	1.735	-0.8478	0.4774	-0.2307	319	321	771	1	14	0.002	0.2188	0	0.0156	0
0.0218	0.1136	-1.3089	0.8374	1.6972	-0.5432	0.8228	0.1673	320	322	771	1	15	0.005	0.15	0	0.0397	0
0.021	0.1505	-1.373	0.9296	1.719	-0.468	0.8837	0.003	321	323	771	1	16	0.0051	0.1429	0	0.0292	0
0.0178	0.2092	-1.4479	1.0605	1.7297	-0.3772	0.9259	0.019	322	324	771	1	17	0.0072	0.06	0	0.0262	0
0.0148	0.1531	-1.5123	1.2579	1.7509	-0.2757	0.9608	0.0311	323	325	771	1	18	0.0095	0.0375	0	0.0222	0
0.0099	0.0876	-1.5384	1.4073	1.7555	-0.1441	0.9894	-0.0191	324	326	771	1	19	0.01	0.05	0	0.01	0
0.0086	0.1127	-1.5665	1.4865	1.7859	-0.2498	0.9628	0.1033	325	327	771	1	20	0.01	0.05	0	0.01	0
0.0073	0.1945	-1.6154	1.4782	1.6747	0.4408	-0.6866	0.5782	326	0	771	1	21	0.01	0.05	0	0.01	0
0.0342	0.2032	0.7346	0.5538	-0.3721	0.0951	0.968	0.2322	52	329	117	2	1	0.0125	0.0579	0	0.0452	1
0.0336	0.1811	0.7573	0.7486	-0.3298	0.7791	0.5288	0.3366	328	330	117	2	2	0.0093	0.1818	0	0.04	1
0.0225	0.0522	0.8738	0.8762	-0.2798	0.7958	0.6049	-0.0296	329	331	117	2	3	0.0143	0.2656	0	0.0225	1
0.0219	0.125	0.9187	0.9075	-0.2851	-0.1122	0.9786	-0.1727	330	332	117	2	4	0.0018	0.2813	0	0.02	1
0.0208	0.1985	0.9023	1.0287	-0.2953	0.0738	0.9901	0.1194	331	333	117	2	5	0.0078	0.1607	0	0.0174	1
0.0194	0.1139	0.8828	1.2245	-0.2879	-0.0671	0.9928	0.0989	332	334	117	2	6	0.0051	0.1	0	0.01	1
0.0191	0.1615	0.9338	1.3153	-0.2773	0.3559	0.9343	0.0221	333	335	117	2	7	0.0016	0.1667	0	0.0191	1
0.0195	0.1123	0.9924	1.4398	-0.2087	0.3474	0.8712	0.347	334	336	117	2	8	0.0035	0.1563	0	0.0195	1
0.0159	0.0157	1.0602	1.5306	-0.2116	0.4876	0.8515	0.1928	335	337	117	2	9	0.0079	0.2083	0	0.0159	1
0.016	0.1329	1.0788	1.5369	-0.2214	0.6127	0.7853	0.0888	336	338	117	2	10	0.0106	0.2308	0	0.017	1
0.0174	0.0088	1.0637	1.6528	-0.1778	0.2015	0.9411	0.2716	337	339	117	2	11	0.0343	0.1667	0	0.0364	1
0.0087	0.1046	1.0714	1.6703	-0.1773	-0.7397	0.5579	0.3761	338	340	117	2	12	0.01	0.05	0	0.01	1
0.0067	0.0801	0.9872	1.7047	-0.1302	-0.8118	0.3759	0.4468	339	0	117	2	13	0.01	0.05	0	0.01	1
0.0192	0.0697	0.8311	0.5228	-0.3201	0.7276	0.4829	-0.4873	54	342	120	2	1	0.0151	0.325	0	0.0449	1
0.0133	0.0613	0.8778	0.5464	-0.3542	-0.4329	0.1779	-0.8837	341	343	120	2	2	0.01	0.05	0	0.01	1
0.01	0.0469	0.8513	0.5573	-0.4084	-0.5919	-0.806	-0.0084	342	0	120	2	3	0.01	0.05	0	0.01	1
0.0341	0.0658	0.7012	0.4797	-0.336	-0.4381	-0.815	0.3794	53	345	122	2	1	0.0124	0.5313	1	0.0341	1
0.0341	0.12	0.6723	0.4261	-0.311	0.3418	-0.4972	-0.7975	344	346	122	2	2	0.0124	0.5313	0	0.0341	1
0.0341	0.1032	0.6807	0.3189	-0.3713	0.7257	-0.6548	-0.2113	345	347	122	2	3	0.0093	0.1818	0	0.022	1
0.0359	0.2869	0.7854	0.2839	-0.4325	0.5523	-0.7982	-0.2404	346	348	122	2	4	0.0095	0.0611	0	0.0838	1
0.0341	0.0155	0.9507	0.087	-0.53	0.6523	-0.5757	-0.493	347	349	122	2	5	0.0049	0.0505	0	0.01	1
0.0341	0.222	0.9327	0.0417	-0.5415	0.7803	-0.5776	-0.2398	348	350	122	2	6	0.0046	0.0379	0	0.01	1
0.0341	0.1204	1.1208	-0.0426	-0.5909	0.9421	-0.3244	0.0854	349	0	122	2	7	0.0041	0.0413	0	0.01	1
0.0141	0.0897	0.9565	0.5342	-0.3176	0.4745	0.131	-0.8704	55	352	130	2	1	0.0092	0.18	0	0.0297	1
0.0159	0.0841	1.0099	0.5352	-0.3993	0.6953	0.5457	0.4677	351	353	130	2	2	0.0138	0.3	0	0.0334	1
0.0177	0.1136	1.0735	0.5713	-0.3736	0.8034	0.5831	-0.1203	352	0	130	2	3	0.0072	0.1333	0	0.024	1
0.0266	0.1224	1.0303	0.5026	-0.2501	0.3352	0.6146	0.7141	56	355	134	2	1	0.0088	0.375	0	0.0275	1
0.01	0.0208	1.036	0.5931	-0.1571	0.3542	0.9059	-0.232	354	0	134	2	2	0.01	0.05	0	0.01	1
0.0242	0.058	1.0819	0.5489	-0.2845	0.3265	0.9448	-0.0265	56	357	135	2	1	0.0055	0.4375	1	0.0242	1
0.0242	0.1117	1.1008	0.6037	-0.286	0.3083	0.8486	0.4299	356	358	135	2	2	0.0055	0.4375	0	0.0242	1
0.0329	0.1062	1.1512	0.7084	-0.2225	0.4431	0.4783	-0.7582	357	359	135	2	3	0.0109	0.2545	0	0.0381	1
0.0298	0.1683	1.1997	0.7655	-0.309	0.4232	0.5666	0.7071	358	360	135	2	4	0.0042	0.25	0	0.0316	1
0.0242	0.0819	1.2618	0.8845	-0.2169	0.5311	0.717	0.4515	359	361	135	2	5	0.0043	0.14	0	0.01	1
0.0242	0.0814	1.2496	0.8558	-0.203	-0.2637	-0.0857	0.9608	360	362	135	2	6	0.0044	0.1	0	0.01	1
0.0242	0.1302	1.2303	0.8468	-0.1246	0.3403	0.4188	0.8419	361	363	135	2	7	0.0035	0.0714	0	0.01	1
0.0242	0.0665	1.2761	0.9176	-0.0243	0.4591	0.4092	0.7885	362	0	135	2	8	0.0113	0.1	0	0.01	1
0.0347	0.1905	1.5465	0.7807	-0.1836	0.1286	0.0796	0.9885	63	365	138	2	1	0.0093	0.2813	0	0.0357	1
0.034	0.1171	1.6075	0.8347	0.0147	-0.2722	0.0099	0.9622	364	366	138	2	2	0.0132	0.3636	0	0.0485	1
0.0321	0.1322	1.5798	0.8432	0.1239	-0.2705	0.5308	0.8032	365	367	138	2	3	0.0149	0.2381	0	0.0428	1
0.0301	0.0499	1.601	0.8951	0.1295	0.1693	0.9821	-0.0826	366	368	138	2	4	0.0184	0.2	0	0.055	1
0.0278	0.1419	1.608	0.9464	0.1402	0.9885	-0.0993	0.1145	367	369	138	2	5	0.0027	0.375	0	0.0304	1
0.0283	0.0243	1.7499	0.8928	0.1557	0.7842	0.0201	0.6201	368	370	138	2	6	0.0154	0.3654	0	0.0394	1
0.0212	0.1182	1.7848	0.9072	0.1528	0.4781	0.4342	0.7635	369	371	138	2	7	0.0097	0.1667	0	0.0294	1
0.01	0.091	1.8364	0.9688	0.2289	0.3225	0.8168	0.4784	370	372	138	2	8	0.01	0.05	0	0.01	1
0.0074	0.0225	1.8852	0.9869	0.2482	0.9517	0.2565	0.1687	371	0	138	2	9	0.01	0.05	0	0.01	1
0.0358	0.1271	1.1807	0.5617	-0.2536	0.1805	0.6813	0.7094	58	374	1025	2	1	0.0069	0.5	0	0.0358	1
0.0358	0.0792	1.2085	0.6317	-0.1709	0.8748	0.3869	-0.2918	373	375	1025	2	2	0.0099	0.1667	0	0.0439	1
0.0358	0.0814	1.2698	0.6292	-0.1919	0.6194	-0.1004	0.7786	374	0	1025	2	3	0.0083	0.1875	0	0.01	1
0.0347	0.1143	1.5461	0.7919	-0.2426	-0.3974	0.5623	-0.7252	63	377	459	2	1	0.0045	0.125	1	0.0394	1
0.0347	0.2352	1.5006	0.8561	-0.3255	-0.1161	0.2859	0.9512	376	378	459	2	2	0.0045	0.125	0	0.0394	1
0.0155	0.0616	1.459	0.9263	-0.1047	-0.1352	0.2632	0.9552	377	379	459	2	3	0.0174	0.1143	0	0.01	1
0.01	0.0676	1.4548	0.9629	-0.0539	-0.909	0.2994	0.29	378	0	459	2	4	0.01	0.05	0	0.01	1
0.0208	0.123	1.7395	0.9551	-0.1961	0.2805	0.5358	0.7964	64	381	858	2	1	0.0053	0.4167	0	0.0208	1
0.0208	0.0672	1.7473	1.0216	-0.0901	0.1836	0.8265	0.5322	380	382	858	2	2	0.0072	0.16	0	0.01	1
0.0208	0.0195	1.7668	1.0812	-0.0497	-0.5639	0.8091	0.1655	381	0	858	2	3	0.0207	0.2	0	0.01	1
0.0249	0.1028	1.9603	1.1684	-0.1563	-0.5292	0.2095	0.8222	68	384	906	2	1	0.0048	0.3125	0	0.0291	1
0.0248	0.075	1.9111	1.1716	-0.0559	-0.9336	-0.3444	-0.0992	383	385	906	2	2	0.0152	0.275	0	0.04	1
0.0245	0.1208	1.8411	1.1409	-0.064	-0.9798	0.0078	-0.1997	384	386	906	2	3	0.0091	0.0875	0	0.0342	1
0.0232	0.109	1.7424	1.1252	-0.0655	-0.7828	-0.0893	0.6158	385	387	906	2	4	0.007	0.0364	0	0.0367	1
0.0203	0.1675	1.6669	1.1588	0.0362	-0.8349	-0.2176	0.5056	386	388	906	2	5	0	0.0125	0	0.0345	1
0.0147	0.1529	1.5372	1.0911	0.1179	-0.8293	-0.3125	0.4632	387	389	906	2	6	0.0262	0.0412	0	0.0589	1
0.0081	0.1301	1.438	1.0282	0.2077	-0.6604	-0.4717	0.5843	388	390	906	2	7	0.01	0.05	0	0.01	1
0.005	0.1039	1.3813	1.007	0.1402	-0.7848	-0.5366	-0.3103	389	0	906	2	8	0.0345	0.1333	0	0.01	1
0.0244	0.1862	1.994	1.1772	-0.1611	-0.0965	0.5276	0.844	69	392	935	2	1	0.0203	0.17	0	0.0458	1
0.0224	0.1143	1.9802	1.2592	-0.0059	0.9437	0.2071	0.2579	391	393	935	2	2	0.0028	0.2917	0	0.0224	1
0.0215	0.1183	2.0891	1.2799	0.0211	0.9581	0.1483	0.245	392	394	935	2	3	0.0028	0.25	0	0.022	1
0.0192	0.1303	2.1564	1.2828	0.047	-0.052	-0.0487	0.9975	393	395	935	2	4	0.008	0.0857	0	0.0323	1
0.0106	0.0666	2.204	1.2886	0.1813	-0.0802	0	0.9968	394	396	935	2	5	0.01	0.05	0	0.01	1
0.01	0.0465	2.1693	1.2809	0.1369	-0.9465	-0.1859	0.2637	395	397	935	2	6	0.01	0.05	0	0.01	1
0.0059	0.0917	2.1253	1.2723	0.1491	-0.2013	0.1141	0.9729	396	0	935	2	7	0.01	0.05	0	0.01	1
0.02	0.0967	-0.2606	-0.9392	-0.55	-0.7408	-0.6084	-0.2849	80	399	156	2	1	0.0039	0.2813	1	0.02	1
0.02	0.1117	-0.3322	-0.9981	-0.5775	-0.2433	-0.9619	-0.1245	398	400	156	2	2	0.0039	0.2813	0	0.02	1
0.0231	0.095	-0.3731	-1.1107	-0.5805	0.0479	-0.9251	-0.3766	399	401	156	2	3	0.0029	0.375	0	0.0257	1
0.0125	0.0101	-0.3544	-1.1946	-0.6302	-0.6895	-0.0667	-0.7212	400	402	156	2	4	0.01	0.05	0	0.01	1
0.015	0.0574	-0.3644	-1.1973	-0.6233	-0.7677	0.6366	-0.074	401	0	156	2	5	0.0092	0.1167	0	0.0242	1
0.0273	0.0884	-0.2747	-1.6631	-0.8691	-0.8268	-0.2642	-0.4966	88	404	161	2	1	0.0068	0.4583	0	0.0273	1
0.0273	0.0565	-0.3502	-1.6956	-0.8993	-0.1189	-0.8193	-0.5609	403	405	161	2	2	0.0026	0.3333	0	0.0241	1
0.0273	0.0251	-0.3553	-1.7262	-0.9241	-0.9238	-0.0651	0.3773	404	0	161	2	3	0.0083	0.225	0	0.01	1
0.0341	0.0742	-0.2615	-1.793	-0.9352	-0.4513	0.5136	-0.7297	90	407	1026	2	1	0.0099	0.4444	1	0.0427	1
0.0341	0.1776	-0.2922	-1.7556	-0.9844	-0.497	-0.8534	0.1575	406	408	1026	2	2	0.0164	0.3737	0	0.0427	1
0.0341	0.0747	-0.3506	-1.9046	-0.9561	0.0844	-0.995	0.0526	407	409	1026	2	3	0.0047	0.5833	0	0.0349	1
0.0341	0.1636	-0.343	-1.9797	-0.9374	0.7174	-0.6895	-0.0994	408	410	1026	2	4	0.0066	0.4375	0	0.0375	1
0.0341	0.0565	-0.2233	-2.0957	-0.9172	0.1316	-0.9867	-0.095	409	411	1026	2	5	0.0035	0.5417	0	0.0363	1
0.0341	0.0881	-0.2177	-2.1517	-0.9201	0.1092	-0.9937	-0.027	410	412	1026	2	6	0.0031	0.4167	0	0.0341	1
0.0341	0.1076	-0.2247	-2.2284	-0.8869	0.0149	-0.9538	0.3001	411	413	1026	2	7	0.0026	0.3438	0	0.0321	1
0.0341	0.1696	-0.2253	-2.3367	-0.8664	-0.2027	-0.8635	0.4618	412	414	1026	2	8	0.0037	0.1364	0	0.0205	1
0.0341	0.0109	-0.2406	-2.5185	-0.8341	-0.1513	-0.8139	0.5609	413	415	1026	2	9	0.0047	0.1136	0	0.01	1
0.0341	0.1218	-0.2355	-2.4869	-0.7938	-0.4336	-0.5376	0.7232	414	416	1026	2	10	0.0083	0.0649	0	0.01	1
0.0341	0.0624	-0.3085	-2.5504	-0.713	-0.2959	-0.7114	0.6374	415	0	1026	2	11	0.0089	0.1091	0	0.01	1
0.0317	0.0817	-0.4626	-0.7433	0.1159	0.8922	-0.0033	0.4516	109	418	193	2	1	0.0051	0.5	1	0.0329	1
0.0317	0.0819	-0.3896	-0.7435	0.1528	0.2674	0.0147	0.9635	417	419	193	2	2	0.0051	0.5	0	0.0329	1
0.0262	0.0902	-0.3948	-0.7376	0.2478	0.4051	-0.4295	0.8071	418	420	193	2	3	0.0042	0.5	0	0.0262	1
0.0247	0.1249	-0.3589	-0.7801	0.3182	0.4336	-0.5347	0.7253	419	421	193	2	4	0.0044	0.4688	0	0.0247	1
0.0216	0.083	-0.3002	-0.8648	0.388	0.4647	-0.6185	0.6337	420	422	193	2	5	0.0024	0.4167	0	0.0214	1
0.027	0.1015	-0.2627	-0.9196	0.4453	0.1355	-0.8096	-0.5711	421	423	193	2	6	0.0023	0.25	0	0.027	1
0.0242	0.0713	-0.2307	-0.9908	0.4073	0.3904	-0.9092	0.145	422	424	193	2	7	0.0026	0.2917	0	0.0242	1
0.0218	0.0887	-0.1986	-1.0631	0.3916	0.494	-0.8104	0.315	423	425	193	2	8	0.0132	0.2222	0	0.0218	1
0.0214	0.0536	-0.1534	-1.1189	0.4483	0.4899	-0.7698	0.4091	424	426	193	2	9	0.0081	0.2	0	0.01	1
0.0214	0.0616	-0.139	-1.159	0.4785	0.3578	-0.7056	0.6116	425	427	193	2	10	0.0126	0.2	0	0.01	1
0.03	0.0544	-0.1181	-1.145	0.5338	0.0047	-0.2923	0.9563	426	428	193	2	11	0.0074	0.225	0	0.3666	1
0.0214	0.0869	-0.1597	-1.0839	0.5102	-0.0351	0.6903	0.7227	427	429	193	2	12	0.0039	0.12	0	0.01	1
0.0346	0.1037	-0.107	-1.1211	0.5012	-0.1705	-0.6471	0.7431	428	430	193	2	13	0.0071	0.197	0	0.0517	1
0.0269	0.1255	-0.1128	-1.1894	0.5437	-0.0714	-0.9974	0.0095	429	431	193	2	14	0.003	0.2188	0	0.0269	1
0.0214	0.0004	-0.1127	-1.2996	0.5212	-0.0521	-0.8356	-0.5469	430	432	193	2	15	0.0044	0.12	0	0.01	1
0.0214	0.1395	-0.1147	-1.3011	0.5201	0.324	-0.8193	0.4731	431	433	193	2	16	0.0036	0.3125	0	0.0212	1
0.0214	0.0528	-0.0689	-1.4142	0.5873	0.3981	-0.7199	0.5686	432	434	193	2	17	0.007	0.15	0	0.01	1
0.0214	0.036	-0.0803	-1.4497	0.5765	-0.0871	-0.9961	0.0105	433	435	193	2	18	0.0027	0.25	0	0.0176	1
0.0214	0.0795	-0.0792	-1.476	0.5859	0.2221	-0.7146	0.6633	434	436	193	2	19	0.0024	0.3333	0	0.0195	1
0.0214	0.0064	-0.0683	-1.536	0.6375	0.0528	-0.4136	0.9089	435	437	193	2	20	0.0073	0.2	0	0.01	1
0.0214	0.141	-0.0987	-1.5508	0.6371	0.405	-0.8408	-0.3591	436	438	193	2	21	0.0103	0.2361	0	0.0195	1
0.0218	0.0712	-0.0377	-1.6797	0.6343	0.1395	-0.9655	-0.2199	437	439	193	2	22	0.0096	0.225	0	0.0218	1
0.0214	0.0522	-0.0137	-1.7457	0.6203	0.1606	-0.9602	0.2284	438	440	193	2	23	0.0075	0.2361	0	0.0198	1
0.0308	0.0934	-0.0129	-1.7741	0.6527	0.6374	-0.3964	0.6607	439	441	193	2	24	0.0071	0.0875	0	0.0479	1
0.0259	0.0877	0.068	-1.7798	0.6689	0.8026	0.2429	0.5449	440	442	193	2	25	0.0149	0.202	0	0.0265	1
0.0214	0.0884	0.1287	-1.7389	0.7237	0.9071	0.4	0.1311	441	443	193	2	26	0.0038	0.1	0	0.01	1
0.0291	0.0662	0.1189	-1.7377	0.7017	0.4129	-0.8874	-0.2052	442	444	193	2	27	0.003	0.3333	0	0.0335	1
0.0214	0.0507	0.1338	-1.784	0.6861	-0.6791	-0.7089	-0.1906	443	445	193	2	28	0.0018	0.1	0	0.01	1
0.0214	0.1722	0.1095	-1.831	0.6958	0.5523	-0.5648	-0.6131	444	446	193	2	29	0.0022	0.15	0	0.0172	1
0.0214	0.0921	0.2083	-1.9281	0.5935	0.5798	-0.5366	-0.6131	445	0	193	2	30	0.0046	0.05	0	0.01	1
0.0123	0.1326	-0.4462	-0.6713	0.0809	0.6968	-0.4625	0.5482	108	448	194	2	1	0.0119	0.2	1	0.0535	1
0.0123	0.1431	-0.3561	-0.7331	0.1275	0.6858	-0.7263	-0.0458	447	449	194	2	2	0.031	0.2125	0	0.0535	1
0.01	0.0676	-0.2417	-0.8189	0.1182	-0.632	0.6346	0.4448	448	0	194	2	3	0.01	0.05	0	0.01	1
0.0173	0.0761	-0.4687	-0.7231	0.1247	0.712	0.3976	0.5788	109	451	195	2	1	0.0047	0.25	1	0.0182	1
0.0158	0.1468	-0.4145	-0.6928	0.1688	-0.0948	0.6368	0.7651	450	452	195	2	2	0.0047	0.25	0	0.0182	1
0.0121	0.0442	-0.4415	-0.6028	0.2779	-0.0311	0.7342	-0.6782	451	453	195	2	3	0.01	0.05	0	0.01	1
0.01	0.0457	-0.4429	-0.5704	0.248	-0.5382	0.6774	-0.5014	452	0	195	2	4	0.01	0.05	0	0.01	1
0.0273	0.2573	-0.5573	-0.6709	0.0907	-0.8945	0.1016	-0.4354	109	455	197	2	1	0.0032	0.4688	0	0.0267	1
0.0305	0.1138	-0.7868	-0.658	-0.013	-0.9683	-0.1644	-0.1882	454	456	197	2	2	0.0052	0.4063	0	0.0324	1
0.0267	0.0801	-0.8895	-0.6661	-0.0208	-0.6603	-0.3692	0.654	455	457	197	2	3	0.003	0.2917	0	0.0226	1
0.0267	0.038	-0.9436	-0.7129	0.0354	-0.9732	0.1155	0.1987	456	0	197	2	4	0.01	0.05	0	0.01	1
0.0302	0.0728	-0.4909	-0.7875	0.0473	0.3365	-0.071	-0.939	109	459	201	2	1	0.003	0.2857	1	0.0186	1
0.0301	0.2047	-0.4563	-0.8048	-0.027	-0.8001	-0.5084	-0.3185	458	460	201	2	2	0.0087	0.1909	0	0.0186	1
0.0405	0.1161	-0.6159	-0.9222	-0.0881	-0.655	-0.3991	-0.6417	459	461	201	2	3	0.0057	0.5	0	0.0407	1
0.0368	0.0865	-0.7033	-0.9721	-0.1525	-0.4284	-0.5903	-0.6841	460	462	201	2	4	0.005	0.7083	0	0.0368	1
0.0388	0.1756	-0.7028	-1.044	-0.1706	-0.1017	-0.9209	-0.3764	461	463	201	2	5	0.017	0.4017	0	0.0487	1
0.0407	0.0888	-0.7219	-1.2049	-0.2463	0.3361	-0.9345	-0.1168	462	464	201	2	6	0.0053	0.8519	0	0.0407	1
0.0393	0.1072	-0.7063	-1.2913	-0.2576	0.2345	-0.9552	-0.1806	463	465	201	2	7	0.0054	0.5556	0	0.0395	1
0.0347	0.0719	-0.6861	-1.3929	-0.2676	-0.2449	-0.9682	-0.0511	464	466	201	2	8	0.0042	0.5833	0	0.0347	1
0.0442	0.1007	-0.6903	-1.4611	-0.3026	-0.1229	-0.9878	-0.0951	465	467	201	2	9	0.0052	0.525	0	0.0463	1
0.0334	0.1329	-0.703	-1.561	-0.2797	-0.2552	-0.9668	-0.0143	466	468	201	2	10	0.0058	0.5	0	0.0334	1
0.031	0.0751	-0.7451	-1.6898	-0.2852	0.0175	-0.998	0.0607	467	469	201	2	11	0.0041	0.5	0	0.031	1
0.0308	0.0687	-0.739	-1.7661	-0.287	-0.6328	-0.7008	-0.3293	468	470	201	2	12	0.0046	0.4167	0	0.0308	1
0.0371	0.1134	-0.7638	-1.814	-0.3194	0.0395	-0.9978	0.0541	469	471	201	2	13	0.0064	0.3889	0	0.0384	1
0.0396	0.1424	-0.7621	-1.936	-0.2848	-0.1307	-0.9437	-0.3039	470	472	201	2	14	0.0122	0.2115	0	0.056	1
0.0371	0.0919	-0.8034	-2.064	-0.3297	-0.2515	-0.9437	-0.2147	471	473	201	2	15	0.0047	0.1667	0	0.0597	1
0.0243	0.1649	-0.8073	-2.1487	-0.3608	-0.1016	-0.9367	-0.3351	472	474	201	2	16	0.0029	0.175	0	0.017	1
0.0229	0.14	-0.8115	-2.2904	-0.4533	-0.1364	-0.9229	-0.3601	473	475	201	2	17	0.0036	0.0583	0	0.0132	1
0.0225	0.0681	-0.8301	-2.4296	-0.4682	-0.1155	-0.9568	-0.2667	474	476	201	2	18	0.0081	0.2727	0	0.0184	1
0.0225	0.0305	-0.8416	-2.4944	-0.486	-0.1176	-0.975	-0.1883	475	477	201	2	19	0.0088	0.4107	0	0.0225	1
0.0225	0.0809	-0.8326	-2.5264	-0.503	-0.3603	-0.9063	-0.2208	476	478	201	2	20	0.009	0.3393	0	0.0197	1
0.0225	0.0009	-0.8648	-2.5981	-0.5382	-0.4359	-0.8999	-0.0084	477	0	201	2	21	0.0019	0.125	0	0.01	1
0.0321	0.168	-0.4792	-0.8706	0.1001	0.88	0.0016	-0.475	110	480	205	2	1	0.0073	0.3438	1	0.023	1
0.0321	0.1098	-0.3373	-0.8539	0.0116	-0.9523	-0.2905	0.0932	479	481	205	2	2	0.0099	0.1061	0	0.023	1
0.0321	0.0641	-0.4445	-0.9455	-0.0013	-0.6875	0.2874	-0.6669	480	482	205	2	3	0.0084	0.25	0	0.0233	1
0.0321	0.0654	-0.4835	-0.9314	-0.045	-0.6622	-0.7344	-0.1489	481	483	205	2	4	0.0046	0.4167	0	0.0321	1
0.0328	0.0948	-0.5508	-0.9666	-0.0604	-0.0354	-0.4601	-0.8872	482	484	205	2	5	0.0052	0.5	0	0.0328	1
0.0354	0.0981	-0.5632	-0.9994	-0.14	-0.7448	-0.6613	0.0894	483	485	205	2	6	0.0111	0.2167	0	0.0464	1
0.0321	0.0814	-0.6386	-1.0665	-0.1507	-0.9761	-0.1689	0.1365	484	486	205	2	7	0.0033	0.3333	0	0.0273	1
0.0321	0.0572	-0.6962	-1.0711	-0.1587	-0.078	-0.863	-0.4991	485	0	205	2	8	0.0087	0.1591	0	0.01	1
0.0444	0.0798	-0.5123	-0.7516	0.1436	-0.0937	0.0655	0.9934	109	488	1027	2	1	0.0105	0.3769	1	0.0452	1
0.0443	0.3655	-0.5198	-0.7464	0.223	-0.9068	-0.0916	-0.4114	487	489	1027	2	2	0.0105	0.3769	0	0.0452	1
0.0447	0.0844	-0.8479	-0.7813	0.0851	-0.9038	-0.3776	0.2013	488	490	1027	2	3	0.0056	0.7333	0	0.0447	1
0.0417	0.065	-0.9248	-0.7975	0.0979	-0.999	-0.0421	-0.0175	489	491	1027	2	4	0.0059	0.8148	0	0.0417	1
0.039	0.0803	-0.9893	-0.8145	0.0972	-0.9891	-0.0237	0.1456	490	492	1027	2	5	0.0055	0.7037	0	0.039	1
0.0407	0.0713	-1.0842	-0.8049	0.0966	-0.7365	-0.4842	0.4724	491	493	1027	2	6	0.0054	0.5556	0	0.0407	1
0.0422	0.116	-1.1374	-0.8356	0.1242	-0.9949	-0.0687	0.0738	492	494	1027	2	7	0.0063	0.5556	0	0.0425	1
0.0299	0.1433	-1.2523	-0.8323	0.1256	-0.9931	-0.0248	-0.1149	493	495	1027	2	8	0.0052	0.55	0	0.0292	1
0.029	0.1759	-1.388	-0.8263	0.1312	-0.963	0.1474	0.2255	494	496	1027	2	9	0.0045	0.5208	0	0.0285	1
0.0351	0.103	-1.5555	-0.8379	0.1612	-0.959	-0.1141	0.2593	495	497	1027	2	10	0.0038	0.5938	0	0.0351	1
0.0372	0.0865	-1.6513	-0.7807	0.1875	-0.8913	0.0416	0.4514	496	498	1027	2	11	0.0048	0.8333	0	0.0372	1
0.036	0.0865	-1.7358	-0.7939	0.2208	-0.8777	0.2455	0.4116	497	499	1027	2	12	0.0054	0.6667	0	0.0377	1
0.0348	0.0526	-1.8111	-0.7678	0.2554	-0.8499	0.2031	0.4862	498	500	1027	2	13	0.0045	0.7917	0	0.0348	1
0.0357	0.0787	-1.8537	-0.7384	0.2778	-0.9575	0.1486	0.2474	499	501	1027	2	14	0.0052	0.5625	0	0.0362	1
0.0307	0.0693	-1.9251	-0.7201	0.3175	-0.7569	0.6507	-0.061	500	502	1027	2	15	0.0054	0.4583	0	0.0307	1
0.0239	0.0766	-1.9825	-0.6868	0.3347	-0.387	0.8432	0.3731	501	503	1027	2	16	0.003	0.5	0	0.0218	1
0.0232	0.0778	-2.0084	-0.6125	0.3698	-0.9515	0.2439	0.1874	502	504	1027	2	17	0.0029	0.5833	0	0.023	1
0.032	0.1069	-2.0839	-0.5956	0.3831	-0.7753	0.1384	0.6163	503	505	1027	2	18	0.0051	0.375	0	0.0339	1
0.0247	0.104	-2.1549	-0.5365	0.4594	-0.8495	0.1054	0.517	504	506	1027	2	19	0.0031	0.625	0	0.0247	1
0.0211	0.1521	-2.2417	-0.5322	0.516	-0.5635	0.2117	0.7985	505	507	1027	2	20	0.0026	0.225	0	0.0211	1
0.0184	0.104	-2.3357	-0.4817	0.6237	-0.5892	0.2932	0.7529	506	508	1027	2	21	0.0026	0.4167	0	0.0182	1
0.0184	0.1053	-2.3899	-0.4677	0.7147	-0.5981	0.3074	0.7401	507	509	1027	2	22	0.0024	0.25	0	0.0184	1
0.02	0.1017	-2.4538	-0.4381	0.792	-0.6895	0.0972	0.7177	508	510	1027	2	23	0.0026	0.2188	0	0.02	1
0.0182	0.0674	-2.5266	-0.4392	0.8646	-0.6127	0.1193	0.7813	509	511	1027	2	24	0.0091	0.2361	0	0.0146	1
0.0182	0.0197	-2.5766	-0.4226	0.9068	-0.585	0.3203	0.7451	510	512	1027	2	25	0.0008	0.1	0	0.01	1
0.0182	0.06	-2.5795	-0.4143	0.9237	-0.2774	0.1402	0.9505	511	0	1027	2	26	0.0064	0.2	0	0.01	1
0.0204	0.0613	-0.5624	-1.5961	0.4449	0.8493	-0.2994	0.4348	117	514	533	2	1	0.002	0.3125	1	0.0151	1
0.0204	0.1115	-0.5071	-1.6129	0.4719	0.4455	-0.8729	-0.1988	513	515	533	2	2	0.0046	0.1333	0	0.0151	1
0.0292	0.1394	-0.4931	-1.7354	0.463	0.621	-0.6417	0.4501	514	516	533	2	3	0.004	0.4	0	0.0314	1
0.0212	0.1097	-0.416	-1.837	0.4896	0.3286	-0.918	0.2221	515	517	533	2	4	0.0031	0.3125	0	0.0212	1
0.0204	0.0954	-0.384	-1.9384	0.5184	0.2953	-0.9482	0.1172	516	518	533	2	5	0.0028	0.4063	0	0.0204	1
0.0239	0.0878	-0.3558	-2.0329	0.5173	0.0522	-0.9491	0.3105	517	519	533	2	6	0.0026	0.3333	0	0.0239	1
0.0238	0.0938	-0.3424	-2.115	0.5435	0.1576	-0.9608	0.2282	518	520	533	2	7	0.01	0.2273	0	0.0238	1
0.0284	0.1645	-0.3533	-2.1975	0.5777	-0.1313	-0.9437	0.3035	519	521	533	2	8	0.003	0.125	0	0.059	1
0.0204	0.0925	-0.3625	-2.355	0.6238	-0.0691	-0.9359	0.3455	520	522	533	2	9	0.0029	0.12	0	0.01	1
0.0241	0.023	-0.3785	-2.4456	0.6339	-0.4691	-0.8088	0.3546	521	523	533	2	10	0.0032	0.2	0	0.0241	1
0.0311	0.127	-0.392	-2.4692	0.6685	-0.6543	-0.7288	-0.2017	522	524	533	2	11	0.0035	0.1625	0	0.0426	1
0.0204	0.1085	-0.4666	-2.5691	0.6413	-0.6619	-0.7271	-0.1826	523	525	533	2	12	0.004	0.1167	0	0.01	1
0.0252	0.0454	-0.4631	-2.5713	0.6839	-0.7857	0.3641	0.5001	524	526	533	2	13	0.0029	0.2917	0	0.0263	1
0.0204	0.0697	-0.5058	-2.561	0.7044	-0.4846	0.2504	0.8381	525	527	533	2	14	0.0048	0.12	0	0.01	1
0.0204	0.113	-0.5407	-2.5424	0.7596	-0.8992	0.1996	0.3894	526	0	533	2	15	0.0039	0.1	0	0.01	1
0.0185	0.1339	-0.6027	-1.6795	0.494	0.4943	0.7528	0.4347	120	529	534	2	1	0.0044	0.2813	1	0.0185	1
0.0185	0.1115	-0.5365	-1.5787	0.5522	0.3223	-0.7597	-0.5648	528	0	534	2	2	0.0044	0.2813	0	0.0185	1
0.0218	0.0427	-0.6343	-1.6802	0.4676	-0.8265	-0.3974	0.3986	119	531	535	2	1	0.0088	0.28	0	0.0427	1
0.0177	0.0436	-0.6801	-1.6965	0.4682	0.4282	0.8725	-0.2354	530	0	535	2	2	0.0062	0.1875	0	0.0177	1
0.0367	0.0937	-0.7814	-2.0235	0.6501	0.5101	0.858	0.0606	126	533	690	2	1	0.0055	0.4063	0	0.0367	1
0.0367	0.084	-0.704	-1.9523	0.6071	0.6626	-0.5507	0.5077	532	0	690	2	2	0.0047	0.0833	0	0.01	1
0.0083	0.0197	-0.8556	-2.1161	0.6951	-0.3594	0.4818	-0.7992	127	535	800	2	1	0.0082	0.25	1	0.0504	1
0.0083	0.0939	-0.8202	-2.106	0.6803	-0.0199	-0.0745	0.997	534	536	800	2	2	0.0162	0.28	0	0.0504	1
0.0084	0.0734	-0.8361	-2.148	0.742	-0.3425	-0.5545	0.7584	535	0	800	2	3	0.01	0.05	0	0.01	1
0.0223	0.0499	-0.8258	-2.1459	0.7023	0.14	-0.8127	0.5656	128	538	868	2	1	0.0071	0.175	0	0.0294	1
0.022	0.2197	-0.8133	-2.186	0.7349	-0.0035	-0.9951	0.0985	537	539	868	2	2	0.0053	0.17	0	0.0341	1
0.019	0.0935	-0.8045	-2.4066	0.7409	-0.0323	-0.9942	0.1028	538	540	868	2	3	0.0093	0.2273	0	0.0193	1
0.0112	0.0693	-0.8012	-2.4983	0.7484	0.2409	-0.9553	0.1715	539	541	868	2	4	0.01	0.05	0	0.01	1
0.0148	0.0681	-0.7972	-2.5586	0.7819	-0.0149	-0.9668	0.2551	540	542	868	2	5	0.0172	0.25	0	0.089	1
0.01	0.0463	-0.802	-2.6223	0.8042	-0.2128	-0.9504	0.227	541	543	868	2	6	0.01	0.05	0	0.01	1
0.0079	0.0006	-0.8132	-2.5745	0.7382	-0.4573	-0.5735	-0.6797	542	544	868	2	7	0.01	0.05	0	0.01	1
0.0049	0.0239	-0.8135	-2.5747	0.738	-0.9827	-0.1853	0.0081	543	0	868	2	8	0.019	0.2	0	0.01	1
0.0285	0.043	0.5372	0.4375	-0.3034	0.5372	-0.728	0.4259	136	546	245	2	1	0.007	0.35	1	0.0285	1
0.0285	0.1339	0.5603	0.4063	-0.2851	0.6569	-0.3235	-0.6811	545	0	245	2	2	0.007	0.35	0	0.0285	1
0.0025	0.1337	-0.1324	-0.1164	-0.1304	0.5129	-0.3069	0.8017	147	548	1028	2	1	0.0458	0.125	0	0.0581	0
0.0051	0.0516	-0.0616	-0.1625	-0.0336	-0.3604	-0.8674	0.343	547	0	1028	2	2	0.0481	0.35	0	0.055	0
0.0196	0.2	0.3341	-0.0465	0.1472	-0.0257	0.4082	0.9125	152	550	266	2	1	0.0056	0.3333	0	0.0215	0
0.0149	0.071	0.3356	0.0327	0.3353	-0.4481	0.4945	0.7448	549	551	266	2	2	0.01	0.05	0	0.01	0
0.0125	0.0519	0.3038	0.0678	0.3881	-0.6548	0.4237	0.6259	550	552	266	2	3	0.01	0.05	0	0.01	0
0.01	0.0563	0.2698	0.0898	0.4206	0.7015	0.1685	0.6924	551	0	266	2	4	0.01	0.05	0	0.01	0
0.0301	0.1287	0.5005	-0.2011	0.1588	0.1321	0.9682	0.2124	155	554	269	2	1	0.0096	0.3958	1	0.0301	0
0.0301	0.1711	0.5175	-0.0765	0.1861	-0.1477	-0.4919	0.858	553	555	269	2	2	0.0096	0.3958	0	0.0301	0
0.032	0.0754	0.5249	-0.1998	0.3508	-0.18	0.279	0.9433	554	556	269	2	3	0.0029	0.3333	0	0.0355	0
0.0263	0.0576	0.4982	-0.1492	0.4157	-0.5321	-0.0599	0.8446	555	557	269	2	4	0.0036	0.2917	0	0.0289	0
0.0144	0.0043	0.4826	-0.1244	0.4612	-0.3047	0.2679	0.914	556	558	269	2	5	0.01	0.05	0	0.01	0
0.0102	0.0571	0.4813	-0.1232	0.4651	0.0964	-0.1665	0.9813	557	559	269	2	6	0.01	0.05	0	0.01	0
0.0075	0.0656	0.4868	-0.1327	0.5211	-0.3815	0.8337	0.3992	558	0	269	2	7	0.01	0.05	0	0.01	0
0.0363	0.1829	0.3497	-0.0582	0.144	0.2969	-0.1703	0.9396	152	561	270	2	1	0.0069	0.4583	1	0.0354	0
0.036	0.0897	0.404	-0.0893	0.3159	0.9835	0.1176	0.1372	560	562	270	2	2	0.0069	0.4583	0	0.0354	0
0.0354	0.0949	0.5024	-0.0591	0.366	-0.9672	0.1982	0.1588	561	563	270	2	3	0.0041	0.2813	0	0.0336	0
0.0497	0.0731	0.3769	-0.0624	0.3995	-0.633	0.7104	-0.3078	562	0	270	2	4	0.0074	0.15	0	0.0622	0
0.0287	0.2674	0.4807	-0.2286	0.1937	0.3517	-0.0366	0.9354	155	565	280	2	1	0.0072	0.375	1	0.0297	0
0.026	0.1154	0.5748	-0.2384	0.4439	0.5851	0.0654	0.8083	564	566	280	2	2	0.0072	0.375	0	0.0297	0
0.0154	0.0306	0.6257	-0.239	0.526	0.0125	0.7981	-0.6024	565	567	280	2	3	0.0091	0.175	0	0.01	0
0.01	0.0684	0.6146	-0.199	0.504	0.6728	0.3507	-0.6514	566	0	280	2	4	0.01	0.05	0	0.01	0
0.0255	0.1528	0.7234	-0.4593	0.2659	0.7106	-0.4932	0.5018	157	569	299	2	1	0.0067	0.2917	1	0.027	0
0.0227	0.0819	0.832	-0.5346	0.3426	0.5194	-0.6641	0.5377	568	570	299	2	2	0.0067	0.2917	0	0.027	0
0.0145	0.0668	0.8811	-0.5854	0.3716	0.4738	-0.8806	-0.0075	569	571	299	2	3	0.01	0.05	0	0.01	0
0.01	0.0696	0.9128	-0.6442	0.3711	0.7827	-0.596	0.1795	570	0	299	2	4	0.01	0.05	0	0.01	0
0.0471	0.424	0.5517	-0.2845	0.2382	0.4312	-0.1677	0.8865	156	573	302	2	1	0.0089	0.2321	1	0.0624	0
0.0464	0.2161	0.7326	-0.3543	0.6104	0.8892	0.0282	-0.4566	572	574	302	2	2	0.0189	0.2121	0	0.0624	0
0.0305	0.0365	0.9138	-0.3763	0.53	0.4564	0.3539	0.8164	573	575	302	2	3	0.0171	0.0444	0	0.0234	0
0.0293	0.0675	0.9287	-0.3719	0.5668	0.8748	-0.4038	-0.2679	574	576	302	2	4	0.0118	0.2231	0	0.0283	0
0.0282	0.0514	0.9863	-0.3902	0.5378	0.5613	-0.5999	-0.5702	575	577	302	2	5	0.0026	0.375	0	0.026	0
0.0394	0.0952	1.0232	-0.3985	0.5307	0.8968	-0.4293	0.107	576	578	302	2	6	0.0064	0.2963	0	0.0429	0
0.0277	0.0903	1.1152	-0.4081	0.5071	0.8869	0.2401	0.3947	577	579	302	2	7	0.0028	0.2813	0	0.0277	0
0.0271	0.1277	1.1958	-0.3932	0.5361	0.9105	-0.2504	0.3292	578	580	302	2	8	0.0039	0.2813	0	0.0271	0
0.025	0.0836	1.3198	-0.4284	0.6011	0.8843	-0.3172	-0.3428	579	581	302	2	9	0.0033	0.2917	0	0.0224	0
0.0322	0.1237	1.397	-0.4399	0.5671	0.9506	-0.1013	0.2934	580	582	302	2	10	0.0019	0.2813	0	0.0325	0
0.0229	0.081	1.5155	-0.4772	0.6036	0.9861	0.0378	0.1616	581	583	302	2	11	0.0028	0.25	0	0.0207	0
0.0261	0.1024	1.5924	-0.4984	0.6402	0.9951	-0.096	0.0254	582	584	302	2	12	0.0022	0.3438	0	0.0261	0
0.0293	0.0695	1.6805	-0.4916	0.659	0.8374	0.2013	0.5082	583	585	302	2	13	0.003	0.3333	0	0.0307	0
0.0251	0.0723	1.7662	-0.507	0.6516	0.8835	0.2629	0.3877	584	586	302	2	14	0.0154	0.25	0	0.0251	0
0.0328	0.084	1.8303	-0.4999	0.7039	0.7738	-0.5669	-0.2826	585	587	302	2	15	0.0037	0.1636	0	0.0444	0
0.0275	0.1308	1.8999	-0.5419	0.6859	0.8171	-0.5679	-0.0993	586	588	302	2	16	0.0043	0.1286	0	0.0456	0
0.0193	0.1868	2.0099	-0.6055	0.6731	0.8458	-0.2534	0.4695	587	589	302	2	17	0.0088	0.0533	0	0.0256	0
0.01	0.1238	2.1698	-0.6499	0.7592	0.7962	-0.229	0.56	588	590	302	2	18	0.01	0.05	0	0.01	0
0.01	0.0931	2.1976	-0.6019	0.8613	0.5416	0.1468	0.8277	589	591	302	2	19	0.01	0.05	0	0.01	0
0.0084	0.1089	2.272	-0.6599	0.853	0.8329	-0.2863	0.4737	590	0	302	2	20	0.01	0.05	0	0.01	0
0.0321	0.3789	0.708	-0.5069	0.1551	0.5885	-0.2652	-0.7638	158	593	303	2	1	0.0079	0.4375	0	0.0321	0
0.0338	0.0558	0.9379	-0.6121	-0.1283	0.4202	-0.4128	-0.8081	592	594	303	2	2	0.0036	0.5417	0	0.0338	0
0.0321	0.0823	0.9684	-0.6258	-0.1683	0.6919	-0.1393	-0.7084	593	595	303	2	3	0.0038	0.375	0	0.028	0
0.0321	0.2019	1.041	-0.6394	-0.2148	0.3971	-0.657	-0.6408	594	596	303	2	4	0.0034	0.1964	0	0.0315	0
0.0321	0.1391	1.0815	-0.753	-0.3565	-0.4666	-0.8696	0.1611	595	597	303	2	5	0.0049	0.2	0	0.032	0
0.0321	0.0703	1.0001	-0.8275	-0.3567	-0.9124	-0.1346	0.3864	596	598	303	2	6	0.0037	0.1364	0	0.01	0
0.0321	0.1303	1.0276	-0.8064	-0.3701	0.2225	-0.9513	-0.2135	597	599	303	2	7	0.0039	0.0682	0	0.01	0
0.0321	0.0891	1.0537	-0.932	-0.3989	0.5485	-0.6553	-0.5194	598	600	303	2	8	0.0045	0.0758	0	0.01	0
0.0321	0.1753	1.1374	-1.0202	-0.4338	-0.6638	-0.61	0.4327	599	0	303	2	9	0.0071	0.0606	0	0.01	0
0.0274	0.1927	0.7609	-0.5857	0.1361	0.0081	-0.4779	-0.8784	159	602	305	2	1	0.0035	0.4167	1	0.0255	0
0.0268	0.0881	0.7624	-0.6778	-0.0331	0.8486	-0.2355	-0.4738	601	603	305	2	2	0.0035	0.4167	0	0.0255	0
0.0295	0.068	0.8359	-0.6977	-0.0778	0.5126	-0.7316	-0.4494	602	604	305	2	3	0.0089	0.25	0	0.035	0
0.0312	0.071	0.8548	-0.7389	-0.1224	-0.6499	-0.69	0.3186	603	0	305	2	4	0.0052	0.0857	0	0.0435	0
0.0212	0.0969	0.9091	-0.809	0.2902	0.7377	0.6654	0.1144	161	606	315	2	1	0.0044	0.4583	1	0.0208	0
0.021	0.0826	0.9806	-0.7445	0.3013	-0.5018	0.4605	0.7323	605	607	315	2	2	0.0044	0.4583	0	0.0208	0
0.0208	0.0371	0.933	-0.7007	0.366	0.4951	0.7869	-0.3684	606	608	315	2	3	0.0101	0.2	0	0.01	0
0.0229	0.0567	0.95	-0.6653	0.3402	-0.0555	0.8855	0.4613	607	0	315	2	4	0.0069	0.3333	0	0.0253	0
0.0331	0.083	1.0149	-1.1005	0.3526	-0.541	0.0437	0.8399	163	610	326	2	1	0.0046	0.2813	1	0.0356	0
0.033	0.0987	0.97	-1.0969	0.4223	0.7764	-0.3993	0.4876	609	611	326	2	2	0.0046	0.2813	0	0.0356	0
0.0229	0.0845	1.042	-1.1338	0.4603	0.8716	-0.1923	-0.4509	610	612	326	2	3	0.0026	0.375	0	0.0209	0
0.0223	0.0858	1.1258	-1.1438	0.4038	0.746	-0.6382	0.1903	611	613	326	2	4	0.0028	0.2917	0	0.0207	0
0.0286	0.1044	1.1789	-1.2114	0.4239	0.6205	-0.3178	0.7169	612	614	326	2	5	0.0027	0.25	0	0.0288	0
0.0207	0.0951	1.2489	-1.2232	0.5145	0.9494	-0.3	0.0933	613	615	326	2	6	0.0028	0.3333	0	0.0207	0
0.0268	0.126	1.3463	-1.2664	0.5213	0.6243	0.1977	0.7558	614	616	326	2	7	0.0027	0.2813	0	0.0299	0
0.021	0.1181	1.4294	-1.2523	0.6059	0.493	-0.4975	0.7138	615	617	326	2	8	0.0028	0.2188	0	0.021	0
0.0199	0.0818	1.4979	-1.2822	0.6992	0.7169	-0.4271	0.5509	616	618	326	2	9	0.0023	0.25	0	0.0214	0
0.0196	0.0976	1.5326	-1.3082	0.7562	0.3355	-0.2925	0.8955	617	619	326	2	10	0.0145	0.14	0	0.129	0
0.01	0.0158	1.5339	-1.328	0.8332	-0.3233	-0.0435	0.9453	618	620	326	2	11	0.01	0.05	0	0.01	0
0.007	0.0958	1.5288	-1.3287	0.8481	0.948	-0.31	0.0715	619	0	326	2	12	0.01	0.05	0	0.01	0
0.0322	0.3063	-0.1202	0.6069	-0.0601	-0.9038	0.0306	-0.4268	181	622	339	2	1	0.008	0.4167	0	0.032	0
0.0326	0.117	-0.3872	0.6404	-0.1681	-0.9577	0.2177	0.1881	621	0	339	2	2	0.0099	0.2292	0	0.034	0
0.0277	0.4086	0.1057	0.3673	-0.2758	-0.5602	0.7943	0.2351	179	624	341	2	1	0.0053	0.4167	1	0.0277	0
0.0277	0.0878	-0.1232	0.6918	-0.1798	0.6073	0.7843	0.1268	623	625	341	2	2	0.0053	0.4167	0	0.0277	0
0.0277	0.1169	-0.0702	0.7643	-0.1721	0.6808	0.5221	0.5138	624	626	341	2	3	0.0043	0.375	0	0.0273	0
0.0296	0.2176	-0.0079	0.8542	-0.1016	0.8088	0.3052	0.5027	625	627	341	2	4	0.0114	0.0368	0	0.0348	0
0.0277	0.1147	0.1277	0.9595	-0.0264	0.4101	0.8041	0.4305	626	628	341	2	5	0.006	0.1	0	0.01	0
0.0277	0.1168	0.195	0.9409	-0.0192	0.929	0.0291	0.369	627	0	341	2	6	0.0063	0.0833	0	0.01	0
0.0168	0.2003	0.1812	0.6536	-0.0151	-0.7298	0.2307	0.6436	181	630	348	2	1	0.0404	0.2545	0	0.0608	0
0.0065	0.1465	0.0504	0.6506	0.1172	0.6257	0.2479	0.7397	629	0	348	2	2	0.0231	0.0889	0	0.0528	0
0.0292	0.0425	0.0277	0.694	-0.0509	0.185	0.9245	-0.3334	181	632	349	2	1	0.0095	0.225	1	0.0269	0
0.0284	0.1482	0.0355	0.7333	-0.0651	0.1484	0.4367	0.8873	631	633	349	2	2	0.0095	0.225	0	0.0269	0
0.0321	0.0482	0.0627	0.8305	0.029	0.7502	0.4439	0.4901	632	634	349	2	3	0.0028	0.3333	0	0.0365	0
0.028	0.0517	0.0892	0.851	0.0586	0.2586	0.8078	0.5296	633	0	349	2	4	0.0065	0.375	0	0.029	0
0.0473	0.8803	0.3433	0.4654	-0.0352	-0.8641	0.5034	0.0058	179	636	1030	2	1	0.0224	0.2622	1	0.0536	0
0.0473	0.0617	-0.3863	0.9597	-0.007	-0.8494	0.5272	-0.0234	635	637	1030	2	2	0.021	0.5733	0	0.0536	0
0.0524	0.0817	-0.4475	0.9897	0.0143	-0.572	0.8093	-0.1335	636	638	1030	2	3	0.0089	0.7273	0	0.0524	0
0.0517	0.1157	-0.4773	1.0844	-0.0075	-0.6856	0.5754	0.4459	637	639	1030	2	4	0.0087	0.6875	0	0.0537	0
0.0513	0.116	-0.5597	1.1495	0.0572	-0.3974	0.9176	0.0132	638	640	1030	2	5	0.0075	0.8409	0	0.0513	0
0.0473	0.0746	-0.6509	1.251	0.0461	-0.1376	0.9844	0.1094	639	641	1030	2	6	0.007	0.7	0	0.0473	0
0.0442	0.0725	-0.6578	1.3376	0.0718	-0.7302	0.6077	-0.3124	640	642	1030	2	7	0.0065	0.6	0	0.0451	0
0.0397	0.1318	-0.7103	1.3892	0.0588	-0.9308	0.304	-0.2032	641	643	1030	2	8	0.0064	0.7778	0	0.0397	0
0.0319	0.0736	-0.8331	1.4306	0.0391	-0.675	0.7239	-0.1426	642	644	1030	2	9	0.0045	0.75	0	0.0319	0
0.032	0.0971	-0.8979	1.49	0.0481	-0.4581	0.6819	-0.5702	643	645	1030	2	10	0.004	0.625	0	0.032	1
0.0269	0.091	-0.9343	1.5628	0.0033	-0.456	0.8682	-0.1958	644	646	1030	2	11	0.0034	0.5313	0	0.0269	1
0.0241	0.1158	-0.979	1.6412	-0.0205	-0.6941	0.6516	0.3061	645	647	1030	2	12	0.0032	0.5	0	0.0241	1
0.0242	0.0669	-1.0584	1.717	0.0166	-0.5508	0.8145	0.1822	646	648	1030	2	13	0.0023	0.375	0	0.0242	1
0.0216	0.0907	-1.0892	1.779	0.0264	-0.7195	0.6488	0.2476	647	649	1030	2	14	0.0073	0.22	0	0.0163	1
0.0218	0.1004	-1.1541	1.8385	0.0492	-0.8689	0.4943	-0.0244	648	650	1030	2	15	0.0028	0.2813	0	0.0218	1
0.0216	0.077	-1.2379	1.8913	0.0522	-0.4214	0.8742	-0.2413	649	651	1030	2	16	0.0029	0.5	0	0.0216	1
0.0226	0.0961	-1.2624	1.9724	0.0309	-0.8572	0.4369	-0.2728	650	652	1030	2	17	0.0027	0.375	0	0.0226	1
0.022	0.1884	-1.3487	2.0169	-0.0018	-0.3944	0.7502	0.5307	651	653	1030	2	18	0.0086	0.12	0	0.0293	1
0.0216	0.018	-1.42	2.1588	0.0988	-0.267	0.4095	0.8724	652	654	1030	2	19	0.0027	0.0714	0	0.01	1
0.0216	0.0622	-1.4236	2.1765	0.1142	-0.9059	0.1164	0.4072	653	0	1030	2	20	0.0024	0.06	0	0.01	1
0.01	0.3679	0.607	0.817	0.2593	-0.9221	-0.0182	-0.3866	182	0	613	2	1	0.01	0.05	0	0.01	0
0.0218	0.1995	0.6354	0.7832	0.3265	0.2048	-0.7185	-0.6647	184	657	617	2	1	0.0028	0.25	1	0.0207	0
0.0207	0.0958	0.6763	0.6399	0.1939	0.3164	0.2076	0.9256	656	658	617	2	2	0.0028	0.25	0	0.0207	0
0.0255	0.0652	0.7631	0.684	0.2929	-0.0925	-0.2002	0.9754	657	659	617	2	3	0.0092	0.175	0	0.0342	0
0.0122	0.0222	0.7469	0.663	0.3474	-0.7246	0.161	0.6701	658	660	617	2	4	0.01	0.05	0	0.01	0
0.009	0.0878	0.7308	0.6666	0.3623	0.6408	-0.5461	0.5395	659	0	617	2	5	0.01	0.05	0	0.01	0
0.033	0.1691	0.6437	0.7864	0.3725	0.5693	-0.6789	0.4637	184	662	624	2	1	0.0138	0.2468	1	0.0514	0
0.0328	0.1856	0.7396	0.68	0.4491	0.9981	0.0381	-0.0485	661	663	624	2	2	0.022	0.1818	0	0.0514	0
0.0325	0.1029	0.8871	0.6133	0.4325	0.8554	-0.4624	0.2332	662	664	624	2	3	0.0041	0.3438	0	0.0344	0
0.023	0.0921	0.9779	0.5689	0.4544	0.7071	-0.1537	0.6902	663	665	624	2	4	0.0031	0.2917	0	0.023	0
0.0252	0.0738	1.0549	0.5422	0.4964	0.876	-0.0026	0.4823	664	666	624	2	5	0.0031	0.3333	0	0.0252	0
0.0255	0.1305	1.1159	0.531	0.5389	0.9438	-0.3292	-0.0288	665	667	624	2	6	0.0024	0.25	0	0.0255	0
0.0272	0.1184	1.2185	0.47	0.5565	0.7746	-0.5802	0.2516	666	668	624	2	7	0.0028	0.175	0	0.0272	0
0.0209	0.116	1.3269	0.4226	0.5761	0.8178	-0.518	0.251	667	669	624	2	8	0.0075	0.2188	0	0.0197	0
0.0197	0.0818	1.4265	0.3794	0.603	0.9445	-0.2337	0.2307	668	670	624	2	9	0.007	0.2386	0	0.017	0
0.0196	0.1254	1.4946	0.3378	0.6338	0.9349	-0.2502	0.2518	669	671	624	2	10	0.0104	0.2115	0	0.0196	0
0.0193	0.0828	1.6034	0.3097	0.6834	0.7901	-0.4195	0.4469	670	672	624	2	11	0.0061	0.1641	0	0.0193	0
0.0178	0.0706	1.6741	0.2741	0.7037	0.8898	-0.346	0.2974	671	673	624	2	12	0.0082	0.275	0	0.0178	0
0.0191	0.1319	1.7367	0.2555	0.7317	0.8371	-0.4084	0.3639	672	674	624	2	13	0.0081	0.05	0	0.0298	0
0.0159	0.0602	1.8456	0.2031	0.7831	0.809	-0.3063	0.5018	673	675	624	2	14	0.0071	0.0636	0	0.0236	0
0.0095	0.0622	1.8883	0.1712	0.8047	0.8713	-0.4744	0.1259	674	676	624	2	15	0.01	0.05	0	0.01	0
0.0085	0.0631	1.9164	0.1774	0.8376	0.7227	0.0438	0.6898	675	677	624	2	16	0.01	0.05	0	0.01	0
0.0072	0.0466	1.9319	0.1498	0.8428	0.5359	-0.8135	0.226	676	0	624	2	17	0.01	0.05	0	0.01	0
0.0229	0.1316	0.8526	0.9375	0.4924	0.8075	0.0235	0.5894	186	679	629	2	1	0.0062	0.4167	1	0.0229	0
0.0229	0.0695	0.9589	0.9406	0.57	0.6424	0.2808	0.713	678	680	629	2	2	0.0062	0.4167	0	0.0229	0
0.028	0.0938	0.9924	0.9604	0.6369	0.329	-0.917	0.2257	679	681	629	2	3	0.0041	0.2917	0	0.0312	0
0.0229	0.1009	1.0201	0.8863	0.6632	0.654	-0.1437	0.7428	680	682	629	2	4	0.0054	0.1	0	0.01	0
0.0229	0.1036	1.086	0.8684	0.7365	0.8831	-0.2212	0.4137	681	0	629	2	5	0.006	0.0714	0	0.01	0
0.0364	0.1969	1.0404	1.0888	0.5921	0.8712	-0.4658	-0.155	188	684	630	2	1	0.0021	0.1607	1	0.037	0
0.0357	0.1931	1.212	0.9971	0.5616	0.7304	-0.5882	0.3473	683	685	630	2	2	0.0021	0.1607	0	0.037	0
0.0253	0.1795	1.3387	0.9086	0.6629	0.9456	0.1401	0.2935	684	686	630	2	3	0.0034	0.1875	0	0.0237	0
0.024	0.1066	1.5052	0.933	0.7228	0.898	0.1652	0.4077	685	687	630	2	4	0.0048	0.1333	0	0.01	0
0.0313	0.0668	1.5914	0.9507	0.7255	0.8025	0.5666	-0.1872	686	688	630	2	5	0.0089	0.1222	0	0.0413	0
0.0242	0.1148	1.6606	0.9724	0.7052	0.3924	-0.0596	0.9179	687	689	630	2	6	0.0034	0.1563	0	0.0242	0
0.0202	0.0899	1.7177	0.9846	0.7878	0.7175	0.2992	0.629	688	690	630	2	7	0.014	0.25	0	0.0202	0
0.0214	0.1116	1.7631	0.9971	0.872	0.7563	0.1994	0.6231	689	691	630	2	8	0.0032	0.04	0	0.0264	0
0.0117	0.0751	1.8109	1.0602	0.9225	0.3478	0.6348	0.69	690	692	630	2	9	0.01	0.05	0	0.01	0
0.0137	0.0654	1.8302	1.0412	0.9956	0.163	0.2842	0.9448	691	693	630	2	10	0.0075	0.1222	0	0.0216	0
0.0067	0.0188	1.8445	1.0464	1.059	0.4059	0.2225	0.8864	692	0	630	2	11	0.01	0.05	0	0.01	0
0.0135	0.1491	0.1924	0.65	-0.2527	0.691	0.7175	0.0881	0	695	405	0	1	0.0212	0.1	0	0.0377	0
0.0123	0.1268	0.2893	0.7683	-0.2424	-0.2113	-0.3421	-0.9156	694	696	405	0	2	0.0219	0.1833	0	0.0387	0
0.01	0.0519	0.2496	0.7255	-0.3553	-0.0168	-0.9939	0.109	695	0	405	0	3	0.01	0.05	0	0.01	0
0.01	0.3885	-0.3329	0.3802	-0.168	-0.9531	-0.077	0.2926	217	698	1033	2	1	0.01	0.05	0	0.01	0
0.01	0.0596	-0.7032	0.3503	-0.0544	-0.6904	-0.29	-0.6628	697	0	1033	2	2	0.01	0.05	0	0.01	0
0.0196	0.0659	-1.103	0.4292	0.1119	-0.8548	0.104	0.5084	222	700	653	2	1	0.0039	0.375	0	0.0182	0
0.0231	0.1507	-1.1696	0.427	0.1126	-0.9372	-0.1202	0.3274	699	701	653	2	2	0.0014	0.225	0	0.0231	0
0.0256	0.155	-1.3127	0.4025	0.1559	-0.9276	-0.077	0.3656	700	702	653	2	3	0.0014	0.25	0	0.0304	0
0.0186	0.1082	-1.4503	0.4049	0.2262	-0.8075	-0.1864	0.5597	701	703	653	2	4	0.003	0.2188	0	0.0186	0
0.0173	0.1905	-1.5393	0.3976	0.2912	-0.8866	-0.25	0.3891	702	704	653	2	5	0.0108	0.1444	0	0.0257	0
0.0077	0.0681	-1.6925	0.3569	0.3841	-0.7737	0.0348	0.6325	703	0	653	2	6	0.01	0.05	0	0.01	0
0.01	0.0394	-0.7731	0.4261	0.0027	-0.2246	-0.1664	-0.9601	219	706	755	2	1	0.01	0.05	1	0.01	0
0.01	0.1034	-0.782	0.4195	-0.0351	-0.4546	-0.8903	0.0283	705	0	755	2	2	0.01	0.05	0	0.01	0
0.0126	0.1708	-0.786	0.4054	0.0356	-0.505	0.7689	0.392	219	708	756	2	1	0.0192	0.2	0	0.0325	0
0.01	0.0488	-0.8845	0.5372	0.0994	-0.2383	0.1661	0.9569	707	0	756	2	2	0.01	0.05	0	0.01	0
0.0302	0.0709	-0.9651	0.4651	0.0656	0.053	0.9423	-0.3305	221	710	759	2	1	0.0094	0.375	1	0.037	0
0.0302	0.0939	-0.9607	0.5236	0.0456	-0.1342	0.3631	0.922	709	711	759	2	2	0.0115	0.24	0	0.037	0
0.0207	0.1167	-0.988	0.603	0.1255	-0.9518	-0.2998	0.0642	710	712	759	2	3	0.0026	0.25	0	0.0188	0
0.0302	0.141	-1.1189	0.5832	0.1123	-0.7337	-0.6391	0.2306	711	0	759	2	4	0.0044	0.1667	0	0.0346	0
0.0326	0.191	0.024	-0.0223	0.6436	-0.1551	-0.9876	-0.0248	250	714	1036	2	1	0.0162	0.1753	0	0.0447	0
0.0232	0.0912	-0.0097	-0.1933	0.6487	-0.3163	-0.5177	0.795	713	715	1036	2	2	0.0028	0.375	0	0.0232	0
0.0225	0.1121	-0.0359	-0.2409	0.721	-0.1016	-0.8303	0.5479	714	716	1036	2	3	0.0023	0.3125	0	0.0225	0
0.0221	0.128	-0.0441	-0.3281	0.7952	0.1301	-0.9131	0.3865	715	717	1036	2	4	0.0025	0.2188	0	0.0178	0
0.0218	0.1531	-0.0289	-0.4449	0.8458	-0.1549	-0.98	-0.1246	716	718	1036	2	5	0.0024	0.2	0	0.0218	0
0.0212	0.0887	-0.0245	-0.5938	0.8736	-0.154	-0.9814	0.1147	717	719	1036	2	6	0.0119	0.1979	0	0.0212	0
0.0289	0.0815	-0.0549	-0.6928	0.8391	0.0064	-0.9665	0.2565	718	720	1036	2	7	0.011	0.0667	0	0.0426	0
0.0238	0.1152	-0.0211	-0.7658	0.8478	0.0569	-0.9545	-0.2926	719	721	1036	2	8	0.0099	0.2188	0	0.0238	0
0.0242	0.0856	-0.0066	-0.8715	0.8077	0.1347	-0.8932	-0.429	720	722	1036	2	9	0.003	0.0333	0	0.0435	0
0.0141	0.0836	0.0017	-0.9538	0.785	0.1585	-0.9247	-0.3461	721	723	1036	2	10	0.01	0.05	0	0.01	0
0.0234	0.0728	-0.0523	-0.9629	0.7183	-0.338	-0.6881	-0.6421	722	724	1036	2	11	0.0102	0.25	0	0.0316	0
0.0231	0.0739	-0.0798	-1.0159	0.6932	-0.1347	-0.979	-0.153	723	725	1036	2	12	0.0103	0.1125	0	0.0463	0
0.0101	0.0023	-0.0906	-1.0696	0.6536	-0.2725	-0.8067	-0.5243	724	726	1036	2	13	0.01	0.05	0	0.01	0
0.01	0.0711	-0.0947	-1.0735	0.6492	0.2885	-0.9177	0.2732	725	0	1036	2	14	0.01	0.05	0	0.01	0
0.0393	0.1393	0.2285	-0.969	0.7876	0.7504	-0.383	-0.5387	260	728	969	2	1	0.0024	0.0769	0	0.0567	1
0.0393	0.1003	0.2825	-1.0331	0.7104	0.1783	-0.703	-0.6885	727	729	969	2	2	0.0126	0.1282	0	0.0669	1
0.0166	0.0951	0.3067	-1.1021	0.6616	0.0218	-0.9974	0.0693	728	730	969	2	3	0.0181	0.1	0	0.01	1
0.01	0.151	0.3121	-1.2009	0.6713	-0.0355	-0.6263	-0.7787	729	0	969	2	4	0.01	0.05	0	0.01	1
0.0237	0.3131	0.2235	-1.1215	0.9533	-0.243	-0.9484	-0.2036	264	732	997	2	1	0.0037	0.2188	0	0.0237	0
0.0259	0.1513	0.1537	-1.4196	0.8997	-0.237	-0.9708	0.0364	731	733	997	2	2	0.0038	0.1458	0	0.0331	0
0.0137	0.1308	0.1522	-1.5644	0.9237	0.0176	-0.9967	0.079	732	734	997	2	3	0.01	0.05	0	0.01	0
0.01	0.084	0.1402	-1.6104	0.8542	-0.1219	-0.6928	-0.7108	733	735	997	2	4	0.01	0.05	0	0.01	0
0.007	0.0094	0.1374	-1.6161	0.7817	-0.0592	-0.2291	-0.9716	734	0	997	2	5	0.01	0.05	0	0.01	0
0.0332	0.0858	-0.0773	0.4418	1.0799	0.11	-0.8907	0.4411	283	737	424	2	1	0.006	0.5	0	0.0332	0
0.0332	0.0443	-0.0465	0.3685	1.118	0.1388	-0.9144	-0.3803	736	738	424	2	2	0.0101	0.25	0	0.0507	0
0.0332	0.0684	0.0217	0.3328	1.0884	-0.1196	-0.5885	-0.7996	737	0	424	2	3	0.008	0.0909	0	0.01	0
0.008	0.078	-0.0841	0.7026	1.3273	-0.1058	-0.6015	0.7918	287	740	433	2	1	0.0168	0.2	1	0.0298	0
0.008	0.1254	-0.1027	0.6625	1.3639	-0.928	-0.0409	0.3703	739	741	433	2	2	0.01	0.1667	0	0.0298	0
0.0081	0.073	-0.219	0.6606	1.4152	-0.5771	-0.6713	0.4652	740	0	433	2	3	0.01	0.05	0	0.01	0
0.012	0.1202	-0.0897	1.0332	1.4689	-0.4628	-0.7127	0.5272	292	743	442	2	1	0.0118	0.1143	0	0.0292	0
0.0091	0.0422	-0.1319	0.9749	1.5498	-0.4771	-0.2974	0.827	742	744	442	2	2	0.01	0.05	0	0.01	0
0.0077	0.0448	-0.1601	0.9647	1.5889	0.3744	0.9016	0.2167	743	0	442	2	3	0.015	0.0833	0	0.0306	0
0.0241	0.199	-0.0269	1.1435	1.5679	-0.7815	-0.2786	0.5582	293	746	1038	2	1	0.004	0.175	0	0.0327	0
0.0241	0.2642	-0.1603	1.0623	1.7049	-0.8228	-0.1604	0.5453	745	747	1038	2	2	0.003	0.0588	0	0.0808	0
0.013	0.0274	-0.3899	0.9791	1.8429	-0.8866	0.3157	-0.3381	746	748	1038	2	3	0.01	0.05	0	0.01	0
0.01	0.0955	-0.4142	0.9878	1.8336	-0.4686	0.862	-0.1935	747	0	1038	2	4	0.01	0.05	0	0.01	0
0.0199	0.2366	-0.0268	1.2115	1.482	-0.1464	0.5916	0.7928	294	750	840	2	1	0.0076	0.0833	0	0.025	0
0.0151	0.0065	-0.0592	1.3273	1.673	0.0172	0.1402	0.99	749	751	840	2	2	0.0108	0.125	0	0.01	0
0.0125	0.0508	-0.0609	1.3211	1.683	-0.2489	0.4822	0.84	750	752	840	2	3	0.01	0.05	0	0.01	0
0.01	0.0693	-0.0735	1.3456	1.7256	0.331	0.8517	-0.4063	751	0	840	2	4	0.01	0.05	0	0.01	0
0.0208	0.0857	-0.1345	0.2694	1.547	0.2122	0.5083	0.8346	308	754	844	2	1	0.0031	0.175	1	0.0251	0
0.0206	0.138	-0.1163	0.313	1.6185	0.2157	0.6224	0.7524	753	755	844	2	2	0.0031	0.175	0	0.0251	0
0.0147	0.0032	-0.0947	0.4121	1.7114	0.171	0.6864	0.7068	754	756	844	2	3	0.01	0.05	0	0.01	0
0.0179	0.254	-0.0908	0.4215	1.7078	-0.1358	0.6634	0.7359	755	757	844	2	4	0.0114	0.0692	0	0.0453	0
0.0103	0.0443	-0.0912	0.6051	1.8695	0.1469	0.7486	0.6466	756	758	844	2	5	0.01	0.05	0	0.01	0
0.01	0.1301	-0.0847	0.6383	1.8981	-0.6239	0.7814	0.0141	757	759	844	2	6	0.01	0.05	0	0.01	0
0.0059	0.1676	-0.1659	0.74	1.9	-0.6727	0.2277	-0.704	758	0	844	2	7	0.01	0.05	0	0.01	0
0.01	0.2824	-0.0308	0.2062	1.4707	-0.8946	0.4094	-0.179	308	761	1039	2	1	0.01	0.05	0	0.01	0
0.01	0.1407	-0.2834	0.3218	1.4201	-0.8366	0.3304	0.437	760	762	1039	2	2	0.01	0.05	0	0.01	0
0.01	0.0699	-0.4012	0.3683	1.4816	-0.0287	-0.0957	0.995	761	0	1039	2	3	0.01	0.05	0	0.01	0
0.0275	0.0374	0.8764	0.8987	-0.2647	-0.4468	0.5688	0.6906	330	764	671	3	1	0.008	0.5417	1	0.0275	1
0.0275	0.0876	0.8597	0.9199	-0.2389	-0.6302	0.5365	-0.5613	763	765	671	3	2	0.008	0.5417	0	0.0275	1
0.0275	0.1032	0.8081	0.9724	-0.2696	-0.6755	-0.6614	0.3258	764	766	671	3	3	0.0043	0.3438	0	0.029	1
0.0275	0.0847	0.744	0.9177	-0.2306	-0.669	-0.0119	0.7431	765	767	671	3	4	0.0029	0.375	0	0.0292	1
0.0275	0.1487	0.6831	0.9033	-0.1725	-0.9555	0.247	0.1611	766	768	671	3	5	0.0041	0.275	0	0.0299	1
0.0275	0.1916	0.5452	0.9465	-0.1413	-0.9058	0.1277	0.404	767	769	671	3	6	0.014	0.1667	0	0.0276	1
0.0275	0.1191	0.4187	0.911	-0.0586	-0.6856	-0.4908	0.5376	768	770	671	3	7	0.0108	0.1167	0	0.01	1
0.0275	0.0384	0.4089	0.9755	-0.085	-0.7917	0.5871	0.169	769	0	671	3	8	0.0041	0.1	0	0.01	1
0.0319	0.1238	0.8261	0.7601	-0.2894	0.4658	-0.1029	0.8789	329	772	772	3	1	0.0053	0.2813	0	0.0336	1
0.0294	0.1257	0.8837	0.7471	-0.1803	0.7448	0.4253	0.5142	771	773	772	3	2	0.0024	0.225	0	0.0304	1
0.0259	0.123	0.9693	0.8143	-0.1044	0.9021	0.4031	0.1544	772	774	772	3	3	0.0066	0.15	0	0.0318	1
0.0114	0.0963	1.0728	0.8799	-0.0759	0.8986	0.1802	0.3999	773	775	772	3	4	0.01	0.05	0	0.01	1
0.0069	0.0659	1.1593	0.8973	-0.0374	0.7472	0.3189	0.5831	774	0	772	3	5	0.01	0.05	0	0.01	1
0.0099	0.0506	0.8889	1.2394	-0.2684	0.3345	0.2196	0.9165	333	777	930	3	1	0.0064	0.375	1	0.0231	1
0.0099	0.0805	0.9112	1.2449	-0.2289	-0.8228	-0.5276	-0.2113	776	778	930	3	2	0.0087	0.14	0	0.0231	1
0.0082	0.0281	0.8288	1.1964	-0.2694	0.5364	-0.8288	-0.1591	777	0	930	3	3	0.0113	0.1	0	0.0279	1
0.022	0.2127	1.2236	-0.0819	-0.6156	0.6139	-0.7219	-0.3193	350	780	779	3	1	0.0031	0.2083	0	0.0203	1
0.0324	0.1802	1.3528	-0.2322	-0.7035	0.7503	-0.6431	-0.153	779	781	779	3	2	0.0021	0.1786	0	0.0342	1
0.0139	0.0838	1.4978	-0.3321	-0.7566	0.8073	-0.5871	-0.06	780	782	779	3	3	0.01	0.05	0	0.01	1
0.01	0.052	1.4856	-0.3304	-0.7511	-0.3575	-0.6895	0.6299	781	0	779	3	4	0.01	0.05	0	0.01	1
0.0222	0.0593	1.5772	0.8132	0.0255	-0.7558	-0.6357	-0.1572	365	784	463	3	1	0.0025	0.4167	1	0.0222	1
0.0222	0.0595	1.5324	0.7755	0.0161	0.2493	-0.9448	0.2125	783	785	463	3	2	0.0025	0.4167	0	0.0222	1
0.0222	0.0852	1.5035	0.7951	0.0914	0.0498	-0.6193	0.7836	784	0	463	3	3	0.008	0.1429	0	0.0276	1
0.0134	0.0529	1.5584	0.9093	0.1658	-0.1855	-0.9454	0.2679	366	787	471	3	1	0.015	0.16	0	0.03	1
0.0112	0.0921	1.5237	0.8418	0.2034	-0.5471	0.8358	0.0456	786	788	471	3	2	0.01	0.05	0	0.01	1
0.01	0.1067	1.4733	0.9188	0.2076	-0.3748	0.848	0.3748	787	0	471	3	3	0.01	0.05	0	0.01	1
0.0068	0.1408	1.7663	0.9138	0.1607	-0.7231	0.0265	0.6902	370	790	1042	3	1	0.0235	0.1333	1	0.0659	1
0.0068	0.0888	1.7588	0.9373	0.2672	-0.2257	0.8702	0.4379	789	791	1042	3	2	0.0238	0.275	0	0.0659	1
0.0071	0.0521	1.7373	1.0109	0.3019	-0.9588	0.258	0.119	790	0	1042	3	3	0.01	0.05	0	0.01	1
0.0291	0.0914	1.751	0.9282	0.1291	0.96	0.0999	0.2615	368	793	681	3	1	0.0084	0.5	0	0.0291	1
0.0291	0.0515	1.8201	0.9773	0.1388	0.4633	0.4809	0.7444	792	0	681	3	2	0.01	0.16	0	0.01	1
0.0231	0.0324	1.4968	0.9318	-0.1835	0.4121	0.8892	-0.1986	377	795	782	3	1	0.01	0.05	1	0.01	1
0.023	0.0518	1.5132	0.9542	-0.2095	0.9316	0.3623	0.0311	794	796	782	3	2	0.0001	0.075	0	0.01	1
0.0288	0.2181	1.6136	0.9785	-0.189	0.3377	-0.5312	-0.7771	795	797	782	3	3	0.013	0.0833	0	0.0427	1
0.0241	0.0648	1.72	0.8666	-0.2973	0.5223	0.7857	-0.3317	796	798	782	3	4	0.0145	0.16	0	0.0706	1
0.0119	0.0111	1.7654	0.8935	-0.303	0.7166	0.589	0.3736	797	799	782	3	5	0.01	0.05	0	0.01	1
0.01	0.0518	1.7729	0.905	-0.3049	-0.9346	0.2422	0.2604	798	800	782	3	6	0.01	0.05	0	0.01	1
0.0059	0.0111	1.733	0.9142	-0.2923	0.1396	0.5741	-0.8068	799	0	782	3	7	0.01	0.05	0	0.01	1
0.01	0.1135	-0.3771	-1.8476	-0.986	-0.8859	-0.212	-0.4126	407	802	164	3	1	0.01	0.05	1	0.01	1
0.01	0.1208	-0.4776	-1.8716	-1.0328	-0.3793	-0.7991	-0.4664	801	803	164	3	2	0.01	0.05	0	0.01	1
0.01	0.0808	-0.5124	-1.9837	-1.0924	-0.7153	-0.3862	-0.5824	802	0	164	3	3	0.01	0.05	0	0.01	1
0.0105	0.0838	-0.3045	-0.8215	0.4119	-0.3504	0.8521	0.3889	420	805	487	3	1	0.0096	0.26	0	0.0298	1
0.01	0.1292	-0.3112	-0.736	0.4563	-0.5068	0.8606	-0.0502	804	0	487	3	2	0.01	0.05	0	0.01	1
0.023	0.1406	-0.2344	-0.9796	0.4299	-0.2433	0.6528	0.7174	423	807	1047	3	1	0.0039	0.375	1	0.0263	1
0.0216	0.0956	-0.2687	-0.8878	0.5308	0.5571	-0.5442	-0.6273	806	808	1047	3	2	0.0039	0.375	0	0.0263	1
0.0189	0.1071	-0.2018	-0.938	0.4658	0.3549	-0.5253	0.7733	807	809	1047	3	3	0.0033	0.375	0	0.0219	1
0.01	0.0221	-0.1658	-0.9936	0.5472	0.1804	-0.7714	-0.6102	808	810	1047	3	4	0.01	0.05	0	0.01	1
0.0064	0.0669	-0.1619	-1.0107	0.5336	-0.0723	-0.7925	-0.6056	809	0	1047	3	5	0.01	0.05	0	0.01	1
0.0138	0.0882	-0.1301	-1.1291	0.5724	0.8528	0.3482	0.3893	427	812	938	3	1	0.0097	0.2	0	0.0258	1
0.0114	0.0759	-0.0683	-1.0881	0.6135	0.0241	0.5719	-0.82	811	813	938	3	2	0.01	0.05	0	0.01	1
0.01	0.0933	-0.0665	-1.0447	0.5513	0.0188	0.8471	0.5311	812	0	938	3	3	0.01	0.05	0	0.01	1
0.0255	0.0344	-0.0972	-1.2527	0.5622	0.7326	0.2406	0.6367	430	815	974	3	1	0.0059	0.2292	1	0.0295	1
0.0245	0.1684	-0.072	-1.2444	0.5841	-0.0032	0.4336	0.9011	814	816	974	3	2	0.0059	0.2292	0	0.0295	1
0.0205	0.142	-0.0857	-1.1623	0.7359	0.3855	0.5505	0.7405	815	817	974	3	3	0.0081	0.1571	0	0.0307	1
0.01	0.0236	-0.0307	-1.0793	0.8384	0.7941	0.2573	0.5506	816	818	974	3	4	0.01	0.05	0	0.01	1
0.0062	0.0437	-0.008	-1.082	0.8533	-0.3313	0.0518	0.9421	817	0	974	3	5	0.01	0.05	0	0.01	1
0.0203	0.0614	-0.0908	-1.5553	0.6565	0.4976	-0.4754	0.7255	437	820	1015	3	1	0.0101	0.25	1	0.0319	1
0.0203	0.166	-0.0399	-1.5941	0.6788	0.301	-0.744	0.5965	819	821	1015	3	2	0.0049	0.0778	0	0.0319	1
0.0125	0.1301	0.0114	-1.7064	0.7474	0.2358	-0.9147	-0.3283	820	822	1015	3	3	0.01	0.05	0	0.01	1
0.01	0.0631	0.0355	-1.6976	0.7618	-0.9308	0.108	-0.3491	821	0	1015	3	4	0.01	0.05	0	0.01	1
0.0141	0.3524	-0.7198	-1.0056	-0.2464	0.6444	-0.7643	-0.0242	460	824	500	3	1	0.005	0.2564	0	0.0591	1
0.0069	0.089	-0.4969	-1.2825	-0.2556	0.6643	-0.3086	-0.6808	823	0	500	3	2	0.0059	0.1667	0	0.0291	1
0.0222	0.1712	-0.7172	-1.3557	-0.2985	-0.7781	-0.579	-0.2436	464	0	505	3	1	0.0069	0.4375	0	0.0222	1
0.0293	0.1308	-0.7611	-2.0029	-0.2657	-0.6108	-0.7917	-0.0096	471	827	512	3	1	0.0073	0.35	0	0.0292	1
0.027	0.0584	-0.8021	-2.13	-0.2931	-0.2195	-0.8644	0.4523	826	828	512	3	2	0.0046	0.375	0	0.0305	1
0.0204	0.1586	-0.809	-2.1798	-0.2678	0.1992	-0.7566	0.6228	827	829	512	3	3	0.0121	0.1375	0	0.0331	1
0.01	0.083	-0.7738	-2.3137	-0.1826	0.0789	-0.6834	0.7258	828	0	512	3	4	0.01	0.05	0	0.01	1
0.0205	0.0878	-0.8341	-2.5406	-0.4834	-0.6691	-0.1958	0.7169	477	831	862	3	1	0.0064	0.4167	0	0.0205	1
0.0213	0.0957	-0.9067	-2.5629	-0.4144	0.4554	-0.2113	0.8649	830	832	862	3	2	0.0032	0.4583	0	0.0244	1
0.0205	0.0033	-0.8535	-2.5853	-0.3453	0.7529	-0.3115	0.5798	831	833	862	3	3	0.0079	0.12	0	0.01	1
0.0205	0.0823	-0.8536	-2.5861	-0.3405	0.7308	0.2192	0.6465	832	834	862	3	4	0.0051	0.1	0	0.01	1
0.0205	0.0368	-0.7828	-2.5885	-0.2891	0.6829	0.2998	0.6662	833	0	862	3	5	0.0044	0.075	0	0.01	1
0.0313	0.0552	-0.3805	-0.8727	-0.0159	0.1031	-0.1416	-0.9845	480	836	515	3	1	0.0058	0.4583	1	0.0313	1
0.0313	0.0875	-0.3749	-0.8805	-0.0702	-0.266	-0.8874	0.3765	835	837	515	3	2	0.0058	0.4583	0	0.0313	1
0.0313	0.1025	-0.4033	-0.9843	-0.0539	0.7687	-0.4447	0.4597	836	0	515	3	3	0.0065	0.12	0	0.01	1
0.01	0.1224	-0.5186	-0.9727	-0.0749	0.9235	-0.1427	-0.356	483	839	516	3	1	0.01	0.05	1	0.01	1
0.01	0.0682	-0.4055	-0.9901	-0.1185	0.5179	-0.8361	-0.181	838	840	516	3	2	0.01	0.05	0	0.01	1
0.01	0.095	-0.3702	-1.0472	-0.1308	-0.6499	-0.5601	-0.5137	839	0	516	3	3	0.01	0.05	0	0.01	1
0.0312	0.291	-0.5613	-0.7618	0.1566	-0.4365	-0.2045	-0.8761	488	842	209	3	1	0.0037	0.6667	1	0.0312	1
0.0312	0.0873	-0.6883	-0.8213	-0.0983	-0.5362	-0.4644	-0.7049	841	843	209	3	2	0.0037	0.6667	0	0.0312	1
0.0312	0.0959	-0.7344	-0.8627	-0.159	-0.1573	-0.7362	-0.6583	842	0	209	3	3	0.0032	0.2813	0	0.0282	1
0.0283	0.1008	-0.7159	-0.7332	0.1029	0.3018	0.771	-0.5607	488	845	210	3	1	0.0082	0.375	1	0.0271	1
0.0279	0.2332	-0.6854	-0.6554	0.0464	-0.4267	-0.5541	-0.7148	844	846	210	3	2	0.0082	0.375	0	0.0271	1
0.0291	0.1308	-0.7831	-0.7889	-0.11	-0.7794	-0.6165	-0.1117	845	847	210	3	3	0.0078	0.0636	0	0.0343	1
0.0421	0.0367	-0.8473	-0.7652	-0.0539	-0.3257	-0.4465	0.8334	846	0	210	3	4	0.0047	0.1111	0	0.0831	1
0.0379	0.1339	-0.755	-0.8095	0.0917	0.4353	-0.8305	-0.3476	488	849	211	3	1	0.0076	0.3542	1	0.0379	1
0.0377	0.1708	-0.6967	-0.9207	0.0452	0.5419	-0.5827	-0.6057	848	850	211	3	2	0.0076	0.3542	0	0.0379	1
0.0244	0.1491	-0.6313	-1.0133	-0.073	0.4792	0.0071	-0.8777	849	851	211	3	3	0.0105	0.3594	0	0.0244	1
0.0239	0.0406	-0.595	-1.05	-0.0673	0.7778	-0.628	0.0266	850	852	211	3	4	0.0217	0.18	0	0.1378	1
0.01	0.0646	-0.5762	-1.0952	-0.0953	0.8042	-0.5923	0.0494	851	0	211	3	5	0.01	0.05	0	0.01	1
0.0283	0.0741	-0.9133	-0.8193	0.0628	0.2303	-0.5142	-0.8262	490	854	218	3	1	0.0069	0.325	1	0.0281	1
0.0282	0.1331	-0.8962	-0.8574	0.0016	-0.3408	-0.4113	0.8454	853	855	218	3	2	0.0069	0.325	0	0.0281	1
0.0286	0.0472	-0.94	-0.8993	0.1064	0.6417	0.3365	0.6892	854	0	218	3	3	0.0052	0.25	0	0.0294	1
0.0315	0.1464	-0.9222	-0.8378	0.0649	-0.8073	-0.5837	-0.0865	489	857	220	3	1	0.0085	0.5833	0	0.0315	1
0.0328	0.0828	-1.0412	-0.924	0.0325	-0.797	-0.6013	0.0572	856	858	220	3	2	0.0037	0.6667	0	0.0328	1
0.0338	0.0857	-1.102	-0.9786	0.0381	-0.6816	-0.7174	0.1441	857	859	220	3	3	0.0045	0.7083	0	0.0338	1
0.0345	0.0858	-1.1602	-1.0402	0.0518	-0.6707	-0.7417	-0.0005	858	860	220	3	4	0.0051	0.7917	0	0.0345	1
0.035	0.0813	-1.2172	-1.1058	0.0475	-0.5703	-0.7747	0.2731	859	861	220	3	5	0.0047	0.8333	0	0.035	1
0.038	0.0711	-1.2586	-1.178	0.0574	-0.7729	-0.6173	0.1469	860	862	220	3	6	0.0054	0.75	0	0.038	1
0.0381	0.0703	-1.3047	-1.2337	0.0741	-0.7353	-0.6512	-0.1878	861	863	220	3	7	0.005	0.7083	0	0.0381	1
0.0359	0.0895	-1.3535	-1.2853	0.0628	-0.8818	-0.4636	-0.0864	862	864	220	3	8	0.0054	0.6667	0	0.0359	1
0.0363	0.077	-1.4289	-1.3369	0.0578	-0.881	-0.1892	0.4336	863	865	220	3	9	0.0049	0.6667	0	0.0363	1
0.0395	0.0746	-1.5456	-1.3583	0.0643	-0.1752	-0.8303	0.529	864	866	220	3	10	0.0042	0.4074	0	0.0427	1
0.0262	0.0761	-1.5605	-1.4438	0.06	-0.9641	-0.2149	0.1561	865	867	220	3	11	0.0072	0.3	0	0.0205	1
0.0364	0.092	-1.6521	-1.431	0.1073	-0.8771	-0.4771	-0.0562	866	868	220	3	12	0.0021	0.3333	0	0.0386	1
0.0252	0.1321	-1.7292	-1.4838	0.0931	-0.7422	-0.5981	0.3024	867	869	220	3	13	0.0023	0.4063	0	0.0249	1
0.0327	0.1212	-1.8253	-1.5597	0.1392	-0.6152	-0.6076	0.5024	868	870	220	3	14	0.0021	0.325	0	0.0327	1
0.0291	0.087	-1.8924	-1.6382	0.2109	-0.8168	-0.4545	0.3553	869	871	220	3	15	0.0034	0.2917	0	0.0291	1
0.0316	0.0731	-1.9664	-1.6968	0.2254	-0.6153	-0.4573	0.642	870	872	220	3	16	0.0146	0.1667	0	0.0346	1
0.029	0.1278	-1.9939	-1.7126	0.3156	-0.6807	-0.5407	0.4942	871	873	220	3	17	0.0163	0.2111	0	0.0297	1
0.0249	0.0873	-2.0448	-1.7794	0.3857	-0.1516	-0.3623	0.9197	872	874	220	3	18	0.01	0.05	0	0.01	1
0.0249	0.0771	-2.0927	-1.7948	0.3629	0.6158	0.7834	-0.0838	873	0	220	3	19	0.0054	0.15	0	0.01	1
0.0285	0.1707	-1.6388	-0.7535	0.2096	-0.302	-0.5349	0.7891	497	876	225	3	1	0.0073	0.3125	0	0.0285	1
0.0278	0.0547	-1.7002	-0.8436	0.3237	-0.5924	-0.7709	0.2341	875	877	225	3	2	0.0032	0.3333	0	0.0278	1
0.0333	0.102	-1.7269	-0.8879	0.3444	-0.627	-0.7383	0.2485	876	878	225	3	3	0.0089	0.1636	0	0.0499	1
0.0307	0.1257	-1.7887	-0.9493	0.4128	-0.8055	-0.551	0.2181	877	879	225	3	4	0.002	0.25	0	0.0307	1
0.0231	0.0963	-1.8827	-1.0273	0.429	-0.7742	-0.6329	-0.0119	878	880	225	3	5	0.003	0.14	0	0.01	1
0.0246	0.0736	-1.8597	-1.0436	0.4575	-0.4539	0.5029	0.7356	879	881	225	3	6	0.0032	0.3333	0	0.0246	1
0.0302	0.1254	-1.8887	-1.0063	0.52	-0.8036	-0.4089	0.4325	880	882	225	3	7	0.0092	0.1143	0	0.0478	1
0.0202	0.0543	-1.9628	-1.0863	0.5293	-0.7387	-0.6739	-0.0076	881	883	225	3	8	0.0173	0.2656	0	0.0184	1
0.0283	0.1016	-2.0204	-1.0924	0.5669	-0.3289	-0.8046	0.4943	882	884	225	3	9	0.011	0.22	0	0.0477	1
0.0228	0.1151	-2.0558	-1.1606	0.6203	-0.4088	-0.2602	0.8747	883	885	225	3	10	0.01	0.2273	0	0.0243	1
0.0155	0.0608	-2.1251	-1.1729	0.714	-0.3491	-0.0741	0.9341	884	886	225	3	11	0.0099	0.2625	0	0.0155	1
0.0184	0.0901	-2.1475	-1.1973	0.7647	-0.7431	-0.1554	0.6509	885	887	225	3	12	0.0077	0.0444	0	0.0309	1
0.0085	0.0214	-2.1989	-1.2285	0.8181	-0.575	-0.6652	0.4763	886	0	225	3	13	0.01	0.05	0	0.01	1
0.0185	0.0921	-1.8487	-0.7877	0.2495	-0.7995	-0.5488	-0.2441	499	889	233	3	1	0.0059	0.4167	1	0.0185	1
0.0185	0.0855	-1.9224	-0.8382	0.2271	-0.8883	-0.0853	-0.4513	888	890	233	3	2	0.0059	0.4167	0	0.0185	1
0.0202	0.089	-2.0057	-0.8522	0.1847	-0.5637	0.1672	0.8089	889	891	233	3	3	0.0022	0.5417	0	0.0202	1
0.0286	0.1201	-2.0639	-0.8542	0.2797	-0.9179	-0.0886	-0.3867	890	892	233	3	4	0.005	0.2429	0	0.0343	1
0.0245	0.0999	-2.1729	-0.8528	0.2385	-0.9946	0.0718	0.075	891	893	233	3	5	0.0031	0.3125	0	0.0263	1
0.021	0.0534	-2.2709	-0.8507	0.243	-0.9297	-0.3388	0.1442	892	894	233	3	6	0.0024	0.375	0	0.021	1
0.0216	0.1024	-2.3239	-0.8554	0.2512	-0.5789	-0.1807	0.7951	893	895	233	3	7	0.0022	0.25	0	0.0216	1
0.0225	0.1395	-2.3855	-0.9156	0.3419	-0.9688	0.1043	0.2247	894	896	233	3	8	0.0025	0.175	0	0.0253	1
0.0185	0.0506	-2.5201	-0.9029	0.3795	-0.9202	-0.39	-0.033	895	897	233	3	9	0.0056	0.14	0	0.01	1
0.0185	0.0571	-2.5677	-0.9111	0.3839	-0.9833	-0.148	0.1057	896	0	233	3	10	0.0021	0.125	0	0.01	1
0.01	0.0504	-2.2556	-0.5121	0.5689	0.842	0.3893	0.3735	506	899	562	3	1	0.01	0.05	1	0.01	1
0.01	0.1021	-2.2132	-0.4925	0.5878	0.8311	-0.2395	0.502	898	0	562	3	2	0.01	0.05	0	0.01	1
0.0179	0.0305	-0.3766	-1.9896	0.5433	-0.1878	-0.5246	0.8304	517	901	798	3	1	0.0055	0.3125	1	0.0179	1
0.0164	0.1152	-0.3823	-2.0056	0.5686	-0.4015	-0.8913	0.2106	900	902	798	3	2	0.0055	0.3125	0	0.0179	1
0.0194	0.0691	-0.4395	-2.0989	0.5728	-0.6865	-0.7262	0.036	901	903	798	3	3	0.0094	0.25	0	0.0305	1
0.01	0.0493	-0.4953	-2.1425	0.5679	-0.1918	-0.834	-0.5174	902	0	798	3	4	0.01	0.05	0	0.01	1
0.044	0.147	0.7806	-0.3945	0.5637	0.174	-0.8292	-0.5311	573	905	574	3	1	0.0052	0.2308	1	0.062	0
0.042	0.124	0.811	-0.509	0.464	0.8979	-0.437	0.0528	904	906	574	3	2	0.0118	0.1837	0	0.062	0
0.0349	0.153	0.9226	-0.5587	0.4715	0.1621	-0.2244	0.9609	905	907	574	3	3	0.0092	0.0496	0	0.045	0
0.0161	0.0213	0.9372	-0.6011	0.5555	0.6699	-0.7424	-0.0128	906	908	574	3	4	0.0029	0.14	0	0.01	0
0.0106	0.0603	0.9507	-0.6174	0.5544	-0.5363	-0.354	0.7662	907	909	574	3	5	0.01	0.05	0	0.01	0
0.0067	0.0625	0.9183	-0.6387	0.6006	-0.6313	-0.6847	-0.3642	908	0	574	3	6	0.01	0.05	0	0.01	0
0.0397	0.1158	0.7542	-0.3966	0.5805	0.4926	-0.7045	0.511	573	911	577	3	1	0.0059	0.3125	0	0.0375	0
0.0397	0.1673	0.8145	-0.427	0.6595	0.7719	-0.2721	0.5746	910	912	577	3	2	0.0061	0.4074	0	0.0397	1
0.0397	0.0735	0.9241	-0.4519	0.7678	0.2998	-0.2574	0.9186	911	913	577	3	3	0.0046	0.3333	0	0.036	1
0.0397	0.0124	0.9203	-0.4726	0.8147	-0.5582	-0.3911	0.7318	912	914	577	3	4	0.0097	0.3571	0	0.0252	1
0.0431	0.0675	0.9248	-0.5126	0.8153	0.954	0.2942	0.0583	913	915	577	3	5	0.0095	0.2679	0	0.0508	1
0.0397	0.124	0.9928	-0.5247	0.8497	0.9283	0.3063	0.2106	914	916	577	3	6	0.0092	0.2111	0	0.0305	1
0.0397	0.217	1.1168	-0.4555	0.8603	0.1786	0.396	0.9007	915	917	577	3	7	0.0041	0.125	0	0.0373	1
0.0413	0.2526	1.2528	-0.4036	1.0963	-0.23	0.399	0.8876	916	918	577	3	8	0.0248	0.1282	0	0.2139	1
0.0409	0.1913	1.2219	-0.3027	1.2833	0.7589	-0.3419	0.5542	917	0	577	3	9	0.016	0.0879	0	0.2065	1
0.0182	0.1405	1.0947	-0.4726	0.5249	0.8671	-0.4502	0.2131	577	920	585	3	1	0.0032	0.225	0	0.018	0
0.0189	0.1344	1.214	-0.5305	0.5691	0.9175	-0.2924	0.2695	919	921	585	3	2	0.0023	0.2	0	0.0189	0
0.024	0.1759	1.351	-0.6118	0.5709	0.9188	-0.0238	0.3939	920	922	585	3	3	0.0157	0.1375	0	0.0518	0
0.013	0.0953	1.5046	-0.6328	0.6047	0.9797	-0.1045	-0.1711	921	923	585	3	4	0.01	0.05	0	0.01	0
0.0103	0.1162	1.5761	-0.588	0.588	0.9107	0.3636	-0.1958	922	924	585	3	5	0.01	0.05	0	0.01	0
0.0076	0.0723	1.628	-0.6325	0.6028	0.867	-0.478	0.1408	923	0	585	3	6	0.01	0.05	0	0.01	0
0.0225	0.0937	1.3875	-0.4468	0.6016	0.2987	0.2546	0.9198	580	926	586	3	1	0.0065	0.275	0	0.0225	0
0.0234	0.0881	1.4138	-0.4521	0.6745	0.5982	-0.3615	0.7152	925	927	586	3	2	0.0078	0.25	0	0.0291	0
0.0226	0.1072	1.4593	-0.4647	0.7436	0.6683	0.0147	0.7438	926	928	586	3	3	0.0066	0.2	0	0.0278	0
0.0207	0.1269	1.5349	-0.4775	0.81	0.7007	-0.3721	0.6087	927	929	586	3	4	0.0057	0.1833	0	0.0442	0
0.0121	0.0061	1.6162	-0.5381	0.8836	0.7504	-0.5315	0.393	928	930	586	3	5	0.01	0.05	0	0.01	0
0.01	0.0866	1.6208	-0.5414	0.886	0.7451	-0.5756	0.3369	929	931	586	3	6	0.01	0.05	0	0.01	0
0.0084	0.0539	1.6853	-0.5912	0.9151	0.5754	-0.3805	0.7239	930	932	586	3	7	0.01	0.05	0	0.01	0
0.005	0.0561	1.7147	-0.6063	0.9656	0.8323	-0.4444	0.3313	931	0	586	3	8	0.01	0.05	0	0.01	0
0.01	0.218	1.1657	-1.174	0.436	0.3359	-0.1356	0.9321	612	934	595	3	1	0.01	0.05	1	0.01	0
0.01	0.0978	1.2389	-1.2035	0.6391	0.5361	0.0391	0.8432	933	935	595	3	2	0.01	0.05	0	0.01	0
0.01	0.1073	1.2913	-1.1997	0.7216	0.3918	-0.1708	0.9041	934	0	595	3	3	0.01	0.05	0	0.01	0
0.0238	0.138	1.1283	-1.1629	0.4251	0.0487	-0.2292	0.9722	612	937	1056	3	1	0.0076	0.4375	0	0.0238	0
0.0238	0.0697	1.1509	-1.1841	0.5626	-0.4101	0.3531	0.8409	936	0	1056	3	2	0.01	0.05	0	0.01	0
0.0151	0.2836	-0.4046	0.9317	0.0264	0.8391	-0.4794	0.257	636	939	358	3	1	0.0003	0.0444	1	0.0363	0
0.0151	0.1215	-0.159	0.7985	0.0907	0.2091	0.8629	0.46	938	940	358	3	2	0.02	0.25	0	0.0363	0
0.01	0.0528	-0.149	0.9018	0.1495	-0.0164	0.9131	0.4075	939	0	358	3	3	0.01	0.05	0	0.01	0
0.0303	0.091	-0.3937	1.0613	-0.0054	0.9637	-0.266	0.0243	638	942	371	3	1	0.0112	0.25	1	0.0303	0
0.0303	0.1765	-0.306	1.0371	-0.0032	0.4424	-0.2141	0.8709	941	943	371	3	2	0.0112	0.25	0	0.0303	0
0.0293	0.0854	-0.2256	0.999	0.1676	-0.12	-0.9928	0.0016	942	944	371	3	3	0.0029	0.4167	0	0.0293	0
0.0293	0.0257	-0.2037	0.9208	0.1365	-0.5448	-0.5062	-0.6686	943	945	371	3	4	0.0082	0.175	0	0.01	0
0.0293	0.0776	-0.2208	0.8996	0.1324	-0.867	0.4883	0.0997	944	0	371	3	5	0.0212	0.1	0	0.01	0
0.0346	0.0938	-0.4346	1.115	-0.0041	0.7018	0.6974	0.1452	638	947	378	3	1	0.0104	0.375	1	0.0346	0
0.0346	0.1143	-0.3687	1.1805	0.0095	-0.4465	0.2324	-0.8641	946	0	378	3	2	0.0104	0.375	0	0.0346	0
0.0164	0.1484	-0.4013	1.0106	0.0235	0.199	0.7371	0.6458	636	949	382	3	1	0.0044	0.1875	1	0.0164	0
0.0164	0.0989	-0.3718	1.12	0.1194	0.2704	0.8551	0.4423	948	0	382	3	2	0.0044	0.1875	0	0.0164	0
0.0226	0.426	-0.4921	1.0506	0.1016	0.5037	0.8541	0.1295	639	951	387	3	1	0.014	0.17	0	0.0295	0
0.0164	0.0826	-0.2839	1.4291	0.1708	0.8342	0.5253	-0.1677	950	952	387	3	2	0.01	0.05	0	0.01	0
0.0132	0.0794	-0.2205	1.4032	0.1295	0.9141	0.0843	-0.3967	951	953	387	3	3	0.01	0.05	0	0.01	0
0.01	0.1253	-0.2553	1.3389	0.1531	-0.532	0.845	0.0537	952	0	387	3	4	0.01	0.05	0	0.01	0
0.01	0.1442	-0.6151	1.2959	0.0729	0.8079	0.34	0.4814	640	955	393	3	1	0.01	0.05	1	0.01	0
0.01	0.04	-0.4986	1.345	0.1423	0.9019	0.4162	0.1156	954	956	393	3	2	0.01	0.05	0	0.01	0
0.01	0.066	-0.4625	1.3616	0.147	-0.1384	0.9845	0.1077	955	0	393	3	3	0.01	0.05	0	0.01	0
0.0188	0.1666	-0.8	1.3485	0.0535	-0.9376	-0.06	-0.3424	643	958	398	3	1	0.0042	0.1875	0	0.0219	0
0.0136	0.1132	-0.9407	1.3519	-0.0112	-0.689	0.7058	-0.165	957	959	398	3	2	0.01	0.05	0	0.01	0
0.01	0.0953	-1.0187	1.4318	-0.0299	-0.9459	0.3071	0.1044	958	0	398	3	3	0.01	0.05	0	0.01	0
0.0375	0.3641	-0.7648	1.3679	0.0353	0.2389	0.9304	0.2782	642	961	1059	3	1	0.0247	0.496	0	0.0564	0
0.0377	0.0918	-0.6976	1.7066	0.1187	-0.2438	0.9329	0.265	960	962	1059	3	2	0.0172	0.5	0	0.0475	0
0.037	0.1043	-0.712	1.7784	0.1584	0.0951	0.7619	0.6407	961	963	1059	3	3	0.0058	0.5313	0	0.037	0
0.0328	0.0792	-0.7012	1.8768	0.2091	0.2593	0.6171	0.7429	962	964	1059	3	4	0.0049	0.75	0	0.0328	0
0.03	0.0922	-0.6851	1.9334	0.2522	-0.0186	0.8955	0.4446	963	965	1059	3	5	0.0049	0.5417	0	0.03	0
0.0365	0.0646	-0.687	2.0292	0.2788	-0.1403	0.7307	0.6681	964	966	1059	3	6	0.008	0.1833	0	0.0531	0
0.03	0.1806	-0.6529	2.0558	0.3425	0.0632	0.7665	0.6392	965	967	1059	3	7	0.0085	0.1556	0	0.0175	0
0.03	0.011	-0.6544	2.2084	0.4324	0.3808	0.8762	0.2955	966	968	1059	3	8	0.01	0.05	0	0.01	0
0.0333	0.4121	-0.6251	2.2821	0.4525	-0.4281	-0.0696	0.9011	967	969	1059	3	9	0.0205	0.0606	0	0.3069	0
0.03	0.0953	-0.7707	2.2711	0.8385	-0.2831	-0.2713	0.9199	968	970	1059	3	10	0.0029	0.14	0	0.01	0
0.03	0.1005	-0.8038	2.3139	0.8874	-0.2794	0.4537	0.8462	969	0	1059	3	11	0.0081	0.3125	0	0.0276	0
0.0206	0.0511	-1.2433	1.9133	0.0685	0.1292	0.2328	0.9639	650	972	648	3	1	0.006	0.375	1	0.0315	1
0.0204	0.056	-1.2367	1.9337	0.1066	-0.9691	-0.1999	-0.1447	971	973	648	3	2	0.0075	0.2	0	0.0315	1
0.0192	0.1429	-1.2677	1.9272	0.1214	-0.5927	0.655	0.4687	972	974	648	3	3	0.0148	0.1714	0	0.0419	1
0.0117	0.0336	-1.3319	2.0044	0.2034	-0.5328	0.1056	0.8397	973	975	648	3	4	0.01	0.05	0	0.01	1
0.01	0.0805	-1.3499	2.008	0.2316	-0.4699	0.3706	0.8012	974	976	648	3	5	0.01	0.05	0	0.01	1
0.0066	0.1175	-1.3877	2.0378	0.2961	-0.3748	0.4127	0.8302	975	0	648	3	6	0.01	0.05	0	0.01	1
0.0312	0.1181	0.9053	0.6641	0.4169	0.3766	0.8409	0.3887	662	978	1061	3	1	0.0098	0.1714	0	0.0417	0
0.031	0.1415	0.9678	0.7877	0.3954	0.338	-0.9104	-0.2386	977	979	1061	3	2	0.0173	0.1857	0	0.0493	0
0.0296	0.1461	1	0.6771	0.3276	0.5482	-0.6056	-0.5768	978	980	1061	3	3	0.0033	0.0818	0	0.0591	0
0.0205	0.0558	1.0922	0.6352	0.2707	0.8977	0.0269	-0.4399	979	981	1061	3	4	0.0069	0.15	0	0.01	0
0.0237	0.0961	1.1336	0.6255	0.2939	0.9839	-0.006	0.1784	980	982	1061	3	5	0.0028	0.1875	0	0.0237	0
0.0202	0.2204	1.2392	0.6325	0.2977	0.5086	0.4954	0.7042	981	983	1061	3	6	0.006	0.05	0	0.0408	0
0.01	0.1195	1.3543	0.6899	0.4679	0.4037	0.2758	0.8723	982	984	1061	3	7	0.01	0.05	0	0.01	0
0.0062	0.0338	1.2928	0.7239	0.4442	-0.5138	0.7328	0.4462	983	0	1061	3	8	0.01	0.05	0	0.01	0
0.0104	0.0764	1.1141	0.5302	0.5281	-0.514	-0.6844	-0.5172	666	986	831	3	1	0.0285	0.15	0	0.0432	0
0.0086	0.139	1.0995	0.4833	0.5009	0.4691	-0.532	-0.7049	985	987	831	3	2	0.0165	0.1667	0	0.0315	0
0.0087	0.076	1.1454	0.3873	0.3984	-0.5765	0.6156	-0.5374	986	0	831	3	3	0.01	0.05	0	0.01	0
0.023	0.0533	0.9428	0.5989	0.4761	0.5833	0.0436	0.8111	663	989	885	3	1	0.0062	0.3125	1	0.0241	0
0.0208	0.1007	0.9739	0.6012	0.5194	0.8928	0.1838	0.4112	988	990	885	3	2	0.0062	0.3125	0	0.0241	0
0.0138	0.0663	1.0699	0.5984	0.5693	-0.2434	0.2973	0.9232	989	991	885	3	3	0.01	0.05	0	0.01	0
0.01	0.1158	1.0538	0.6181	0.6304	-0.4994	0.8469	-0.1827	990	0	885	3	4	0.01	0.05	0	0.01	0
0.0054	0.1411	1.7163	0.9772	0.8576	-0.9628	-0.2605	-0.0722	690	993	1003	3	1	0.0041	0.1875	0	0.0253	0
0.0065	0.0486	1.5953	0.9524	0.8448	-0.0814	-0.1146	-0.9901	992	994	1003	3	2	0.01	0.05	0	0.01	0
0.0058	0.0504	1.5913	0.9468	0.7966	0.0251	0.2009	-0.9793	993	0	1003	3	3	0.01	0.05	0	0.01	0
0.0094	0.1583	0.2035	0.319	0.008	0.5576	0.2082	0.8036	0	0	1064	0	1	0.0418	0.2125	0	0.0462	0
0.0261	0.0917	0.864	0.9439	-0.2519	-0.2557	0.9301	0.2637	763	997	774	4	1	0.005	0.275	1	0.0367	1
0.0261	0.125	0.837	1.0266	-0.2393	-0.6215	0.7833	0.0123	996	998	774	4	2	0.0069	0.1143	0	0.0367	1
0.0261	0.1139	0.7744	1.1692	-0.2724	-0.6878	0.576	0.4418	997	999	774	4	3	0.0091	0.15	0	0.0359	1
0.01	0.0665	0.6991	1.219	-0.2121	-0.6664	0.3	0.6826	998	0	774	4	4	0.01	0.05	0	0.01	1
0.0106	0.0186	1.5102	0.8623	0.2158	0.2634	-0.4122	0.8722	787	1001	1076	4	1	0.0057	0.3333	1	0.0252	1
0.0106	0.0893	1.5106	0.8481	0.2341	-0.6564	0.212	-0.724	1000	1002	1076	4	2	0.0149	0.12	0	0.0252	1
0.0106	0.0403	1.4387	0.8757	0.1353	0.7384	0.6638	-0.1189	1001	1003	1076	4	3	0.0229	0.225	0	0.0377	1
0.0106	0.0994	1.4682	0.8978	0.1262	0.6775	0.4844	-0.5535	1002	0	1076	4	4	0.011	0.0625	0	0.0379	1
0.0247	0.168	-1.1139	-1.0046	0.0749	0.8228	0.4939	0.281	858	1005	539	4	1	0.0077	0.4583	0	0.0247	1
0.0247	0.071	-0.963	-0.9145	0.1427	-0.668	-0.4732	0.5744	1004	0	539	4	2	0.0065	0.175	0	0.01	1
0.0143	0.0958	-1.774	-0.977	0.4185	-0.6611	0.1197	-0.7407	878	1007	555	4	1	0.0103	0.22	0	0.0294	1
0.01	0.0723	-1.8277	-0.975	0.3211	-0.9436	-0.0396	-0.3287	1006	0	555	4	2	0.01	0.05	0	0.01	1
0.0268	0.1207	-1.7705	-0.9299	0.3261	-0.6834	-0.1092	-0.7219	877	1009	1087	4	1	0.0057	0.5	0	0.0266	1
0.0266	0.0691	-1.8554	-0.9396	0.2392	-0.8177	-0.5588	-0.1384	1008	1010	1087	4	2	0.0025	0.375	0	0.0251	1
0.0316	0.1241	-1.9246	-0.9635	0.2438	-0.8277	-0.5221	-0.2059	1009	1011	1087	4	3	0.0061	0.1667	0	0.0686	1
0.0266	0.201	-2.0284	-1.0299	0.2253	-0.7752	-0.5816	-0.2464	1010	0	1087	4	4	0.0036	0.05	0	0.01	1
0.0264	0.2019	-1.7387	-0.8737	0.3607	0.3013	-0.0046	0.9535	876	1013	695	4	1	0.0094	0.11	1	0.0848	1
0.0264	0.0873	-1.6773	-0.8467	0.4851	-0.5977	0.7439	0.2988	1012	1014	695	4	2	0.0151	0.1333	0	0.0848	1
0.0135	0.028	-1.7148	-0.762	0.4974	-0.1031	0.6186	0.7789	1013	1015	695	4	3	0.01	0.05	0	0.01	1
0.01	0.2261	-1.7177	-0.7447	0.5191	-0.898	0.0449	0.4378	1014	0	695	4	4	0.01	0.05	0	0.01	1
0.0117	0.1175	-1.8311	-0.9707	0.4034	-0.5263	-0.8309	-0.1805	878	1017	696	4	1	0.017	0.2167	0	0.034	1
0.0106	0.0223	-1.9047	-1.0491	0.4093	-0.9198	-0.3691	-0.1331	1016	1018	696	4	2	0.01	0.05	0	0.01	1
0.01	0.0452	-1.9285	-1.0628	0.4065	-0.1968	0.0875	-0.9765	1017	0	696	4	3	0.01	0.05	0	0.01	1
0.0104	0.0348	-1.9045	-1.0258	0.4865	-0.8758	-0.3259	-0.356	880	1020	805	4	1	0.0075	0.3125	1	0.0355	1
0.0104	0.1092	-1.9449	-1.0585	0.4741	0.6677	-0.3098	0.6769	1019	1021	805	4	2	0.0147	0.2167	0	0.0355	1
0.01	0.0966	-1.8936	-1.0856	0.5596	0.3223	0.9452	0.0523	1020	0	805	4	3	0.01	0.05	0	0.01	1
0.0287	0.1078	-1.9347	-1.0447	0.546	-0.5206	-0.5544	-0.6494	881	1023	871	4	1	0.0091	0.1	1	0.0406	1
0.0272	0.1072	-1.9524	-1.0761	0.4158	-0.8342	-0.0383	-0.5502	1022	1024	871	4	2	0.0128	0.2167	0	0.0406	1
0.016	0.1027	-2.0132	-1.0778	0.336	-0.557	-0.2415	-0.7946	1023	1025	871	4	3	0.0053	0.1	0	0.01	1
0.0103	0.0165	-2.0716	-1.1276	0.3139	-0.7213	-0.6332	-0.2807	1024	1026	871	4	4	0.01	0.05	0	0.01	1
0.0059	0.0442	-2.0835	-1.138	0.3093	-0.5217	0.6751	-0.5217	1025	0	871	4	5	0.01	0.05	0	0.01	1
0.0364	0.064	0.8709	-0.5078	0.4987	0.7219	0.2389	0.6494	905	1028	1090	4	1	0.0112	0.4063	1	0.0364	0
0.0364	0.106	0.9171	-0.4925	0.5403	-0.9075	-0.371	-0.197	1027	1029	1090	4	2	0.0112	0.4063	0	0.0364	0
0.0364	0.1093	0.8745	-0.532	0.5112	-0.0538	-0.9418	-0.3319	1028	0	1090	4	3	0.006	0.1042	0	0.01	0
0.0377	0.1805	0.8798	-0.4523	0.7583	-0.8043	0.1179	-0.5825	912	1031	704	4	1	0.0073	0.375	1	0.0377	1
0.0357	0.0756	0.7347	-0.431	0.6532	0.738	0.0571	0.6724	1030	1032	704	4	2	0.0073	0.375	0	0.0377	1
0.029	0.1097	0.7798	-0.4498	0.7432	0.8531	-0.5165	-0.0739	1031	1033	704	4	3	0.005	0.3	0	0.0309	1
0.0154	0.0534	0.8634	-0.5082	0.7256	0.5709	-0.6714	-0.4725	1032	1034	704	4	4	0.01	0.05	0	0.01	1
0.0208	0.0199	0.86	-0.4907	0.7199	-0.278	0.1685	-0.9457	1033	0	704	4	5	0.0095	0.0833	0	0.0311	1
0.0293	0.1257	0.8669	-0.483	0.7291	0.4002	-0.8692	0.2904	911	1036	707	4	1	0.0085	0.4167	0	0.0279	1
0.0377	0.0776	0.8886	-0.5919	0.7313	0.4181	-0.8349	-0.3579	1035	1037	707	4	2	0.0035	0.2963	0	0.0413	1
0.0279	0.0537	0.9381	-0.6192	0.6615	0.2921	-0.77	-0.5673	1036	1038	707	4	3	0.0034	0.15	0	0.01	1
0.0279	0.0703	0.9264	-0.6843	0.624	0.3615	-0.141	-0.9216	1037	0	707	4	4	0.005	0.12	0	0.01	1
0.01	0.1237	0.9213	-0.4227	0.7245	0.3599	0.9278	-0.0986	911	1040	710	4	1	0.01	0.05	1	0.01	1
0.01	0.104	0.9658	-0.308	0.7123	-0.7016	0.4331	0.5659	1039	0	710	4	2	0.01	0.05	0	0.01	1
0.0025	0.2126	1.2133	-0.4003	1.0846	-0.7256	-0.6601	0.1942	917	1042	715	4	1	0.0465	0.0643	0	0.2393	1
0.0058	0.1495	1.0417	-0.5521	1.1364	0.5743	-0.1214	0.8096	1041	1043	715	4	2	0.01	0.05	0	0.01	1
0.003	0.0378	1.1279	-0.5698	1.2571	-0.5567	0.69	0.4626	1042	0	715	4	3	0.0146	0.125	0	0.01	1
0.0409	0.1027	0.975	-0.525	0.8084	0.3946	-0.857	0.3314	914	1045	1091	4	1	0.0142	0.3205	0	0.0496	1
0.0379	0.1093	0.9784	-0.6176	0.8428	0.0564	-0.3821	0.9224	1044	1046	1091	4	2	0.0046	0.25	0	0.0379	1
0.0378	0.0925	0.9704	-0.7149	0.9341	0.4523	-0.2636	0.852	1045	1047	1091	4	3	0.0031	0.25	0	0.0386	1
0.0334	0.1825	0.9695	-0.7768	1.0402	0.736	-0.5257	0.4266	1046	1048	1091	4	4	0.018	0.1273	0	0.0552	1
0.0162	0.0293	1.07	-0.8752	1.0931	0.2562	-0.9331	-0.2524	1047	1049	1091	4	5	0.0029	0.0625	0	0.01	1
0.0096	0.1525	1.0682	-0.9029	1.098	0.5234	-0.7642	0.3769	1048	0	1091	4	6	0.01	0.05	0	0.01	1
0.0172	0.0652	1.0557	-0.3852	0.6156	-0.1678	-0.7584	0.6298	0	1051	726	0	1	0.0088	0.15	0	0.0362	0
0.0246	0.0974	1.1081	-0.412	0.6869	-0.4383	0.0255	0.8985	1050	1052	726	0	2	0.0089	0.2333	0	0.0325	0
0.01	0.0218	1.0709	-0.3886	0.7662	-0.9614	0.2715	0.044	1051	0	726	0	3	0.01	0.05	0	0.01	0
0.017	0.1127	-0.0118	0.7704	0.0903	-0.47	0.8237	0.3171	0	1054	1097	0	1	0.022	0.2	0	0.038	0
0.0218	0.0671	-0.0808	0.8673	0.0942	-0.2513	0.9367	0.2437	1053	1055	1097	0	2	0.0028	0.375	0	0.0244	0
0.0182	0.0412	-0.0942	0.9316	0.1091	-0.4518	0.852	-0.2644	1054	0	1097	0	3	0.0049	0.2917	0	0.02	0
0.0069	0.121	-0.3296	1.3604	0.1614	-0.1126	-0.9934	0.0237	950	1057	643	4	1	0.0141	0.1429	0	0.0304	0
0.0071	0.1312	-0.3401	1.2571	0.1591	0.8438	-0.29	-0.4516	1056	0	643	4	2	0.01	0.05	0	0.01	0
0.0244	0.2703	-0.6532	1.667	0.1444	0.7782	-0.5162	0.3576	960	1059	400	4	1	0.0036	0.3438	1	0.0239	0
0.0239	0.117	-0.4429	1.5275	0.241	0.3555	0.9347	0.0055	1058	1060	400	4	2	0.0036	0.3438	0	0.0239	0
0.0304	0.1269	-0.432	1.6386	0.2428	0.0559	0.9983	-0.0134	1059	1061	400	4	3	0.0044	0.225	0	0.0342	0
0.0223	0.0855	-0.4242	1.7534	0.2842	-0.2835	0.9232	0.2594	1060	1062	400	4	4	0.0028	0.3333	0	0.0223	0
0.0262	0.0943	-0.4285	1.838	0.3066	-0.234	0.8062	0.5434	1061	1063	400	4	5	0.0033	0.25	0	0.03	0
0.0243	0.0827	-0.4434	1.9203	0.3486	0.0806	0.7921	0.6051	1062	1064	400	4	6	0.0092	0.16	0	0.0295	0
0.0182	0.0675	-0.4169	1.995	0.3835	0.1357	0.757	0.6391	1063	1065	400	4	7	0.009	0.2656	0	0.0195	0
0.0175	0.0858	-0.4163	2.0535	0.4244	0.6521	0.7582	-0.0014	1064	1066	400	4	8	0.0079	0.2	0	0.0242	0
0.0093	0.0314	-0.3806	2.1225	0.4385	0.4266	0.8227	0.3758	1065	0	400	4	9	0.01	0.05	0	0.01	0
0.0089	0.1892	0.9755	0.6685	0.3134	-0.8386	-0.5111	0.1882	979	1068	1100	4	1	0.0287	0.1	1	0.0412	0
0.0089	0.1367	0.9133	0.5001	0.3244	-0.2088	0.054	-0.9765	1067	1069	1100	4	2	0.0283	0.1833	0	0.0412	0
0.009	0.035	0.8796	0.4931	0.1907	-0.9178	0.3304	-0.2203	1068	0	1100	4	3	0.01	0.05	0	0.01	0
0.007	0.1217	0.9841	0.7678	0.4201	0.4204	-0.3925	0.8181	978	1071	920	4	1	0.0102	0.1667	1	0.0544	0
0.007	0.1622	1.0339	0.6928	0.4862	0.2589	0.7439	-0.6162	1070	1072	920	4	2	0.0259	0.1222	0	0.0544	0
0.0077	0.1267	1.1008	0.8159	0.4324	-0.8182	0.3918	0.4207	1071	0	920	4	3	0.0199	0.0778	0	0.046	0
